Name;ISIN;Symbol;Market;Currency;"Open Price";"High Price";"low Price";"last Price";"last Trade MIC Time";"Time Zone";Volume;Turnover;"Closing Price";"Closing Price DateTime"
"European Equities"
"12 Feb 2026"
"All datapoints provided as of end of last active trading day."
"2020 BULKERS";BMG9156K1018;2020;"Oslo Børs";NOK;139,80;139,80;134,20;136,10;"11/02/2026 16:25";CET;347687;47364519,40;136,10;11/02/2026
2CRSI;FR0013341781;AL2SI;"Euronext Growth Paris";EUR;17,86;17,86;16,70;16,80;"11/02/2026 17:35";CET;446725;7640801,96;16,80;11/02/2026
"3D SYSTEMS CORP";US88554D2053;4DDD;EuroTLX;EUR;2,078;2,081;2,078;2,081;"28/01/2026 12:40";CET;1030;2143,34;1,851;11/02/2026
"3D SYSTEMS CORP";US88554D2053;1DDD;"Euronext Global Equity Market";EUR;1,852;1,852;1,8405;1,8405;"11/02/2026 17:35";CET;6601;12172,15;1,8405;11/02/2026
"3D SYSTEMS CORP";US88554D2053;2DDD;"Trading After Hours";EUR;1,8775;1,8775;1,8775;1,8775;"09/02/2026 18:04";CET;75;140,81;1,8405;11/02/2026
3M;US88579Y1010;4MMM;EuroTLX;EUR;141,94;141,94;141,94;141,94;"07/11/2025 09:25";CET;106;15045,64;146,16;11/02/2026
3M;US88579Y1010;1MMM;"Euronext Global Equity Market";EUR;144,90;145,90;144,90;145,90;"11/02/2026 14:03";CET;37;5368,30;146,14;11/02/2026
3M;US88579Y1010;2MMM;"Trading After Hours";EUR;137,82;137,82;137,82;137,82;"04/02/2026 18:44";CET;3;413,46;146,14;11/02/2026
"4AIM SICAF";IT0005204729;AIM;"Euronext Growth Milan";EUR;69,80;72,00;69,80;72,00;"22/01/2026 15:34";CET;36;2522,00;72,00;11/02/2026
"4AIM SICAF COMP 2";IT0005440323;AIM2;"Euronext Growth Milan";EUR;140,00;144,00;140,00;144,00;"11/02/2026 17:25";CET;6;856,00;144,00;11/02/2026
"5TH PLANET GAMES";DK0060945467;5PG;"Euronext Expand Oslo";NOK;1,025;1,075;0,99;1,075;"11/02/2026 16:19";CET;71409;73290,12;1,075;11/02/2026
74SOFTWARE;FR0011040500;74SW;"Euronext Paris";EUR;30,40;30,40;28,50;28,80;"11/02/2026 17:35";CET;5502;162553,90;28,80;11/02/2026
"A.B.P. NOCIVELLI";IT0005439861;ABP;"Euronext Growth Milan";EUR;6,90;6,95;6,85;6,95;"11/02/2026 17:28";CET;4500;31050,00;6,95;11/02/2026
A2A;IT0001233417;A2A;"Euronext Milan";EUR;2,555;2,618;2,546;2,617;"11/02/2026 17:37";CET;13903187;36107264,16;2,617;11/02/2026
A2A;IT0001233417;2A2A;"Trading After Hours";EUR;2,607;2,622;2,607;2,619;"11/02/2026 20:17";CET;35116;91884,42;2,617;11/02/2026
"AAK AB";SE0011337708;1AAK;"Euronext Global Equity Market";EUR;-;-;-;-;-;CET;-;-;-;-
"AALBERTS NV";NL0000852564;AALB;"Euronext Amsterdam";EUR;35,40;35,46;34,86;35,20;"11/02/2026 17:37";CET;192770;6778950,54;35,20;11/02/2026
"AALBERTS NV";NL0000852564;2AALB;"Trading After Hours";EUR;34,00;34,00;34,00;34,00;"25/03/2025 18:00";CET;1;34,00;35,20;11/02/2026
"AASEN SPAREBANK";NO0010672181;AASB;"Euronext Growth Oslo";NOK;144,96;144,96;138,50;138,50;"11/02/2026 16:17";CET;233;33220,78;138,50;11/02/2026
AATECH;IT0005548521;AAT;"Euronext Growth Milan";EUR;0,925;0,925;0,92;0,92;"10/02/2026 16:50";CET;16500;15187,50;0,92;11/02/2026
"AB INBEV";BE0974293251;ABI;"Euronext Brussels";EUR;63,30;64,88;63,14;64,86;"11/02/2026 17:37";CET;2447722;158121210,70;64,86;11/02/2026
"AB SCIENCE";FR0010557264;AB;"Euronext Paris";EUR;1,39;1,402;1,322;1,34;"11/02/2026 17:35";CET;333141;447597,19;1,34;11/02/2026
"AB SCIENCE BSA";FR001400ZRT0;ABBS;"Euronext Paris";EUR;-;-;-;-;-;CET;-;-;-;-
"AB SCIENCE BSA 25";FR00140118Z8;ABSBS;"Euronext Growth Paris";EUR;-;-;-;-;-;CET;-;-;-;-
"AB SCIENCE BSAAU25";FR0014011S49;ABBSA;"Euronext Growth Paris";EUR;-;-;-;-;-;CET;-;-;-;-
ABATTOIR;BE0946377455;-;"Euronext Expert Market";EUR;45,00;45,00;45,00;45,00;"22/10/2024 11:30";CET;30;1350,00;45,00;11/02/2026
"ABB Ltd";CH0012221716;1ABB;"Euronext Global Equity Market";EUR;75,22;77,10;75,22;76,12;"11/02/2026 17:11";CET;767;57890,86;75,74;11/02/2026
"Abbott LaB";US0028241000;1ABT;"Euronext Global Equity Market";EUR;95,15;95,15;95,15;95,15;"11/02/2026 16:13";CET;10;951,50;94,51;11/02/2026
ABBVIE;US00287Y1091;4ABBV;EuroTLX;EUR;182,00;182,00;182,00;182,00;"20/01/2026 09:52";CET;25;4550,00;187,00;11/02/2026
ABBVIE;US00287Y1091;1ABBV;"Euronext Global Equity Market";EUR;186,00;186,60;185,20;186,60;"11/02/2026 16:09";CET;21;3906,00;187,00;11/02/2026
ABBVIE;US00287Y1091;2ABBV;"Trading After Hours";EUR;184,80;184,80;184,80;184,80;"05/02/2026 18:32";CET;2;369,60;187,00;11/02/2026
"ABC ARBITRAGE";FR0004040608;ABCA;"Euronext Paris";EUR;5,57;5,57;5,47;5,47;"11/02/2026 17:35";CET;37343;205297,77;5,47;11/02/2026
"ABC COMPANY";IT0005466294;ABC;"Euronext Growth Milan";EUR;3,76;3,76;3,76;3,76;"02/01/2026 17:35";CET;9000;33840,00;3,76;11/02/2026
ABEO;FR0013185857;ABEO;"Euronext Paris";EUR;8,78;8,90;8,72;8,82;"11/02/2026 17:35";CET;11812;104491,58;8,82;11/02/2026
"ABERCROMBIE & FITC";US0028962076;1ANF;"Euronext Global Equity Market";EUR;78,22;78,22;78,22;78,22;"10/02/2026 10:07";CET;10;782,20;77,50;11/02/2026
"ABG SUNDAL COLLIER";NO0003021909;ABG;"Oslo Børs";NOK;8,40;8,40;8,10;8,10;"11/02/2026 16:25";CET;287874;2360871,73;8,10;11/02/2026
"ABIONYX PHARMA";FR0012616852;ABNX;"Euronext Paris";EUR;3,68;3,725;3,53;3,55;"11/02/2026 17:35";CET;147594;528580,86;3,55;11/02/2026
"ABITARE IN";IT0005445280;ABT;"Euronext Milan";EUR;2,88;2,905;2,85;2,90;"11/02/2026 17:28";CET;24868;71580,24;2,90;11/02/2026
ABIVAX;FR0012333284;ABVX;"Euronext Paris";EUR;100,20;100,80;97,80;98,20;"11/02/2026 17:36";CET;40051;3956744,70;98,20;11/02/2026
"ABL Diagnostics";FR001400AHX6;ABLD;"Euronext Paris";EUR;3,52;3,52;3,20;3,20;"11/02/2026 17:35";CET;3088;10312,10;3,20;11/02/2026
"ABL GROUP";NO0010715394;ABL;"Oslo Børs";NOK;9,56;9,70;9,56;9,66;"11/02/2026 16:25";CET;36696;353522,64;9,66;11/02/2026
"ABN AMRO BANK N.V.";NL0011540547;ABN;"Euronext Amsterdam";EUR;30,85;31,05;29,98;30,21;"11/02/2026 17:37";CET;3337149;101480210,47;30,21;11/02/2026
"ABO GROUP";BE0974278104;ABO;"Euronext Brussels, Paris";EUR;5,45;5,45;5,45;5,45;"23/01/2026 12:33";CET;470;2561,50;5,45;11/02/2026
"ACADIA HEALTHCARE";US00404A1097;1ACHC;"Euronext Global Equity Market";EUR;11,30;11,30;11,30;11,30;"06/02/2026 14:34";CET;100;1130,00;12,70;11/02/2026
"ACANTHE DEV.";FR0000064602;ACAN;"Euronext Paris";EUR;0,237;0,237;0,231;0,231;"11/02/2026 15:22";CET;3008;704,03;0,231;11/02/2026
ACCENTIS;BE0003696102;ACCB;"Euronext Brussels";EUR;0,027;0,0275;0,027;0,027;"11/02/2026 14:45";CET;108040;2952,70;0,027;11/02/2026
"Accenture PLC";IE00B4BNMY34;1ACN;"Euronext Global Equity Market";EUR;202,40;203,80;194,20;194,20;"11/02/2026 17:08";CET;591;119370,20;193,38;11/02/2026
Acciona;ES0125220311;1ANA;"Euronext Global Equity Market";EUR;173,30;179,00;173,30;179,00;"02/02/2026 17:14";CET;40;7046,00;199,70;11/02/2026
"ACCIONA Energias";ES0105563003;1ANE;"Euronext Global Equity Market";EUR;21,40;21,40;21,40;21,40;"19/01/2026 16:05";CET;1250;26750,00;21,88;11/02/2026
ACCOR;FR0000120404;AC;"Euronext Paris";EUR;49,17;49,40;48,38;48,50;"11/02/2026 17:36";CET;476598;23220615,46;48,50;11/02/2026
ACCOR;FR0000120404;2AC;"Trading After Hours";EUR;-;-;-;-;-;CET;-;-;-;-
ACCOR;FR0000120404;4AC;EuroTLX;EUR;47,69;47,69;47,69;47,69;"23/12/2025 12:05";CET;6;286,14;48,39;11/02/2026
ACCSYS;GB00BQQFX454;AXS;"Euronext Amsterdam";EUR;0,72;0,728;0,719;0,722;"11/02/2026 17:35";CET;163446;117947,24;0,722;11/02/2026
"ACE DIGITAL";NO0013531616;ACED;"Euronext Growth Oslo";NOK;0,248;0,47;0,248;0,47;"11/02/2026 16:12";CET;56625;24339,24;0,47;11/02/2026
ACEA;IT0001207098;ACE;"Euronext Milan";EUR;24,70;25,26;24,68;25,26;"11/02/2026 17:35";CET;124322;3114589,30;25,26;11/02/2026
Acerinox;ES0132105018;1ACX;"Euronext Global Equity Market";EUR;14,23;14,23;14,21;14,21;"11/02/2026 11:46";CET;4205;59813,05;13,87;11/02/2026
ACHETER-LOUER.FR;FR0014011O84;ALALO;"Euronext Growth Paris";EUR;0,0334;0,0334;0,028;0,028;"11/02/2026 17:35";CET;749422;22537,17;0,028;11/02/2026
ACINQUE;IT0001382024;AC5;"Euronext Milan";EUR;2,24;2,26;2,24;2,24;"11/02/2026 17:35";CET;5543;12481,32;2,24;11/02/2026
"ACKERMANS V.HAAREN";BE0003764785;2ACKB;"Trading After Hours";EUR;-;-;-;-;-;CET;-;-;-;-
"ACKERMANS V.HAAREN";BE0003764785;ACKB;"Euronext Brussels";EUR;264,60;266,40;263,80;265,60;"11/02/2026 17:35";CET;26360;6989301,20;265,60;11/02/2026
"ACM RESEARCH INC-C";US00108J1097;1ACMR;"Euronext Global Equity Market";EUR;54,26;58,20;52,42;58,20;"11/02/2026 17:18";CET;1273;69907,54;58,32;11/02/2026
ACOMO;NL0000313286;ACOMO;"Euronext Amsterdam";EUR;26,45;26,50;26,10;26,10;"11/02/2026 17:35";CET;23662;620586,40;26,10;11/02/2026
ACQUAZZURRA;IT0005443061;ACQ;"Euronext Growth Milan";EUR;10,50;10,50;10,50;10,50;"05/05/2025 17:35";CET;15000;157500,00;10,50;11/02/2026
"ACS ACTIVIDADES";ES0167050915;1ACS;"Euronext Global Equity Market";EUR;98,80;98,80;98,80;98,80;"11/02/2026 09:26";CET;11;1086,80;99,70;11/02/2026
"ACS ACTIVIDADES";ES0167050915;2ACS;"Trading After Hours";EUR;94,95;94,95;94,95;94,95;"07/01/2026 18:48";CET;10;949,50;99,70;11/02/2026
"ACS ACTIVIDADES";ES0167050915;4ACS;EuroTLX;EUR;93,20;93,20;93,20;93,20;"20/01/2026 09:17";CET;1;93,20;99,60;11/02/2026
ACTEOS;FR0000076861;EOS;"Euronext Paris";EUR;0,95;0,95;0,92;0,92;"11/02/2026 15:14";CET;279;259,55;0,92;11/02/2026
"ACTIA GROUP";FR0000076655;ALATI;"Euronext Growth Paris";EUR;3,50;3,51;3,45;3,51;"11/02/2026 17:16";CET;3175;11051,69;3,51;11/02/2026
"ACTIVIUM GROUP";FR0010979377;MLACT;"Euronext Access Paris";EUR;1,75;1,75;1,75;1,75;"11/02/2026 11:30";CET;110;192,50;1,75;11/02/2026
ACVLHO;BE0010012210;-;"Euronext Expert Market";EUR;4500,01;4500,01;4500,01;4500,01;"07/07/2015 11:30";CET;3;13500,03;4500,00;11/02/2026
"ADC SIIC";BE0974269012;ALDV;"Euronext Paris";EUR;0,063;0,063;0,063;0,063;"21/01/2026 17:22";CET;7000;441,01;0,063;11/02/2026
AddTech;SE0014781795;1ADDT;"Euronext Global Equity Market";EUR;31,70;31,70;31,70;31,70;"11/02/2026 14:29";CET;400;12680,00;30,66;11/02/2026
"ADEC INNOVATIONS";NL0015002K91;MLADE;"Euronext Access Brussels";EUR;10,00;10,00;10,00;10,00;"24/07/2025 00:00";CET;-;-;10,00;11/02/2026
ADECCO;CH0012138605;1ADEN;"Euronext Global Equity Market";EUR;24,40;24,60;23,60;24,00;"11/02/2026 16:43";CET;1702;41041,20;24,20;11/02/2026
ADEUNIS;FR0013284627;ALARF;"Euronext Growth Paris";EUR;0,57;0,57;0,57;0,57;"11/02/2026 09:36";CET;335;190,95;0,57;11/02/2026
ADIDAS;DE000A1EWWW0;2ADS;"Trading After Hours";EUR;156,20;156,20;156,20;156,20;"05/02/2026 18:14";CET;6;937,20;153,95;11/02/2026
ADIDAS;DE000A1EWWW0;1ADS;"Euronext Global Equity Market";EUR;155,45;157,40;153,95;153,95;"11/02/2026 17:35";CET;628;98260,10;153,95;11/02/2026
ADIDAS;DE000A1EWWW0;4ADS;EuroTLX;EUR;146,00;146,00;146,00;146,00;"28/01/2026 11:19";CET;3;438,00;154,80;11/02/2026
"ADLER GROUP";LU1250154413;4ADJ;EuroTLX;EUR;0,205;0,205;0,205;0,205;"14/01/2026 09:06";CET;12000;2460,00;0,1875;11/02/2026
"ADLER GROUP";LU1250154413;1ADJ;"Euronext Global Equity Market";EUR;0,175;0,193;0,175;0,193;"10/02/2026 17:18";CET;28000;5350,00;0,1915;11/02/2026
ADLERGROUP;LU1250154413;2ADJ;"Trading After Hours";EUR;-;-;-;-;-;CET;-;-;-;-
ADOBE;US00724F1012;2ADBE;"Trading After Hours";EUR;226,60;226,60;226,05;226,05;"09/02/2026 19:12";CET;6;1359,05;216,60;11/02/2026
ADOBE;US00724F1012;4ADBE;EuroTLX;EUR;237,55;237,55;228,20;228,20;"09/02/2026 13:15";CET;20;4657,50;216,50;11/02/2026
ADOBE;US00724F1012;1ADBE;"Euronext Global Equity Market";EUR;223,25;224,00;216,00;217,15;"11/02/2026 17:21";CET;585;128470,75;216,60;11/02/2026
ADOCIA;FR0011184241;ADOC;"Euronext Paris";EUR;6,66;6,67;6,42;6,42;"11/02/2026 17:35";CET;209234;1367895,05;6,42;11/02/2026
"ADOCIA BSA";FR001400XVZ4;ADOBS;"Euronext Growth Paris";EUR;7,10;7,10;7,10;7,10;"27/10/2025 10:03";CET;100;710,00;7,10;11/02/2026
ADOMOS;FR00140153H3;ALADO;"Euronext Growth Paris";EUR;4,15;4,20;3,32;3,57;"11/02/2026 17:35";CET;1632;6037,61;3,57;11/02/2026
ADP;FR0010340141;2ADPP;"Trading After Hours";EUR;-;-;-;-;-;CET;-;-;-;-
ADP;FR0010340141;ADP;"Euronext Paris";EUR;114,30;116,10;113,80;114,70;"11/02/2026 17:38";CET;84180;9671581,85;114,70;11/02/2026
"ADS MARITIME HOLD";CY0108052115;ADS;"Euronext Growth Oslo";NOK;2,58;2,58;2,58;2,58;"11/02/2026 16:18";CET;68415;176510,70;2,58;11/02/2026
ADUX;FR0012821890;ALDUX;"Euronext Growth Paris";EUR;1,70;1,70;1,64;1,66;"11/02/2026 16:45";CET;3959;6599,97;1,66;11/02/2026
"ADVANCED MICRO DEV";US0079031078;1AMD;"Euronext Global Equity Market";EUR;179,18;185,20;176,50;179,10;"11/02/2026 17:35";CET;11802;2127650,50;179,10;11/02/2026
"ADVANCED MICRO DEV";US0079031078;2AMDV;"Trading After Hours";EUR;182,76;182,76;180,06;180,06;"10/02/2026 20:22";CET;302;54416,48;179,10;11/02/2026
"ADVANCED MICRO DEV";US0079031078;4AMD;EuroTLX;EUR;176,62;176,62;176,16;176,16;"11/02/2026 11:25";CET;300;52852,60;179,10;11/02/2026
ADVENTURE;IT0005607715;ADV;"Euronext Growth Milan";EUR;21,90;23,80;21,90;23,80;"11/02/2026 17:35";CET;2527;57779,80;23,80;11/02/2026
ADVICENNE;FR0013296746;ALDVI;"Euronext Growth Paris";EUR;2,11;2,135;2,04;2,085;"11/02/2026 17:35";CET;35599;74232,27;2,085;11/02/2026
ADVINI;FR0000053043;ALAVI;"Euronext Growth Paris";EUR;14,70;14,70;14,70;14,70;"11/02/2026 15:53";CET;230;3381,00;14,70;11/02/2026
ADYEN;NL0012969182;ADYEN;"Euronext Amsterdam";EUR;1233,00;1234,00;1156,20;1156,20;"11/02/2026 17:37";CET;171565;202419798,20;1156,20;11/02/2026
ADYEN;NL0012969182;4ADYEN;EuroTLX;EUR;1205,40;1205,40;1205,40;1205,40;"03/02/2026 14:38";CET;2;2410,80;1161,20;11/02/2026
ADYEN;NL0012969182;2ADYEN;"Trading After Hours";EUR;-;-;-;-;-;CET;-;-;-;-
AEDES;IT0005349052;AEDES;"Euronext Milan";EUR;0,0808;0,0808;0,077;0,0774;"11/02/2026 16:48";CET;28492;2226,25;0,0774;11/02/2026
"AEDES AA";IT0005685729;AEDESA;"Euronext Milan";EUR;0,063;0,073;0,063;0,0638;"11/02/2026 16:49";CET;323783;21078,06;0,0638;11/02/2026
AEDIFICA;BE0003851681;AED;"Euronext Brussels, Amsterdam";EUR;75,50;76,25;74,95;75,80;"11/02/2026 17:35";CET;88081;6675534,25;75,80;11/02/2026
AEDIFICA;BE0003851681;2AED;"Trading After Hours";EUR;-;-;-;-;-;CET;-;-;-;-
AEFFE;IT0001384590;AEF;"Euronext Milan";EUR;0,2745;0,2745;0,266;0,2675;"11/02/2026 17:35";CET;38318;10351,26;0,2675;11/02/2026
AEGON;BMG0112X1056;AGN;"Euronext Amsterdam";EUR;6,62;6,70;6,552;6,614;"11/02/2026 17:35";CET;8891545;58812629,07;6,614;11/02/2026
"AELIS FARMA";FR0014007ZB4;AELIS;"Euronext Paris";EUR;1,475;1,60;1,42;1,45;"11/02/2026 17:35";CET;115372;175590,57;1,45;11/02/2026
"AENA SME";ES0105046017;2AENA;"Trading After Hours";EUR;24,74;24,74;24,74;24,74;"26/01/2026 18:06";CET;14;346,36;27,55;11/02/2026
"AENA SME";ES0105046017;4AENA;EuroTLX;EUR;22,725;22,725;22,725;22,725;"06/11/2025 13:42";CET;90;2045,25;27,55;11/02/2026
"AENA SME";ES0105046017;1AENA;"Euronext Global Equity Market";EUR;27,75;27,75;27,735;27,735;"11/02/2026 14:14";CET;209;5796,75;27,55;11/02/2026
"AERKOMM INC";US00774B2088;AKOM;"Euronext Paris";EUR;2,80;2,80;2,80;2,80;"24/09/2025 17:35";CET;1565;4382,00;2,80;11/02/2026
"AEROPORTO G. M. BO";IT0001006128;ADB;"Euronext Milan";EUR;11,60;12,00;11,55;11,95;"11/02/2026 17:35";CET;89350;1057165,30;11,95;11/02/2026
"AEROVIRONMENT INC";US0080731088;1AVAV;"Euronext Global Equity Market";EUR;225,20;225,70;208,90;209,10;"11/02/2026 16:03";CET;195;41927,30;209,20;11/02/2026
"AES Corp/The";US00130H1059;1AES;"Euronext Global Equity Market";EUR;13,248;13,248;13,214;13,214;"05/02/2026 16:12";CET;108;1429,49;13,082;11/02/2026
"AF GRUPPEN";NO0003078107;AFG;"Oslo Børs";NOK;187,80;187,80;186,00;186,20;"11/02/2026 16:25";CET;16007;2983633,80;186,20;11/02/2026
"AFFIRM HOLDINGS";US00827B1061;1AFRM;"Euronext Global Equity Market";EUR;51,83;51,83;51,83;51,83;"10/02/2026 16:45";CET;20;1036,60;47,265;11/02/2026
"Aflac Inc";US0010551028;1AFL;"Euronext Global Equity Market";EUR;92,22;92,22;92,22;92,22;"02/02/2026 10:00";CET;15;1383,30;97,52;11/02/2026
AFYREN;FR0014005AC9;ALAFY;"Euronext Growth Paris";EUR;2,88;2,91;2,815;2,82;"11/02/2026 17:28";CET;15421;44013,84;2,82;11/02/2026
AG3I;FR0011908045;MLAGI;"Euronext Access Paris";EUR;0,635;0,635;0,635;0,635;"08/09/2025 16:30";CET;1;0,64;0,635;11/02/2026
AGEAS;BE0974264930;AGS;"Euronext Brussels";EUR;61,90;62,25;61,50;61,55;"11/02/2026 17:35";CET;346653;21374318,90;61,55;11/02/2026
AGEAS;BE0974264930;2AGS;"Trading After Hours";EUR;57,30;57,30;57,30;57,30;"19/11/2025 18:00";CET;60;3438,00;61,70;11/02/2026
AGEAS;BE0974264930;4AGS;EuroTLX;EUR;59,95;59,95;59,95;59,95;"15/01/2026 10:34";CET;50;2997,50;61,70;11/02/2026
AGEAS;BE0974264930;1AGS;"Euronext Global Equity Market";EUR;62,05;62,05;62,05;62,05;"11/02/2026 15:05";CET;95;5894,75;61,70;11/02/2026
"AGENCE AUTO";FR0014005WE9;MLAA;"Euronext Access Paris";EUR;1,90;1,90;1,90;1,90;"10/02/2026 16:30";CET;37;70,30;1,90;11/02/2026
"AGENCE MARIT MINNE";BE0024915838;-;"Euronext Expert Market";EUR;-;-;-;-;-;CET;-;-;-;-
AGFA-GEVAERT;BE0003755692;4AGFB;EuroTLX;EUR;0,889;0,889;0,889;0,889;"19/05/2025 10:37";CET;500;444,50;0,503;11/02/2026
AGFA-GEVAERT;BE0003755692;AGFB;"Euronext Brussels";EUR;0,498;0,512;0,498;0,505;"11/02/2026 17:35";CET;141303;71255,75;0,505;11/02/2026
"AGILENT TECHNOL";US00846U1016;1A;"Euronext Global Equity Market";EUR;108,48;112,28;108,48;112,28;"02/02/2026 15:40";CET;11;1227,48;108,04;11/02/2026
"AGILENT TECHNOL";US00846U1016;4A;EuroTLX;EUR;120,02;120,02;120,02;120,02;"06/10/2025 10:06";CET;2;240,04;108,44;11/02/2026
"AGILENT TECHNOL";US00846U1016;2A;"Trading After Hours";EUR;102,36;102,36;102,36;102,36;"12/05/2025 18:00";CET;140;14330,40;108,04;11/02/2026
"Agility Capital H";VGG885761301;AGIL;"Euronext Amsterdam";USD;2,50;2,50;2,50;2,50;"06/02/2026 13:10";CET;245;612,50;2,50;11/02/2026
AGILYX;NO0010872468;AGLX;"Oslo Børs";NOK;12,96;14,00;12,50;12,50;"11/02/2026 16:25";CET;165384;2170471,22;12,50;11/02/2026
"AGP MALAGA SOCIMI";ES0105478004;MLAGP;"Euronext Access Paris";EUR;2,96;2,96;2,96;2,96;"16/05/2024 11:30";CET;61302;181453,92;2,66;11/02/2026
AGRIPOWER;FR0013452281;ALAGP;"Euronext Growth Paris";EUR;1,09;1,09;1,05;1,09;"11/02/2026 17:35";CET;12096;13109,14;1,09;11/02/2026
AGROGENERATION;FR0010641449;ALAGR;"Euronext Growth Paris";EUR;0,0418;0,0426;0,0416;0,0426;"11/02/2026 15:41";CET;47686;2004,66;0,0426;11/02/2026
"AHOLD DEL";NL0011794037;4AD;EuroTLX;EUR;32,25;32,25;32,25;32,25;"28/01/2026 11:50";CET;33;1064,25;38,58;11/02/2026
"AHOLD DEL";NL0011794037;AD;"Euronext Amsterdam, Brussels";EUR;36,64;38,74;36,50;38,72;"11/02/2026 17:39";CET;4800257;183161406,95;38,72;11/02/2026
"AHOLD DEL";NL0011794037;2AD;"Trading After Hours";EUR;36,90;36,90;36,90;36,90;"13/10/2025 18:04";CET;100;3690,00;38,71;11/02/2026
"AHOLD DEL";NL0011794037;1AD;"Euronext Global Equity Market";EUR;37,59;38,54;37,46;38,30;"11/02/2026 16:54";CET;4014;153212,15;38,71;11/02/2026
"AIB GROUP PLC";IE00BF0L3536;A5G;"Euronext Dublin";EUR;9,33;9,36;8,955;9,12;"11/02/2026 21:05";IST;5364898;48807728,93;9,12;11/02/2026
"AIR FRANCE -KLM";FR001400J770;AF;"Euronext Paris, Amsterdam";EUR;12,04;12,13;11,91;11,96;"11/02/2026 17:35";CET;998455;11973040,74;11,96;11/02/2026
"AIR FRANCE-KLM";FR001400J770;4AF;EuroTLX;EUR;12,115;12,115;12,115;12,115;"10/02/2026 14:45";CET;200;2423,00;11,915;11/02/2026
"AIR FRANCE-KLM";FR001400J770;2AF;"Trading After Hours";EUR;10,69;10,69;10,69;10,69;"16/01/2026 19:25";CET;1;10,69;11,92;11/02/2026
"AIR FRANCE-KLM";FR001400J770;1AF;"Euronext Global Equity Market";EUR;11,975;12,05;11,905;11,905;"11/02/2026 17:29";CET;4936;59145,00;11,92;11/02/2026
"AIR LIQUIDE";FR0000120073;AI;"Euronext Paris";EUR;169,50;169,66;166,44;167,90;"11/02/2026 17:38";CET;710359;119217032,94;167,90;11/02/2026
"AIR LIQUIDE";FR0000120073;2AI;"Trading After Hours";EUR;173,42;173,42;173,42;173,42;"20/06/2025 18:01";CET;60;10405,20;167,90;11/02/2026
"AIR PRODUCTS AND C";US0091581068;2APD;"Trading After Hours";EUR;242,30;242,30;242,30;242,30;"25/01/2024 20:21";CET;1;242,30;247,20;11/02/2026
"AIR PRODUCTS AND C";US0091581068;1APD;"Euronext Global Equity Market";EUR;242,40;242,40;242,40;242,40;"05/02/2026 16:21";CET;14;3393,60;247,20;11/02/2026
"AIR PRODUCTS AND C";US0091581068;4APD;EuroTLX;EUR;226,00;226,00;226,00;226,00;"07/04/2025 09:26";CET;1;226,00;246,80;11/02/2026
AIRBNB;US0090661010;4ABNB;EuroTLX;EUR;113,66;113,66;113,66;113,66;"19/12/2025 16:12";CET;10;1136,60;99,78;11/02/2026
AIRBNB;US0090661010;2ABNB;"Trading After Hours";EUR;102,32;102,32;102,32;102,32;"09/02/2026 18:53";CET;2;204,64;99,79;11/02/2026
AIRBNB;US0090661010;1ABNB;"Euronext Global Equity Market";EUR;102,04;102,06;100,32;100,32;"11/02/2026 17:26";CET;198;20092,76;99,79;11/02/2026
AIRBUS;NL0000235190;2AIR;"Trading After Hours";EUR;195,18;195,18;195,18;195,18;"05/02/2026 18:01";CET;1;195,18;187,24;11/02/2026
AIRBUS;NL0000235190;1AIR;"Euronext Global Equity Market";EUR;191,18;191,18;187,40;187,66;"11/02/2026 17:25";CET;1453;273804,38;187,22;11/02/2026
AIRBUS;NL0000235190;AIR;"Euronext Paris";EUR;191,00;191,08;187,02;187,24;"11/02/2026 17:38";CET;1214543;228143164,72;187,24;11/02/2026
AIRBUS;NL0000235190;4AIR;EuroTLX;EUR;190,30;190,30;190,30;190,30;"06/02/2026 10:35";CET;14;2664,20;188,10;11/02/2026
AIRWELL;FR0014003V77;ALAIR;"Euronext Growth Paris";EUR;0,71;0,722;0,662;0,662;"11/02/2026 17:35";CET;7001;4810,41;0,662;11/02/2026
AIXTRON;DE000A0WMPJ6;1AIXA;"Euronext Global Equity Market";EUR;22,28;22,28;22,28;22,28;"11/02/2026 09:13";CET;70;1559,60;22,17;11/02/2026
AIXTRON;DE000A0WMPJ6;4AIXA;EuroTLX;EUR;18,10;18,10;18,10;18,10;"06/11/2025 13:40";CET;50;905,00;22,17;11/02/2026
AIXTRON;DE000A0WMPJ6;2AIXA;"Trading After Hours";EUR;15,075;15,075;15,075;15,075;"30/07/2025 18:35";CET;50;753,75;22,17;11/02/2026
AJAX;NL0000018034;AJAX;"Euronext Amsterdam";EUR;9,00;9,04;8,86;8,88;"11/02/2026 17:11";CET;1337;12036,16;8,88;11/02/2026
"AKAMAI TECHNOL";US00971T1016;1AKAM;"Euronext Global Equity Market";EUR;81,71;81,75;81,71;81,75;"02/02/2026 15:36";CET;41;3351,31;80,17;11/02/2026
"AKAMAI TECHNOL";US00971T1016;2AKAM;"Trading After Hours";EUR;75,95;75,95;75,95;75,95;"17/11/2025 19:20";CET;5;379,75;80,17;11/02/2026
"AKAMAI TECHNOL";US00971T1016;4AKAM;EuroTLX;EUR;73,60;73,60;73,60;73,60;"10/11/2025 10:36";CET;20;1472,00;80,22;11/02/2026
AKASTOR;NO0010215684;AKAST;"Oslo Børs";NOK;13,78;13,92;13,64;13,64;"11/02/2026 16:25";CET;242493;3335444,16;13,64;11/02/2026
AKER;NO0010234552;AKER;"Oslo Børs";NOK;893,00;900,00;877,00;899,00;"11/02/2026 16:25";CET;100295;89473340,00;899,00;11/02/2026
"AKER BIOMARINE";NO0010886625;AKBM;"Oslo Børs";NOK;95,00;98,60;95,00;96,50;"11/02/2026 16:25";CET;142441;13826520,30;96,50;11/02/2026
"AKER BP";NO0010345853;AKRBP;"Oslo Børs";NOK;262,10;277,40;260,70;275,00;"11/02/2026 16:28";CET;2434217;663481944,70;275,00;11/02/2026
"AKER HORIZONS";NO0010921232;AKH;"Oslo Børs";NOK;0,0715;0,0796;0,043;0,0445;"11/02/2026 16:27";CET;45206952;2730459,52;0,0445;11/02/2026
"AKER SOLUTIONS";NO0010716582;AKSO;"Oslo Børs";NOK;37,30;37,64;37,16;37,58;"11/02/2026 16:28";CET;889193;33358503,68;37,58;11/02/2026
"AKOBO MINERALS";SE0015193412;AKOBO;"Euronext Growth Oslo";NOK;2,33;2,33;2,16;2,20;"11/02/2026 16:17";CET;293066;647264,51;2,20;11/02/2026
"AKVA GROUP";NO0003097503;AKVA;"Oslo Børs";NOK;96,00;96,00;93,80;94,20;"11/02/2026 16:25";CET;2698;255804,00;94,20;11/02/2026
AKWEL;FR0000053027;AKW;"Euronext Paris";EUR;7,92;7,94;7,84;7,90;"11/02/2026 17:35";CET;8717;68823,24;7,90;11/02/2026
"AKZO NOBEL";NL0013267909;AKZA;"Euronext Amsterdam";EUR;60,18;60,28;59,76;60,00;"11/02/2026 17:36";CET;566653;34000568,00;60,00;11/02/2026
"AKZO NOBEL";NL0013267909;4AKZA;EuroTLX;EUR;56,72;56,72;56,72;56,72;"02/12/2025 12:17";CET;6;340,32;60,00;11/02/2026
"AKZO NOBEL";NL0013267909;2AKZA;"Trading After Hours";EUR;-;-;-;-;-;CET;-;-;-;-
"ALAN ALLMAN";FR0000062465;AAA;"Euronext Paris";EUR;3,49;3,49;3,49;3,49;"10/02/2026 16:58";CET;10;34,90;3,49;11/02/2026
Albemarle;US0126531013;1ALB;"Euronext Global Equity Market";EUR;145,74;148,40;144,10;145,10;"11/02/2026 16:48";CET;1304;190140,74;144,70;11/02/2026
ALCOA;US0138721065;4AA;EuroTLX;EUR;46,835;46,835;46,835;46,835;"02/02/2026 09:00";CET;300;14050,50;52,79;11/02/2026
ALCOA;US0138721065;2AA;"Trading After Hours";EUR;48,015;48,015;48,015;48,015;"30/01/2026 18:55";CET;220;10563,30;52,79;11/02/2026
ALCOA;US0138721065;1AA;"Euronext Global Equity Market";EUR;53,53;53,53;53,53;53,53;"11/02/2026 15:54";CET;30;1605,90;52,79;11/02/2026
Alcon;CH0432492467;1ALC;"Euronext Global Equity Market";EUR;66,00;66,00;66,00;66,00;"19/01/2026 16:55";CET;7;462,00;65,50;11/02/2026
ALERION;IT0004720733;ARN;"Euronext Milan";EUR;19,00;19,48;18,80;19,36;"11/02/2026 17:35";CET;38379;737542,64;19,36;11/02/2026
"Alfa Laval";SE0000695876;1ALFA;"Euronext Global Equity Market";EUR;51,08;51,08;51,08;51,08;"11/02/2026 13:57";CET;2;102,16;49,57;11/02/2026
ALFEN;NL0012817175;ALFEN;"Euronext Amsterdam";EUR;10,68;11,56;10,08;10,11;"11/02/2026 17:36";CET;1101715;11879393,79;10,11;11/02/2026
ALFEN;NL0012817175;2ALFEN;"Trading After Hours";EUR;-;-;-;-;-;CET;-;-;-;-
"ALFEN BEHEER";NL0012817175;4ALFEN;EuroTLX;EUR;11,065;11,065;11,065;11,065;"11/02/2026 09:16";CET;400;4426,00;10,125;11/02/2026
"ALFIO BARDOLLA";IT0005244030;ABTG;"Euronext Growth Milan";EUR;1,60;1,60;1,60;1,60;"11/02/2026 15:20";CET;350;560,00;1,60;11/02/2026
ALFONSINO;IT0005466039;ALFO;"Euronext Growth Milan";EUR;0,222;0,222;0,222;0,222;"10/02/2026 15:33";CET;1000;222,00;0,222;11/02/2026
ALIAXIS;BE0941243520;-;"Euronext Expert Market";EUR;19,00;19,00;19,00;19,00;"10/02/2026 11:30";CET;2168;41192,00;19,00;11/02/2026
"Align Technology";US0162551016;1ALGN;"Euronext Global Equity Market";EUR;165,45;166,20;165,45;166,20;"11/02/2026 16:41";CET;88;14603,80;165,70;11/02/2026
ALLCORE;IT0005461303;CORE;"Euronext Growth Milan";EUR;1,38;1,41;1,35;1,40;"10/02/2026 17:10";CET;21292;29514,24;1,40;11/02/2026
"Allegion plc";IE00BFRT3W74;1ALLE;"Euronext Global Equity Market";EUR;143,00;143,00;143,00;143,00;"04/11/2025 16:33";CET;31;4433,00;150,00;11/02/2026
"ALLFUNDS GROUP";GB00BNTJ3546;ALLFG;"Euronext Amsterdam";EUR;8,115;8,115;7,99;8,01;"11/02/2026 17:35";CET;1443335;11594633,40;8,01;11/02/2026
ALLIANZ;DE0008404005;2ALV;"Trading After Hours";EUR;368,40;368,40;368,40;368,40;"10/02/2026 18:58";CET;17;6262,80;375,60;11/02/2026
ALLIANZ;DE0008404005;1ALV;"Euronext Global Equity Market";EUR;375,80;375,80;367,30;375,60;"11/02/2026 17:35";CET;1504;559406,00;375,60;11/02/2026
ALLIANZ;DE0008404005;4ALV;EuroTLX;EUR;385,70;385,70;385,70;385,70;"09/02/2026 10:58";CET;10;3857,00;367,80;11/02/2026
"Allstate Corp";US0200021014;1ALL;"Euronext Global Equity Market";EUR;173,95;173,95;172,30;172,30;"09/02/2026 17:08";CET;37;6424,60;168,85;11/02/2026
"ALMUNDA PRO NV";NL0010696704;AMUND;"Euronext Amsterdam";EUR;1,00;1,00;1,00;1,00;"11/02/2026 14:35";CET;30;30,00;1,00;11/02/2026
"ALNYLAM PHARMACEUT";US02043Q1076;1ALNY;"Euronext Global Equity Market";EUR;271,80;271,80;271,80;271,80;"11/02/2026 14:49";CET;24;6523,20;262,30;11/02/2026
"ALPES (COMPAGNIE)";FR0000053324;CDA;"Euronext Paris";EUR;27,70;27,70;27,20;27,20;"11/02/2026 17:35";CET;28426;778164,30;27,20;11/02/2026
"ALPHABET CLASSE A";US02079K3059;4GOOGL;EuroTLX;EUR;265,00;265,00;265,00;265,00;"11/02/2026 14:01";CET;20;5300,00;263,25;11/02/2026
"ALPHABET CLASSE A";US02079K3059;2GOOGL;"Trading After Hours";EUR;268,45;268,45;268,45;268,45;"11/02/2026 19:13";CET;5;1342,25;268,45;11/02/2026
"ALPHABET CLASSE A";US02079K3059;1GOOGL;"Euronext Global Equity Market";EUR;268,15;270,55;262,00;262,10;"11/02/2026 17:35";CET;6975;1858720,65;262,10;11/02/2026
"ALPHABET CLASSE C";US02079K1079;2GOOG;"Trading After Hours";EUR;255,05;255,05;255,05;255,05;"11/02/2026 19:19";CET;7;1785,35;255,05;11/02/2026
"ALPHABET CLASSE C";US02079K1079;4GOOG;EuroTLX;EUR;272,40;272,40;272,40;272,40;"05/02/2026 15:02";CET;10;2724,00;262,15;11/02/2026
"ALPHABET CLASSE C";US02079K1079;1GOOG;"Euronext Global Equity Market";EUR;268,25;270,50;262,30;262,30;"11/02/2026 17:35";CET;2031;541247,75;262,30;11/02/2026
ALSTOM;FR0010220475;4ALO;EuroTLX;EUR;27,85;27,85;27,85;27,85;"06/02/2026 09:17";CET;10;278,50;29,67;11/02/2026
ALSTOM;FR0010220475;ALO;"Euronext Paris";EUR;28,86;29,77;28,76;29,77;"11/02/2026 17:38";CET;1209757;35775118,84;29,77;11/02/2026
ALSTOM;FR0010220475;2ALO;"Trading After Hours";EUR;20,09;20,09;20,09;20,09;"15/05/2025 19:15";CET;75;1506,75;29,77;11/02/2026
ALTAMIR;FR0000053837;LTA;"Euronext Paris";EUR;28,70;29,20;28,60;28,91;"11/02/2026 17:35";CET;1737;50044,06;28,91;11/02/2026
ALTAREA;FR0000033219;2ALTA;"Trading After Hours";EUR;-;-;-;-;-;CET;-;-;-;-
ALTAREA;FR0000033219;ALTA;"Euronext Paris";EUR;121,80;122,60;120,60;120,60;"11/02/2026 17:37";CET;14287;1734518,60;120,60;11/02/2026
ALTAREIT;FR0000039216;AREIT;"Euronext Paris";EUR;540,00;540,00;540,00;540,00;"11/02/2026 09:00";CET;1;540,00;540,00;11/02/2026
"ALTEA GREEN POWER";IT0005472730;AGP;"Euronext Milan";EUR;7,56;7,59;7,32;7,34;"11/02/2026 17:35";CET;62319;463401,83;7,34;11/02/2026
ALTEN;FR0000071946;2ATE;"Trading After Hours";EUR;-;-;-;-;-;CET;-;-;-;-
ALTEN;FR0000071946;ATE;"Euronext Paris";EUR;71,60;71,60;66,80;66,95;"11/02/2026 17:35";CET;103037;6963014,50;66,95;11/02/2026
ALTHEORA;FR0000061244;ALORA;"Euronext Growth Paris";EUR;0,526;0,526;0,493;0,524;"11/02/2026 16:12";CET;6442;3286,96;0,524;11/02/2026
"ALTRI SGPS";PTALT0AE0002;ALTR;"Euronext Lisbon";EUR;4,695;4,83;4,685;4,80;"11/02/2026 22:35";BST;774625;3696325,82;4,80;11/02/2026
"ALTRI SGPS";PTALT0AE0002;2ALTR;"Trading After Hours";EUR;-;-;-;-;-;CET;-;-;-;-
"ALTRIA GROUP";US02209S1033;1MO;"Euronext Global Equity Market";EUR;54,45;55,60;54,14;55,60;"11/02/2026 17:35";CET;1259;68599,48;55,60;11/02/2026
"ALTRIA GROUP";US02209S1033;4MO;EuroTLX;EUR;51,06;51,06;51,06;51,06;"14/01/2026 13:28";CET;10;510,60;55,52;11/02/2026
"ALTRIA GROUP";US02209S1033;2MO;"Trading After Hours";EUR;49,42;49,42;49,42;49,42;"09/01/2026 18:00";CET;155;7660,10;55,60;11/02/2026
"ALUMEXX N.V.";NL0012194724;ALX;"Euronext Amsterdam";EUR;1,49;1,49;1,49;1,49;"11/02/2026 09:00";CET;264;393,36;1,49;11/02/2026
ALVEEN;FR0013253812;MLALV;"Euronext Access Paris";EUR;0,103;0,103;0,103;0,103;"10/09/2025 11:30";CET;193;19,88;0,103;11/02/2026
"AMA CORPORATION";GB00BNKGZC51;ALAMA;"Euronext Growth Paris";EUR;0,15;0,16;0,145;0,145;"11/02/2026 17:00";CET;10632;1625,26;0,145;11/02/2026
"AMADEUS FIRE";DE0005093108;2AAD;"Trading After Hours";EUR;-;-;-;-;-;CET;-;-;-;-
"AMADEUS FIRE";DE0005093108;4AAD;EuroTLX;EUR;39,20;39,20;39,20;39,20;"21/01/2026 12:10";CET;60;2352,00;36,15;11/02/2026
"AMADEUS FIRE";DE0005093108;1AAD;"Euronext Global Equity Market";EUR;36,05;36,65;36,05;36,65;"11/02/2026 09:53";CET;353;12847,20;36,25;11/02/2026
"AMADEUS IT GROUP";ES0109067019;4AMS;EuroTLX;EUR;61,60;61,60;61,60;61,60;"17/12/2025 15:58";CET;45;2772,00;50,32;11/02/2026
"AMADEUS IT GROUP";ES0109067019;2AMS;"Trading After Hours";EUR;49,25;49,25;49,25;49,25;"11/02/2026 18:38";CET;32;1576,00;49,25;11/02/2026
"AMADEUS IT GROUP";ES0109067019;1AMS;"Euronext Global Equity Market";EUR;51,74;51,74;50,60;50,98;"11/02/2026 16:36";CET;2428;123561,68;50,40;11/02/2026
"AMATHEON AGRI";NL0010273694;MLAAH;"Euronext Access Paris";EUR;0,0145;0,0145;0,0145;0,0145;"11/02/2026 11:30";CET;1;0,01;0,0145;11/02/2026
AMAZON;US0231351067;4AMZN;EuroTLX;EUR;176,54;176,54;172,52;173,00;"11/02/2026 16:25";CET;57;9924,12;174,22;11/02/2026
AMAZON;US0231351067;1AMZN;"Euronext Global Equity Market";EUR;175,18;176,28;171,96;171,96;"11/02/2026 17:36";CET;24756;4316810,90;171,96;11/02/2026
AMAZON;US0231351067;2AMZN;"Trading After Hours";EUR;172,00;176,90;170,70;174,88;"11/02/2026 19:54";CET;205;35370,80;172,54;11/02/2026
"AMBARELLA INC";KYG037AX1015;1AMBA;"Euronext Global Equity Market";EUR;55,00;55,00;55,00;55,00;"10/02/2026 09:00";CET;110;6050,00;55,02;11/02/2026
AMBROMOBILIARE;IT0004779515;AMB;"Euronext Growth Milan";EUR;0,71;0,765;0,71;0,765;"11/02/2026 17:19";CET;3000;2170,00;0,765;11/02/2026
"AMC ENTERTAINMENT";US00165C3025;2AMC;"Trading After Hours";EUR;4,06;4,06;4,06;4,06;"11/12/2024 20:08";CET;260;1055,60;1,1108;11/02/2026
"AMC ENTERTAINMENT";US00165C3025;1AMC;"Euronext Global Equity Market";EUR;1,122;1,122;1,122;1,122;"11/02/2026 14:10";CET;300;336,60;1,1108;11/02/2026
"Amcor PLC";JE00BV7DQ550;1AMCR;"Euronext Global Equity Market";EUR;41,655;41,655;40,035;41,00;"06/02/2026 16:16";CET;200;8239,54;39,73;11/02/2026
"Amentum H";US0239391016;1AMTM;"Euronext Global Equity Market";EUR;27,60;27,60;27,60;27,60;"10/02/2026 16:34";CET;30;828,00;27,00;11/02/2026
"Ameren Corp";US0236081024;1AEE;"Euronext Global Equity Market";EUR;85,00;85,00;85,00;85,00;"16/12/2025 09:15";CET;2;170,00;87,00;11/02/2026
"AMERICAN AIRLINES";US02376R1023;1AAL;"Euronext Global Equity Market";EUR;12,52;12,52;12,408;12,408;"11/02/2026 17:35";CET;452;5612,90;12,408;11/02/2026
"AMERICAN AIRLINES";US02376R1023;2AAL;"Trading After Hours";EUR;12,10;12,10;12,10;12,10;"11/02/2026 19:15";CET;130;1573,00;12,10;11/02/2026
"AMERICAN AIRLINES";US02376R1023;4AAL;EuroTLX;EUR;11,658;11,658;11,658;11,658;"29/01/2026 09:06";CET;1200;13989,60;12,414;11/02/2026
"AMERICAN EAGLE OUT";US02553E1064;1AEO;"Euronext Global Equity Market";EUR;20,20;20,20;20,20;20,20;"27/01/2026 14:24";CET;198;3999,60;20,40;11/02/2026
"American Electric";US0255371017;1AEP;"Euronext Global Equity Market";EUR;103,00;103,00;103,00;103,00;"10/02/2026 11:58";CET;83;8549,00;105,00;11/02/2026
"AMERICAN EXPRESS";US0258161092;2AXP;"Trading After Hours";EUR;301,05;301,05;301,05;301,05;"09/02/2026 18:11";CET;3;903,15;301,05;11/02/2026
"AMERICAN EXPRESS";US0258161092;4AXP;EuroTLX;EUR;326,00;326,00;326,00;326,00;"17/12/2025 09:59";CET;25;8150,00;300,95;11/02/2026
"AMERICAN EXPRESS";US0258161092;1AXP;"Euronext Global Equity Market";EUR;308,40;309,45;303,90;303,90;"11/02/2026 16:03";CET;126;38880,00;301,05;11/02/2026
"AMERICAN INTERN";US0268747849;2AIG;"Trading After Hours";EUR;72,43;72,43;72,43;72,43;"16/12/2025 19:56";CET;100;7243,00;67,12;11/02/2026
"AMERICAN INTERN";US0268747849;4AIG;EuroTLX;EUR;68,28;68,28;68,28;68,28;"24/07/2025 09:41";CET;30;2048,40;67,00;11/02/2026
"AMERICAN INTERN";US0268747849;1AIG;"Euronext Global Equity Market";EUR;66,12;66,12;66,12;66,12;"11/02/2026 16:09";CET;15;991,80;67,12;11/02/2026
"AMERICAN SUPERCOND";US0301112076;1AMSC;"Euronext Global Equity Market";EUR;26,53;26,53;26,53;26,53;"11/02/2026 17:24";CET;190;5040,70;27,04;11/02/2026
"AMERICAN TOWER R";US03027X1000;2AMT;"Trading After Hours";EUR;186,50;186,50;186,50;186,50;"15/11/2024 19:57";CET;5;932,50;150,26;11/02/2026
"AMERICAN TOWER R";US03027X1000;1AMT;"Euronext Global Equity Market";EUR;149,06;150,50;149,00;150,50;"11/02/2026 16:21";CET;199;29730,50;150,26;11/02/2026
"AMERICAN TOWER R";US03027X1000;4AMT;EuroTLX;EUR;187,68;187,68;187,68;187,68;"25/02/2025 15:23";CET;55;10322,40;150,54;11/02/2026
"AMERICAN WATER WOR";US0304201033;4AWK;EuroTLX;EUR;119,25;119,25;119,25;119,25;"06/10/2025 14:59";CET;9;1073,25;104,15;11/02/2026
"AMERICAN WATER WOR";US0304201033;1AWK;"Euronext Global Equity Market";EUR;103,55;103,55;103,55;103,55;"10/02/2026 10:24";CET;10;1035,50;104,15;11/02/2026
"AMERICAN WATER WOR";US0304201033;2AWK;"Trading After Hours";EUR;124,70;124,70;124,70;124,70;"06/11/2024 19:48";CET;6;748,20;104,15;11/02/2026
"Ameriprise Fin";US03076C1062;1AMP;"Euronext Global Equity Market";EUR;438,60;438,60;423,00;423,00;"02/01/2026 13:39";CET;12;5169,60;426,10;11/02/2026
"AMETEK Inc";US0311001004;1AME;"Euronext Global Equity Market";EUR;179,60;179,60;179,60;179,60;"19/01/2026 10:14";CET;37;6645,20;198,18;11/02/2026
AMG;NL0000888691;2AMG;"Trading After Hours";EUR;-;-;-;-;-;CET;-;-;-;-
AMG;NL0000888691;AMG;"Euronext Amsterdam";EUR;38,00;38,30;37,28;37,92;"11/02/2026 17:35";CET;149560;5658129,75;37,92;11/02/2026
AMGEN;US0311621009;2AMGN;"Trading After Hours";EUR;290,65;290,65;290,65;290,65;"29/01/2026 20:17";CET;1;290,65;308,65;11/02/2026
AMGEN;US0311621009;4AMGN;EuroTLX;EUR;290,75;290,75;290,75;290,75;"13/11/2025 16:39";CET;28;8141,00;309,35;11/02/2026
AMGEN;US0311621009;1AMGN;"Euronext Global Equity Market";EUR;308,55;309,60;305,05;309,00;"11/02/2026 17:29";CET;103;31694,80;308,65;11/02/2026
AMOEBA;FR0011051598;ALMIB;"Euronext Growth Paris";EUR;0,923;0,924;0,906;0,924;"11/02/2026 17:35";CET;250508;228687,34;0,924;11/02/2026
"Amphenol Corp";US0320951017;4APH;EuroTLX;EUR;108,14;108,14;108,14;108,14;"14/10/2025 09:41";CET;30;3244,20;118,94;11/02/2026
"Amphenol Corp";US0320951017;2APH;"Trading After Hours";EUR;113,92;113,92;113,92;113,92;"04/02/2026 18:43";CET;4;455,68;118,94;11/02/2026
"Amphenol Corp";US0320951017;1APH;"Euronext Global Equity Market";EUR;121,80;123,38;121,80;122,86;"11/02/2026 14:52";CET;365;44794,90;118,94;11/02/2026
AMPLIFON;IT0004056880;2AMP;"Trading After Hours";EUR;14,04;14,245;13,76;14,245;"11/02/2026 20:21";CET;8415;118326,39;14,06;11/02/2026
AMPLIFON;IT0004056880;AMP;"Euronext Milan";EUR;14,06;14,305;14,015;14,085;"11/02/2026 17:36";CET;1608065;22766008,29;14,085;11/02/2026
ams-OSRAM;AT0000A3EPA4;1AMSO;"Euronext Global Equity Market";EUR;8,43;8,43;8,43;8,43;"03/02/2026 10:02";CET;40;337,20;8,94;11/02/2026
AMUNDI;FR0004125920;2AMUN;"Trading After Hours";EUR;-;-;-;-;-;CET;-;-;-;-
AMUNDI;FR0004125920;4AMUN;EuroTLX;EUR;79,85;80,45;79,85;80,45;"04/02/2026 11:13";CET;24;1928,40;77,40;11/02/2026
AMUNDI;FR0004125920;AMUN;"Euronext Paris";EUR;78,50;79,10;77,25;77,25;"11/02/2026 17:35";CET;241174;18692750,40;77,25;11/02/2026
"ANALOG DEVICES";US0326541051;4ADI;EuroTLX;EUR;275,50;275,50;275,50;275,50;"06/02/2026 12:29";CET;74;20387,00;280,45;11/02/2026
"ANALOG DEVICES";US0326541051;2ADI;"Trading After Hours";EUR;262,65;262,65;262,65;262,65;"03/02/2026 20:14";CET;1;262,65;280,45;11/02/2026
"ANALOG DEVICES";US0326541051;1ADI;"Euronext Global Equity Market";EUR;278,90;279,35;278,90;279,35;"11/02/2026 15:56";CET;5;1395,40;280,45;11/02/2026
"ANDFJORD SALMON GR";NO0010829765;ANDF;"Euronext Growth Oslo";NOK;31,30;31,50;30,70;31,50;"11/02/2026 16:25";CET;18481;576019,30;31,50;11/02/2026
"ANDINO GLOBAL";ES0105744009;MLAIG;"Euronext Access Paris";EUR;2,20;2,20;2,20;2,20;"11/02/2026 16:30";CET;45;99,00;2,20;11/02/2026
ANDRITZ;AT0000730007;1ANDR;"Euronext Global Equity Market";EUR;71,95;71,95;71,95;71,95;"11/02/2026 12:00";CET;23;1654,85;73,15;11/02/2026
"ANGLOGOLD ASHANTI";GB00BRXH2664;1ANGU;"Euronext Global Equity Market";EUR;81,04;93,42;81,04;93,24;"11/02/2026 16:10";CET;36;3284,34;92,08;11/02/2026
ANHEUSER-BUSCH;BE0974293251;1ABI;"Euronext Global Equity Market";EUR;64,42;64,42;64,18;64,20;"11/02/2026 11:44";CET;81;5201,06;64,86;11/02/2026
ANHEUSER-BUSCH;BE0974293251;2ABI;"Trading After Hours";EUR;59,38;59,38;59,38;59,38;"29/07/2025 18:00";CET;19;1128,22;64,86;11/02/2026
ANHEUSER-BUSCH;BE0974293251;4ABI;EuroTLX;EUR;51,50;51,50;51,50;51,50;"14/10/2025 10:30";CET;4;206,00;64,82;11/02/2026
"ANIMA HOLDING";IT0004998065;ANIM;"Euronext Milan";EUR;6,935;6,935;6,75;6,875;"11/02/2026 17:35";CET;676987;4637921,38;6,875;11/02/2026
"ANTARES VISION";IT0005366601;AV;"Euronext Milan";EUR;5,07;5,09;5,07;5,09;"11/02/2026 17:35";CET;21832;110813,47;5,09;11/02/2026
"ANTIN INFRA PARTN";FR0014005AL0;2ANTIN;"Trading After Hours";EUR;-;-;-;-;-;CET;-;-;-;-
"ANTIN INFRA PARTN";FR0014005AL0;ANTIN;"Euronext Paris";EUR;10,20;10,20;9,97;10,08;"11/02/2026 17:35";CET;37639;378290,18;10,08;11/02/2026
"Aon PLC";IE00BLP1HW54;1AON;"Euronext Global Equity Market";EUR;273,40;273,40;269,00;269,00;"10/02/2026 16:49";CET;5;1358,20;268,80;11/02/2026
"APA Corp";US03743Q1085;1APA;"Euronext Global Equity Market";EUR;22,50;22,50;22,50;22,50;"06/02/2026 11:34";CET;15;337,50;23,82;11/02/2026
"APELLIS PHARMACEUT";US03753U1060;1APLS;"Euronext Global Equity Market";EUR;18,00;18,178;18,00;18,178;"11/02/2026 13:45";CET;3;54,36;18,708;11/02/2026
APERAM;LU0569974404;APAM;"Euronext Amsterdam, Brussels, Paris";EUR;43,20;44,70;42,82;44,64;"11/02/2026 17:35";CET;216496;9511301,55;44,64;11/02/2026
APERAM;LU0569974404;2APAM;"Trading After Hours";EUR;-;-;-;-;-;CET;-;-;-;-
"APODACA INVERSIONE";ES0105658001;MLASO;"Euronext Access Paris";EUR;70,00;70,00;70,00;70,00;"07/11/2022 00:00";CET;-;-;69,00;11/02/2026
"APOLLO GLOBAL MANA";US03769M1062;1APO;"Euronext Global Equity Market";EUR;114,85;116,00;113,90;114,35;"09/02/2026 17:27";CET;325;37313,95;107,90;11/02/2026
APPEAR;NO0013683821;APR;"Oslo Børs";NOK;74,00;76,69;73,99;74,25;"11/02/2026 16:25";CET;163223;12345124,87;74,25;11/02/2026
"APPFOLIO INC - A";US03783C1009;1APPF;"Euronext Global Equity Market";EUR;177,40;181,00;177,40;181,00;"15/01/2026 09:07";CET;5;894,20;149,40;11/02/2026
APPLE;US0378331005;4AAPL;EuroTLX;EUR;244,95;244,95;237,00;237,00;"06/02/2026 17:27";CET;40;9678,75;235,40;11/02/2026
APPLE;US0378331005;1AAPL;"Euronext Global Equity Market";EUR;230,10;236,00;229,00;234,30;"11/02/2026 17:29";CET;2670;624396,30;234,45;11/02/2026
APPLE;US0378331005;2AAPL;"Trading After Hours";EUR;235,70;235,70;235,70;235,70;"11/02/2026 20:19";CET;20;4714,00;235,70;11/02/2026
"Applied Digital";US0381692070;1APLD;"Euronext Global Equity Market";EUR;31,60;32,40;29,90;30,80;"11/02/2026 16:57";CET;854;27411,10;30,40;11/02/2026
"APPLIED MATERIALS";US0382221051;2AMAT;"Trading After Hours";EUR;292,05;292,05;292,05;292,05;"11/02/2026 19:08";CET;4;1168,20;292,05;11/02/2026
"APPLIED MATERIALS";US0382221051;1AMAT;"Euronext Global Equity Market";EUR;276,65;289,90;276,65;284,40;"11/02/2026 17:15";CET;27;7625,70;283,60;11/02/2026
"APPLIED MATERIALS";US0382221051;4AMAT;EuroTLX;EUR;285,95;285,95;285,95;285,95;"03/02/2026 12:11";CET;1;285,95;283,55;11/02/2026
"APPLIED OPTOELECTR";US03823U1025;1AAOI;"Euronext Global Equity Market";EUR;40,00;40,00;38,40;38,60;"11/02/2026 17:28";CET;23;915,60;39,80;11/02/2026
"AppLovin Corp";US03831W1080;1APP;"Euronext Global Equity Market";EUR;386,70;395,55;372,70;374,45;"11/02/2026 17:19";CET;270;104543,20;373,40;11/02/2026
"AQUA BIO TECHNO";NO0010307135;ABTEC;"Euronext Expand Oslo";NOK;0,1584;0,1584;0,145;0,146;"11/02/2026 16:25";CET;414955;61135,54;0,146;11/02/2026
AQUAFIL;IT0005241192;ECNL;"Euronext Milan";EUR;1,432;1,454;1,42;1,442;"11/02/2026 17:35";CET;142251;204701,26;1,442;11/02/2026
AQUILA;FR0010340711;ALAQU;"Euronext Growth Paris";EUR;3,62;3,68;3,62;3,68;"10/02/2026 16:30";CET;546;1977,72;3,68;11/02/2026
"ARAMIS GROUP";FR0014003U94;ARAMI;"Euronext Paris";EUR;4,14;4,14;4,01;4,015;"11/02/2026 17:35";CET;53609;218215,79;4,015;11/02/2026
ARCADIS;NL0006237562;2ARCAD;"Trading After Hours";EUR;-;-;-;-;-;CET;-;-;-;-
ARCADIS;NL0006237562;ARCAD;"Euronext Amsterdam";EUR;39,30;39,34;37,38;37,38;"11/02/2026 17:35";CET;206125;7774171,91;37,38;11/02/2026
"ARCELOR MITT LUX";LU0006047129;-;"Euronext Expert Market";EUR;101,00;101,00;93,00;93,00;"31/12/2002 00:00";CET;104;10112,00;123,00;11/02/2026
"ARCELORMITT SCHIFF";LU0006067663;-;"Euronext Expert Market";EUR;1,01;1,01;1,01;1,01;"01/07/2025 11:30";CET;15;15,15;1,01;11/02/2026
ARCELORMITTAL;LU1598757687;4MT;EuroTLX;EUR;54,26;54,44;54,26;54,44;"11/02/2026 12:38";CET;105;5698,20;55,52;11/02/2026
"ARCELORMITTAL SA";LU1598757687;MT;"Euronext Amsterdam, Paris";EUR;53,28;56,76;53,18;55,24;"11/02/2026 17:35";CET;3536179;195383926,00;55,24;11/02/2026
"Arch Capital G";BMG0450A1053;1ACGL;"Euronext Global Equity Market";EUR;79,80;79,80;79,80;79,80;"10/02/2026 15:30";CET;7;558,60;81,34;11/02/2026
ARCHER;BMG0451H2087;ARCH;"Oslo Børs";NOK;24,35;24,85;24,30;24,70;"11/02/2026 16:25";CET;127947;3164578,85;24,70;11/02/2026
ARCHER-DANIELS-MID;US0394831020;1ADM;"Euronext Global Equity Market";EUR;56,73;56,73;56,73;56,73;"05/02/2026 16:06";CET;10;567,30;58,71;11/02/2026
ARCHER-DANIELS-MID;US0394831020;2ADM;"Trading After Hours";EUR;50,87;50,87;50,87;50,87;"14/11/2025 20:16";CET;20;1017,40;58,71;11/02/2026
ARCHER-DANIELS-MID;US0394831020;4ADM;EuroTLX;EUR;49,68;49,68;49,68;49,68;"05/01/2026 10:49";CET;10;496,80;58,61;11/02/2026
ARCHOS;FR001400KO61;ALJXR;"Euronext Growth Paris";EUR;0,201;0,201;0,1962;0,198;"11/02/2026 17:11";CET;44963;8924,21;0,198;11/02/2026
"ARCTIC BIOSCIENCE";NO0010859580;ABS;"Euronext Growth Oslo";NOK;3,47;3,47;3,47;3,47;"10/02/2026 13:29";CET;10000;34700,00;3,47;11/02/2026
"ARCTIC FISH HOLDIN";NO0010917719;AFISH;"Euronext Growth Oslo";NOK;29,00;32,00;29,00;32,00;"11/02/2026 16:12";CET;2172;65466,00;32,00;11/02/2026
"ARCTICZYMES TECHNO";NO0010014632;AZT;"Oslo Børs";NOK;21,50;22,20;21,50;21,50;"11/02/2026 16:27";CET;34005;735265,30;21,50;11/02/2026
ARCURE;FR0013398997;ALCUR;"Euronext Growth Paris";EUR;2,81;2,93;2,80;2,86;"11/02/2026 17:14";CET;9848;28265,63;2,86;11/02/2026
"ARDOIN ST AMAND A";FR0005057635;MLARD;"Euronext Access Paris";EUR;170,00;170,00;170,00;170,00;"06/10/2025 16:30";CET;50;8500,00;170,00;11/02/2026
"ARDOIN ST AMAND B";FR0004070795;ARDO;"Euronext Access Paris";EUR;72,00;72,00;72,00;72,00;"03/08/2020 16:30";CET;2;144,00;72,00;11/02/2026
"AREF THALASSA";ES0105661005;MLARE;"Euronext Access Paris";EUR;8,75;8,75;8,75;8,75;"17/11/2022 00:00";CET;-;-;8,75;11/02/2026
"ARENDALS FOSSEKOMP";NO0003572802;AFK;"Oslo Børs";NOK;157,00;159,50;155,50;157,00;"11/02/2026 16:25";CET;4055;639471,00;157,00;11/02/2026
ARGAN;FR0010481960;ARG;"Euronext Paris";EUR;66,40;66,40;65,60;66,10;"11/02/2026 17:35";CET;15805;1043242,40;66,10;11/02/2026
"ARGENX SE";NL0010832176;ARGX;"Euronext Brussels";EUR;698,40;704,40;693,60;700,80;"11/02/2026 17:38";CET;50149;35119713,80;700,80;11/02/2026
"ARGENX SE";NL0010832176;2ARGX;"Trading After Hours";EUR;-;-;-;-;-;CET;-;-;-;-
"ARIMELIA ITG";ES0105601001;MLARI;"Euronext Access Paris";EUR;2,97;2,97;2,97;2,97;"17/09/2021 00:00";CET;-;-;2,98;11/02/2026
"Arista Networks";US0404132054;1ANET;"Euronext Global Equity Market";EUR;121,88;121,88;121,00;121,00;"11/02/2026 15:32";CET;254;30780,24;119,00;11/02/2026
"ARISTON HOLDING";NL0015000N33;ARIS;"Euronext Milan";EUR;5,515;5,545;5,425;5,51;"11/02/2026 17:35";CET;196708;1080800,59;5,51;11/02/2026
ARKEMA;FR0010313833;4AKE;EuroTLX;EUR;64,15;64,55;63,95;64,55;"11/02/2026 16:14";CET;131;8401,25;65,75;11/02/2026
ARKEMA;FR0010313833;AKE;"Euronext Paris";EUR;64,70;66,00;64,20;65,45;"11/02/2026 17:35";CET;332522;21734168,04;65,45;11/02/2026
ARKEMA;FR0010313833;2AKE;"Trading After Hours";EUR;-;-;-;-;-;CET;-;-;-;-
"ARKIMEDES FONDS";BE0945331669;-;"Euronext Expert Market";EUR;12,60;12,60;12,60;12,60;"20/01/2026 11:30";CET;190;2394,00;12,60;11/02/2026
ARMA;BE0051300847;-;"Euronext Expert Market";EUR;-;-;-;-;-;CET;-;-;-;-
"AROCA DEL PINAR";ES0105486007;MLARO;"Euronext Access Paris";EUR;14,60;14,60;14,60;14,60;"16/08/2020 00:00";CET;-;-;4,12;11/02/2026
"Aroundtown SA";LU1673108939;1AT1;"Euronext Global Equity Market";EUR;2,742;2,742;2,742;2,742;"06/01/2026 09:59";CET;1000;2742,00;3,03;11/02/2026
ARRABIDASHOPPING;PTCAP0AM0017;MLARR;"Euronext Access Lisbon";EUR;-;-;-;-;-;BST;-;-;-;-
"ARRIBATEC GROUP";NO0013682948;ARR;"Oslo Børs";NOK;8,721;9,25;8,721;9,25;"11/02/2026 16:25";CET;62849;565117,10;9,25;11/02/2026
ARTEA;FR0012185536;ARTE;"Euronext Paris";EUR;9,15;9,15;8,95;8,95;"11/02/2026 17:35";CET;28;253,30;8,95;11/02/2026
"ARTERRA BIOSCIENCE";IT0005386369;ARBS;"Euronext Growth Milan";EUR;3,10;3,20;3,10;3,14;"11/02/2026 16:36";CET;15000;47280,00;3,14;11/02/2026
"Arthur Gallagher";US3635761097;1AJG;"Euronext Global Equity Market";EUR;215,50;215,50;215,50;215,50;"05/02/2026 15:14";CET;2;431,00;173,60;11/02/2026
"ARTMARKET COM";FR0000074783;PRC;"Euronext Paris";EUR;3,13;3,20;3,04;3,09;"11/02/2026 17:29";CET;25582;79165,63;3,09;11/02/2026
"ARTOIS NOM.";FR0000076952;ARTO;"Euronext Paris";EUR;8500,00;8500,00;8500,00;8500,00;"04/02/2026 16:30";CET;1;8500,00;8500,00;11/02/2026
"ARVERNE GROUP";FR001400JWR8;ARVEN;"Euronext Paris";EUR;5,05;5,20;5,00;5,20;"11/02/2026 17:28";CET;3804;19550,25;5,20;11/02/2026
"ARVERNE WARRANT";FR0014003AC4;ARVBS;"Euronext Paris";EUR;0,05;0,05;0,05;0,05;"25/11/2025 11:23";CET;150000;7500,00;0,05;11/02/2026
ASCENCIO;BE0003856730;ASCE;"Euronext Brussels";EUR;52,20;52,20;51,80;52,10;"11/02/2026 17:35";CET;7463;388105,80;52,10;11/02/2026
ASCOPIAVE;IT0004093263;ASC;"Euronext Milan";EUR;3,42;3,495;3,40;3,49;"11/02/2026 17:35";CET;144301;498361,56;3,49;11/02/2026
"ASHLER ET MANSON";FR0012968485;MLAEM;"Euronext Access Paris";EUR;2,84;2,84;2,84;2,84;"11/02/2026 11:30";CET;201;570,84;2,84;11/02/2026
"ASM INTERNATIONAL";NL0000334118;4ASM;EuroTLX;EUR;715,60;715,60;715,60;715,60;"28/01/2026 10:23";CET;1;715,60;694,80;11/02/2026
"ASM INTERNATIONAL";NL0000334118;2ASM;"Trading After Hours";EUR;-;-;-;-;-;CET;-;-;-;-
"ASM INTERNATIONAL";NL0000334118;ASM;"Euronext Amsterdam";EUR;684,80;700,00;676,80;696,60;"11/02/2026 17:36";CET;120129;83328496,60;696,60;11/02/2026
ASML;NL0010273215;4ASML;EuroTLX;EUR;1262,60;1262,60;1201,60;1201,60;"10/02/2026 09:08";CET;21;25358,40;1207,00;11/02/2026
ASML;NL0010273215;2ASML;"Trading After Hours";EUR;1216,80;1216,80;1205,20;1205,20;"11/02/2026 19:40";CET;11;13268,80;1206,20;11/02/2026
ASML;NL0010273215;1ASML;"Euronext Global Equity Market";EUR;1189,00;1222,00;1177,80;1205,20;"11/02/2026 17:35";CET;2099;2522114,20;1205,20;11/02/2026
"ASML HOLDING";NL0010273215;ASML;"Euronext Amsterdam";EUR;1185,40;1224,00;1176,60;1207,80;"11/02/2026 17:35";CET;530632;638337848,80;1207,80;11/02/2026
"ASR NEDERLAND";NL0011872643;2ASRNL;"Trading After Hours";EUR;-;-;-;-;-;CET;-;-;-;-
"ASR NEDERLAND";NL0011872643;ASRNL;"Euronext Amsterdam";EUR;61,46;61,80;60,88;60,98;"11/02/2026 17:35";CET;460688;28167061,15;60,98;11/02/2026
"Assa Abloy";SE0007100581;1ASSA;"Euronext Global Equity Market";EUR;33,46;33,46;33,46;33,46;"08/01/2026 09:00";CET;35;1171,10;36,79;11/02/2026
ASSYSTEM;FR0000074148;ASY;"Euronext Paris";EUR;47,50;47,50;42,90;43,50;"11/02/2026 17:35";CET;16969;765577,10;43,50;11/02/2026
"AST SPACEMOBILE IN";US00217D1000;1ASTS;"Euronext Global Equity Market";EUR;84,50;87,00;80,00;82,50;"11/02/2026 17:03";CET;898;75934,50;82,50;11/02/2026
"ASTERA LABS";US04626A1034;1ALAB;"Euronext Global Equity Market";EUR;134,00;137,00;128,00;129,00;"11/02/2026 17:20";CET;658;85963,00;127,00;11/02/2026
"ASTICKSO XXI";ES0105708004;MLAST;"Euronext Access Paris";EUR;9,85;9,85;9,85;9,85;"20/07/2023 00:00";CET;-;-;9,85;11/02/2026
"ASTRONICS CORP";US0464331083;1ATRO;"Euronext Global Equity Market";EUR;68,65;68,65;67,65;67,65;"03/02/2026 15:48";CET;24;1635,60;60,85;11/02/2026
"AT&S Austria";AT0000969985;1ATS;"Euronext Global Equity Market";EUR;53,80;53,80;52,50;53,30;"10/02/2026 17:19";CET;204;10866,10;51,30;11/02/2026
AT&T;US00206R1023;4T;EuroTLX;EUR;20,13;20,13;20,13;20,13;"22/01/2026 13:16";CET;25;503,25;24,03;11/02/2026
AT&T;US00206R1023;1T;"Euronext Global Equity Market";EUR;23,045;24,00;23,045;23,985;"11/02/2026 17:26";CET;1024;24455,85;24,04;11/02/2026
AT&T;US00206R1023;2T;"Trading After Hours";EUR;22,505;22,505;22,505;22,505;"02/02/2026 18:08";CET;88;1980,44;24,04;11/02/2026
ATARI;FR0010478248;ALATA;"Euronext Growth Paris";EUR;0,1185;0,12;0,118;0,1195;"11/02/2026 17:25";CET;100846;11938,00;0,1195;11/02/2026
ATEA;NO0004822503;ATEA;"Oslo Børs";NOK;143,80;145,00;138,40;141,00;"11/02/2026 16:33";CET;396902;56062482,85;141,00;11/02/2026
ATEME;FR0011992700;ATEME;"Euronext Paris";EUR;7,60;7,66;7,50;7,50;"11/02/2026 17:35";CET;3431;25952,82;7,50;11/02/2026
ATENOR;BE0003837540;ATEB;"Euronext Brussels";EUR;2,64;2,70;2,64;2,70;"11/02/2026 11:01";CET;3400;8998,02;2,70;11/02/2026
ATLAND;FR0013455482;ATLD;"Euronext Paris";EUR;39,80;40,00;39,20;39,70;"11/02/2026 17:28";CET;138;5474,10;39,70;11/02/2026
"ATLANTIC SAPPHI TR";NO0013340802;ASAS;"Oslo Børs";NOK;0,206;0,206;0,206;0,206;"15/01/2026 10:56";CET;1;0,21;0,206;11/02/2026
"ATLANTIC SAPPHIRE";NO0013464750;ASA;"Oslo Børs";NOK;5,00;5,00;4,71;4,721;"11/02/2026 16:26";CET;64199;310619,86;4,721;11/02/2026
"Atlas Copco";SE0017486889;1ATCA;"Euronext Global Equity Market";EUR;17,95;17,95;17,95;17,95;"10/02/2026 12:17";CET;57;1023,15;17,84;11/02/2026
"Atlas Copco B";SE0017486897;1ATCB;"Euronext Global Equity Market";EUR;15,485;15,485;15,485;15,485;"10/02/2026 09:00";CET;5;77,43;15,895;11/02/2026
"Atlassian Corp";US0494681010;1TEAM;"Euronext Global Equity Market";EUR;79,79;79,79;72,61;73,08;"11/02/2026 17:22";CET;2287;167956,70;72,61;11/02/2026
"Atmos Energy";US0495601058;1ATO;"Euronext Global Equity Market";EUR;143,05;143,05;143,05;143,05;"09/02/2026 17:05";CET;4;572,20;150,75;11/02/2026
ATON;FR0004153930;ALTAO;"Euronext Growth Paris";EUR;0,0062;0,0062;0,006;0,006;"11/02/2026 17:35";CET;1830200;10999,75;0,006;11/02/2026
"ATON GREEN STORAGE";IT0005449464;ATON;"Euronext Growth Milan";EUR;1,625;1,625;1,625;1,625;"10/02/2026 10:14";CET;500;812,50;1,625;11/02/2026
ATOS;FR001400X2S4;2ATO;"Trading After Hours";EUR;-;-;-;-;-;CET;-;-;-;-
ATOS;FR001400X2S4;ATO;"Euronext Paris";EUR;48,40;48,40;46,56;46,58;"11/02/2026 17:35";CET;101455;4801275,24;46,58;11/02/2026
"ATRIUM BIRE SIGI";PTTBI0AM0006;MLATR;"Euronext Access Lisbon";EUR;2,98;2,98;2,98;2,98;"05/08/2025 21:00";BST;16780;50004,40;2,98;11/02/2026
AUBAY;FR0000063737;AUB;"Euronext Paris";EUR;53,90;54,00;50,40;50,40;"11/02/2026 17:35";CET;9257;479227,10;50,40;11/02/2026
AUDACIA;FR00140059B5;ALAUD;"Euronext Growth Paris";EUR;4,14;4,18;4,02;4,08;"11/02/2026 16:53";CET;4417;18086,28;4,08;11/02/2026
"AUGROS COSMETIC";FR0000061780;AUGR;"Euronext Paris";EUR;5,20;5,30;5,20;5,30;"11/02/2026 16:47";CET;536;2827,20;5,30;11/02/2026
AUMANN;DE000A2DAM03;4AAG;EuroTLX;EUR;14,06;14,06;14,06;14,06;"30/01/2026 09:21";CET;19;267,14;14,58;11/02/2026
AUMANN;DE000A2DAM03;1AAG;"Euronext Global Equity Market";EUR;13,48;13,82;13,16;13,16;"20/10/2025 15:50";CET;354;4716,32;15,28;11/02/2026
AUMANN;DE000A2DAM03;2AAG;"Trading After Hours";EUR;9,88;9,88;9,88;9,88;"13/03/2025 18:06";CET;150;1482,00;15,28;11/02/2026
Aumovio;DE000AUM0V10;1AUMO;"Euronext Global Equity Market";EUR;41,38;41,38;41,38;41,38;"03/02/2026 15:06";CET;10;413,80;43,34;11/02/2026
AUREA;FR0000039232;AURE;"Euronext Paris";EUR;6,10;6,10;5,94;5,94;"11/02/2026 13:10";CET;246;1493,44;5,94;11/02/2026
"AURSKOG SPAREBANK";NO0006001601;AURG;"Oslo Børs";NOK;259,00;259,00;257,05;257,05;"11/02/2026 16:17";CET;239;61894,35;257,05;11/02/2026
Aurubis;DE0006766504;1AUR;"Euronext Global Equity Market";EUR;170,00;170,00;166,80;166,80;"11/02/2026 16:16";CET;121;20491,60;168,20;11/02/2026
"AUSTEVOLL SEAFOOD";NO0010073489;AUSS;"Oslo Børs";NOK;93,90;94,50;93,30;94,30;"11/02/2026 16:30";CET;122579;11532256,40;94,30;11/02/2026
"AUTO1 Group SE";DE000A2LQ884;1AG1;"Euronext Global Equity Market";EUR;21,56;21,56;21,56;21,56;"11/02/2026 15:52";CET;300;6468,00;21,68;11/02/2026
AUTODESK;US0527691069;2ADSK;"Trading After Hours";EUR;203,95;203,95;203,95;203,95;"03/02/2026 18:44";CET;3;611,85;195,72;11/02/2026
AUTODESK;US0527691069;4ADSK;EuroTLX;EUR;274,55;274,55;274,55;274,55;"08/09/2025 13:21";CET;2;549,10;195,70;11/02/2026
AUTODESK;US0527691069;1ADSK;"Euronext Global Equity Market";EUR;197,68;197,68;197,68;197,68;"11/02/2026 17:07";CET;2;395,36;195,72;11/02/2026
"AUTOMATIC DATA PRO";US0530151036;4ADP;EuroTLX;EUR;225,95;225,95;225,95;225,95;"29/10/2025 16:11";CET;5;1129,75;185,46;11/02/2026
"AUTOMATIC DATA PRO";US0530151036;2ADP;"Trading After Hours";EUR;191,14;191,14;191,14;191,14;"09/02/2026 18:00";CET;1;191,14;185,32;11/02/2026
"AUTOMATIC DATA PRO";US0530151036;1ADP;"Euronext Global Equity Market";EUR;191,02;191,02;191,02;191,02;"11/02/2026 11:55";CET;26;4966,52;185,32;11/02/2026
"AUTOSTORE HOLDINGS";BMG0670A1099;AUTO;"Oslo Børs";NOK;11,73;11,73;11,09;11,09;"11/02/2026 16:29";CET;10857640;123265856,78;11,09;11/02/2026
"AUTOSTRADE MERID";IT0000084043;AUTME;"Euronext Milan";EUR;2,925;2,93;2,925;2,93;"10/02/2026 14:20";CET;323;944,83;2,93;11/02/2026
AUTOZONE;US0533321024;4AZO;EuroTLX;EUR;2572,00;2572,00;2572,00;2572,00;"27/02/2024 12:58";CET;20;51440,00;3114,00;11/02/2026
AUTOZONE;US0533321024;1AZO;"Euronext Global Equity Market";EUR;3099,00;3099,00;3099,00;3099,00;"30/01/2026 10:08";CET;1;3099,00;3123,00;11/02/2026
AUTOZONE;US0533321024;2AZO;"Trading After Hours";EUR;3090,00;3090,00;3090,00;3090,00;"23/01/2026 19:01";CET;1;3090,00;3123,00;11/02/2026
AVANTIUM;NL0015002IE0;AVTX;"Euronext Amsterdam, Brussels";EUR;6,88;6,905;6,623;6,67;"11/02/2026 17:35";CET;161134;1084584,08;6,67;11/02/2026
"Avanza Bank";SE0012454072;1AZA;"Euronext Global Equity Market";EUR;33,63;33,63;33,63;33,63;"03/11/2025 09:00";CET;3;100,89;33,48;11/02/2026
"AVENIR TELECOM";FR001400CFI7;AVT;"Euronext Paris";EUR;0,109;0,1105;0,097;0,11;"11/02/2026 17:35";CET;1921035;199127,39;0,11;11/02/2026
AVENTADOR;FR001400IV58;ALAVE;"Euronext Growth Paris";EUR;0,0006;0,0008;0,0006;0,0008;"12/11/2024 09:49";CET;269500;171,70;0,0008;11/02/2026
"Avery Den";US0536111091;1AVY;"Euronext Global Equity Market";EUR;157,00;157,00;157,00;157,00;"11/06/2025 16:44";CET;3;471,00;167,00;11/02/2026
AVIO;IT0005119810;AVIO;"Euronext Milan";EUR;33,15;33,95;32,70;33,45;"11/02/2026 17:35";CET;492114;16366566,90;33,45;11/02/2026
"AVIS BUDGET GROUP";US0537741052;1CAR;"Euronext Global Equity Market";EUR;109,90;109,90;109,90;109,90;"15/12/2025 15:38";CET;25;2747,50;97,62;11/02/2026
AVOLTA;CH0023405456;1AVOL;"Euronext Global Equity Market";EUR;53,50;53,50;53,50;53,50;"11/02/2026 10:34";CET;80;4280,00;53,50;11/02/2026
"AWILCO LNG";NO0010607971;ALNG;"Euronext Expand Oslo";NOK;2,60;2,61;2,515;2,56;"11/02/2026 16:28";CET;272756;700183,46;2,56;11/02/2026
AXA;FR0000120628;1CS;"Euronext Global Equity Market";EUR;37,73;38,32;37,73;37,75;"11/02/2026 17:28";CET;5159;196139,63;37,76;11/02/2026
AXA;FR0000120628;4CS;EuroTLX;EUR;38,70;38,80;38,70;38,80;"20/01/2026 14:58";CET;550;21335,00;37,75;11/02/2026
AXA;FR0000120628;CS;"Euronext Paris";EUR;38,40;38,47;37,72;37,79;"11/02/2026 17:38";CET;3435709;130261438,87;37,79;11/02/2026
AXA;FR0000120628;2CS;"Trading After Hours";EUR;42,08;42,08;42,08;42,08;"15/12/2025 18:00";CET;50;2104,00;37,76;11/02/2026
"AXA NV26";FR0014013Q98;CSNV;"Euronext Paris";EUR;40,00;40,00;40,00;40,00;"29/01/2026 16:17";CET;400;16000,00;40,00;11/02/2026
AXACTOR;NO0010840515;ACR;"Oslo Børs";NOK;8,48;8,58;8,48;8,56;"11/02/2026 16:25";CET;402351;3428174,70;8,56;11/02/2026
"AXCELIS TECHNOLOGI";US0545402085;1ACLS;"Euronext Global Equity Market";EUR;75,14;75,16;75,14;75,16;"10/02/2026 17:03";CET;100;7514,96;76,56;11/02/2026
"Axfood AB";SE0006993770;1AXFO;"Euronext Global Equity Market";EUR;-;-;-;-;-;CET;-;-;-;-
"Axon Ent";US05464C1018;1AXON;"Euronext Global Equity Market";EUR;380,80;384,40;380,80;384,40;"11/02/2026 10:36";CET;40;15268,00;369,40;11/02/2026
"AXSOME THERAPEUTIC";US05464T1043;1AXSM;"Euronext Global Equity Market";EUR;151,85;151,85;151,85;151,85;"09/02/2026 11:00";CET;45;6833,25;153,75;11/02/2026
"AYFIE INTERNATIONA";NO0012861683;AIX;"Euronext Growth Oslo";NOK;4,10;4,10;3,80;4,10;"10/02/2026 15:05";CET;15459;60158,83;4,10;11/02/2026
AYVENS;FR0013258662;AYV;"Euronext Paris";EUR;11,41;11,53;11,14;11,16;"11/02/2026 17:35";CET;1153265;12929626,01;11,16;11/02/2026
AYVENS;FR0013258662;2AYV;"Trading After Hours";EUR;-;-;-;-;-;CET;-;-;-;-
"AZ LEASING";IT0004812258;MLAZL;"Euronext Access Paris";EUR;0,625;0,625;0,625;0,625;"06/03/2024 11:30";CET;16;10,00;0,625;11/02/2026
"AZELIS GROUP";BE0974400328;AZE;"Euronext Brussels";EUR;9,89;9,91;9,68;9,77;"11/02/2026 17:35";CET;642361;6278266,96;9,77;11/02/2026
AZERION;NL00150006Z9;AZRN;"Euronext Amsterdam";EUR;1,045;1,05;1,02;1,045;"11/02/2026 17:29";CET;28162;29244,80;1,045;11/02/2026
"AZERION WARRANTS";NL00150007A0;AZRNW;"Euronext Amsterdam";EUR;0,0005;0,0005;0,0005;0,0005;"29/12/2025 17:15";CET;80;0,04;0,0005;11/02/2026
AZIMUT;IT0003261697;AZM;"Euronext Milan";EUR;36,35;36,51;34,10;34,85;"11/02/2026 17:36";CET;2164109;75592313,27;34,85;11/02/2026
AZIMUT;IT0003261697;2AZM;"Trading After Hours";EUR;34,96;35,04;34,90;34,99;"11/02/2026 20:29";CET;5369;187649,31;34,95;11/02/2026
"AZOREAN TECH";PTAZR0AM0006;MLAAT;"Euronext Access Paris";EUR;0,26;0,26;0,26;0,26;"06/02/2026 11:30";CET;168;43,68;0,26;11/02/2026
"B&C SPEAKERS";IT0001268561;BEC;"Euronext Milan";EUR;13,85;14,00;13,80;13,90;"11/02/2026 17:35";CET;21329;296340,35;13,90;11/02/2026
B.COM.PORTUGUES;PTBCP0AM0015;2BCP;"Trading After Hours";EUR;-;-;-;-;-;CET;-;-;-;-
B.COM.PORTUGUES;PTBCP0AM0015;BCP;"Euronext Lisbon";EUR;0,905;0,9128;0,89;0,90;"11/02/2026 22:35";BST;51599660;46443137,86;0,90;11/02/2026
B.F.;IT0005187460;BFG;"Euronext Milan";EUR;4,43;4,44;4,40;4,40;"11/02/2026 17:35";CET;12391;54862,80;4,40;11/02/2026
"B2 Impact";NO0010633951;B2I;"Oslo Børs";NOK;21,20;21,50;21,05;21,40;"11/02/2026 16:25";CET;323136;6878174,85;21,40;11/02/2026
BAIKOWSKI;FR0013384369;ALBKK;"Euronext Growth Paris";EUR;20,00;20,60;19,80;20,60;"11/02/2026 17:35";CET;1825;36894,00;20,60;11/02/2026
"BAINS MER MONACO";MC0000031187;BAIN;"Euronext Paris";EUR;133,00;133,00;131,00;133,00;"11/02/2026 17:35";CET;126;16603,00;133,00;11/02/2026
BAKKAFROST;FO0000000179;BAKKA;"Oslo Børs";NOK;466,60;471,40;456,00;464,20;"11/02/2026 16:25";CET;166876;77257963,50;464,20;11/02/2026
"Ball Corp";US0584981064;1BALL;"Euronext Global Equity Market";EUR;43,00;43,00;43,00;43,00;"03/10/2025 15:30";CET;11;473,00;56,92;11/02/2026
"BALTIC SEA PROP";NO0010810476;BALT;"Euronext Growth Oslo";NOK;50,00;50,00;50,00;50,00;"11/02/2026 12:18";CET;100;5000,00;50,00;11/02/2026
BALYO;FR0013258399;BALYO;"Euronext Paris";EUR;0,596;0,598;0,596;0,596;"11/02/2026 17:25";CET;13247;7896,38;0,596;11/02/2026
"BAM GROEP KON";NL0000337319;BAMNB;"Euronext Amsterdam";EUR;9,47;9,495;9,33;9,445;"11/02/2026 17:36";CET;492444;4640262,70;9,445;11/02/2026
"BANCA GENERALI";IT0001031084;BGN;"Euronext Milan";EUR;58,25;58,30;52,85;53,60;"11/02/2026 17:35";CET;1678321;90754187,95;53,60;11/02/2026
"BANCA GENERALI";IT0001031084;2BGN;"Trading After Hours";EUR;54,85;54,85;53,95;54,70;"11/02/2026 20:29";CET;6633;361104,05;54,45;11/02/2026
"BANCA IFIS";IT0003188064;IF;"Euronext Milan";EUR;27,00;27,00;25,08;25,08;"11/02/2026 17:35";CET;645311;16666809,54;25,08;11/02/2026
"BANCA MEDIOLANUM";IT0004776628;2BMED;"Trading After Hours";EUR;18,20;18,20;17,78;17,90;"11/02/2026 20:29";CET;49422;884103,35;17,89;11/02/2026
"BANCA MEDIOLANUM";IT0004776628;BMED;"Euronext Milan";EUR;19,67;19,68;17,77;17,77;"11/02/2026 17:37";CET;7637156;139441961,32;17,77;11/02/2026
"BANCA MPS";IT0005508921;2BMPS;"Trading After Hours";EUR;8,56;8,57;8,485;8,535;"11/02/2026 20:29";CET;136941;1166058,66;8,515;11/02/2026
"BANCA MPS";IT0005508921;BMPS;"Euronext Milan";EUR;8,753;8,82;8,394;8,505;"11/02/2026 17:39";CET;43603240;372026010,42;8,505;11/02/2026
"BANCA SISTEMA";IT0003173629;BST;"Euronext Milan";EUR;1,702;1,702;1,672;1,686;"11/02/2026 17:35";CET;218350;367076,20;1,686;11/02/2026
"BANCO BPM";IT0005218380;2BAMI;"Trading After Hours";EUR;12,50;12,70;12,43;12,485;"11/02/2026 20:29";CET;21056;262633,83;12,475;11/02/2026
"BANCO BPM";IT0005218380;BAMI;"Euronext Milan";EUR;12,625;12,735;12,39;12,425;"11/02/2026 17:35";CET;6681268;83509299,39;12,425;11/02/2026
"BANCO DE SABADELL";ES0113860A34;2SAB;"Trading After Hours";EUR;3,485;3,485;3,485;3,485;"12/01/2026 20:18";CET;1;3,49;3,253;11/02/2026
"BANCO DE SABADELL";ES0113860A34;4SAB;EuroTLX;EUR;3,063;3,063;3,063;3,063;"21/11/2025 09:35";CET;1000;3063,00;3,255;11/02/2026
"BANCO DE SABADELL";ES0113860A34;1SAB;"Euronext Global Equity Market";EUR;3,217;3,253;3,217;3,253;"11/02/2026 13:50";CET;3900;12652,30;3,253;11/02/2026
"BANCO SANTANDER";ES0113900J37;1SANX;"Euronext Global Equity Market";EUR;10,70;10,70;10,48;10,512;"11/02/2026 17:20";CET;32527;346512,34;10,458;11/02/2026
"BANCO SANTANDER";ES0113900J37;4SANX;EuroTLX;EUR;10,556;10,556;10,556;10,556;"05/02/2026 15:38";CET;2150;22695,40;10,464;11/02/2026
"BANCO SANTANDER";ES0113900J37;2SANX;"Trading After Hours";EUR;10,762;10,762;10,534;10,54;"03/02/2026 19:22";CET;3500;37328,00;10,458;11/02/2026
"BANIJAY GROUP";NL0015000X07;BNJ;"Euronext Amsterdam";EUR;8,20;8,40;8,20;8,20;"11/02/2026 17:23";CET;3211;26687,10;8,20;11/02/2026
"BANIJAY GROUP WARR";NL0015000H56;BNJW;"Euronext Amsterdam";EUR;0,25;0,25;0,25;0,25;"15/03/2022 11:07";CET;163;40,75;0,25;11/02/2026
"BANIMMO A";BE0003870871;BANI;"Euronext Brussels";EUR;2,92;2,96;2,92;2,96;"11/02/2026 17:20";CET;5211;15232,96;2,96;11/02/2026
"BANK OF AMERICA";US0605051046;2BAC;"Trading After Hours";EUR;47,215;47,215;47,215;47,215;"09/02/2026 19:26";CET;1;47,22;46,135;11/02/2026
"BANK OF AMERICA";US0605051046;4BAC;EuroTLX;EUR;47,50;47,50;47,50;47,50;"23/12/2025 13:15";CET;7;332,50;46,005;11/02/2026
"BANK OF AMERICA";US0605051046;1BAC;"Euronext Global Equity Market";EUR;46,42;46,42;46,135;46,135;"11/02/2026 17:35";CET;605;28053,67;46,135;11/02/2026
"BANK OF IRELAND GP";IE00BD1RP616;BIRG;"Euronext Dublin";EUR;16,93;16,98;16,335;16,905;"11/02/2026 21:06";IST;2667228;44715633,78;16,905;11/02/2026
"BANK OZK";US06417N1037;1OZK;"Euronext Global Equity Market";EUR;39,74;39,74;39,74;39,74;"30/01/2026 16:25";CET;250;9935,00;42,40;11/02/2026
Bankinter;ES0113679I37;1BKT;"Euronext Global Equity Market";EUR;14,45;14,45;14,45;14,45;"02/02/2026 15:30";CET;50;722,50;14,11;11/02/2026
"BANQUP GROUP";BE0974371032;BANQ;"Euronext Brussels";EUR;3,76;3,99;3,76;3,95;"11/02/2026 17:28";CET;41848;166061,27;3,95;11/02/2026
"BARBARA BUI";FR0000062788;BUI;"Euronext Paris";EUR;4,00;4,00;4,00;4,00;"11/02/2026 16:30";CET;2;8,00;4,00;11/02/2026
BARCO;BE0974362940;2BAR;"Trading After Hours";EUR;9,745;9,745;9,745;9,745;"08/01/2025 18:00";CET;42;409,29;10,80;11/02/2026
BARCO;BE0974362940;BAR;"Euronext Brussels";EUR;11,09;11,11;10,73;10,80;"11/02/2026 17:35";CET;160018;1740766,84;10,80;11/02/2026
"BARINGS CORE SPAIN";ES0105362000;MLBAR;"Euronext Access Paris";EUR;1,50;1,50;1,50;1,50;"18/09/2018 00:00";CET;-;-;0,505;11/02/2026
"BARRAMUNDI GROUP";SGXZ33675836;BARRA;"Euronext Growth Oslo";NOK;0,46;0,46;0,46;0,46;"10/02/2026 16:25";CET;19500;8970,00;0,46;11/02/2026
"BARRY CALLEBAUT";CH0009002962;1BARN;"Euronext Global Equity Market";EUR;1500,00;1550,00;1500,00;1550,00;"06/02/2026 15:05";CET;2;3050,00;1550,00;11/02/2026
BASF;DE000BASF111;2BAS;"Trading After Hours";EUR;50,42;50,42;50,30;50,30;"11/02/2026 18:43";CET;157;7915,10;50,42;11/02/2026
BASF;DE000BASF111;4BAS;EuroTLX;EUR;50,62;50,96;50,62;50,96;"10/02/2026 16:30";CET;1068;54085,28;51,68;11/02/2026
BASF;DE000BASF111;1BAS;"Euronext Global Equity Market";EUR;50,80;51,78;50,54;51,78;"11/02/2026 17:29";CET;10057;514194,78;51,78;11/02/2026
BASIC-FIT;NL0011872650;2BFIT;"Trading After Hours";EUR;-;-;-;-;-;CET;-;-;-;-
BASIC-FIT;NL0011872650;BFIT;"Euronext Amsterdam";EUR;31,90;31,90;31,02;31,20;"11/02/2026 17:35";CET;90478;2827718,26;31,20;11/02/2026
BASICNET;IT0001033700;BAN;"Euronext Milan";EUR;7,23;7,36;7,16;7,16;"11/02/2026 17:35";CET;24549;178509,45;7,16;11/02/2026
BASSAC;FR0004023208;BASS;"Euronext Paris";EUR;52,00;52,20;51,20;51,40;"11/02/2026 17:35";CET;5614;289509,60;51,40;11/02/2026
"BASTIDE LE CONFORT";FR0000035370;BLC;"Euronext Paris";EUR;23,55;23,55;22,90;22,95;"11/02/2026 17:35";CET;1823;42370,45;22,95;11/02/2026
"BASTOGI SPA";IT0004412497;B;"Euronext Milan";EUR;1,015;1,145;0,99;1,135;"11/02/2026 17:39";CET;672072;719058,15;1,135;11/02/2026
"BAWAG Group";AT0000BAWAG2;1BGA;"Euronext Global Equity Market";EUR;144,00;144,00;144,00;144,00;"04/02/2026 11:02";CET;40;5760,00;138,80;11/02/2026
"BAXTER INTERN";US0718131099;2BAX;"Trading After Hours";EUR;16,12;16,12;16,12;16,12;"12/11/2025 20:04";CET;200;3224,00;18,68;11/02/2026
"BAXTER INTERN";US0718131099;4BAX;EuroTLX;EUR;20,73;20,73;20,73;20,73;"25/08/2025 11:36";CET;185;3835,05;18,668;11/02/2026
"BAXTER INTERN";US0718131099;1BAX;"Euronext Global Equity Market";EUR;18,124;18,124;18,124;18,124;"09/02/2026 09:00";CET;60;1087,44;18,68;11/02/2026
BAYER;DE000BAY0017;4BAYN;EuroTLX;EUR;46,16;46,17;46,15;46,17;"10/02/2026 12:54";CET;4000;184633,05;46,05;11/02/2026
BAYER;DE000BAY0017;1BAYN;"Euronext Global Equity Market";EUR;45,86;46,265;45,465;46,14;"11/02/2026 17:35";CET;11806;541749,24;46,14;11/02/2026
BAYER;DE000BAY0017;2BAYN;"Trading After Hours";EUR;45,575;45,575;45,575;45,575;"11/02/2026 18:00";CET;1;45,58;45,575;11/02/2026
BBVA;ES0113211835;4BBVA;EuroTLX;EUR;21,12;21,12;20,70;20,70;"05/02/2026 13:07";CET;250;5217,00;20,31;11/02/2026
BBVA;ES0113211835;2BBVA;"Trading After Hours";EUR;21,20;21,62;21,20;21,62;"10/02/2026 18:27";CET;700;15050,00;20,27;11/02/2026
BBVA;ES0113211835;1BBVA;"Euronext Global Equity Market";EUR;20,44;20,44;20,19;20,19;"11/02/2026 15:56";CET;1594;32414,16;20,27;11/02/2026
"BCA POP SONDRIO";IT0000784196;2BPSO;"Trading After Hours";EUR;18,25;18,25;18,035;18,035;"11/02/2026 19:32";CET;196;3555,50;18,14;11/02/2026
"BCA POP SONDRIO";IT0000784196;BPSO;"Euronext Milan";EUR;18,255;18,43;17,96;18,225;"11/02/2026 17:38";CET;465637;8476385,76;18,225;11/02/2026
"BCA PROFILO";IT0001073045;PRO;"Euronext Milan";EUR;0,1725;0,1735;0,169;0,171;"11/02/2026 17:35";CET;1055837;180269,32;0,171;11/02/2026
"BCO DESIO BRIANZA";IT0001041000;BDB;"Euronext Milan";EUR;9,11;9,18;8,75;8,84;"11/02/2026 17:35";CET;243709;2170870,51;8,84;11/02/2026
"BE SEMICONDUCTOR";NL0012866412;2BESI;"Trading After Hours";EUR;-;-;-;-;-;CET;-;-;-;-
"BE SEMICONDUCTOR";NL0012866412;BESI;"Euronext Amsterdam";EUR;168,85;172,45;167,00;170,90;"11/02/2026 17:38";CET;277673;47262866,20;170,90;11/02/2026
"BEBO HEALTH";CH1148983609;MLBBO;"Euronext Access Paris";EUR;1,79;1,79;1,79;1,79;"16/04/2025 11:31";CET;160;286,40;1,79;11/02/2026
Bechtle;DE0005158703;1BC8;"Euronext Global Equity Market";EUR;42,56;42,56;40,44;40,44;"10/02/2026 09:04";CET;4;166,00;36,20;11/02/2026
"BECTON, DICKINSON";US0758871091;1BDX;"Euronext Global Equity Market";EUR;144,15;151,25;144,15;150,15;"11/02/2026 17:28";CET;65;9651,25;148,45;11/02/2026
"BECTON, DICKINSON";US0758871091;2BDX;"Trading After Hours";EUR;148,40;148,40;148,40;148,40;"10/02/2026 18:00";CET;15;2226,00;148,45;11/02/2026
"BECTON, DICKINSON";US0758871091;4BDX;EuroTLX;EUR;140,17743;140,17743;140,17743;140,17743;"23/05/2025 12:28";CET;16;2305,50;174,40;11/02/2026
BEEWIZE;IT0001487047;BWZ;"Euronext Milan";EUR;0,343;0,373;0,343;0,373;"11/02/2026 17:35";CET;1831;635,01;0,373;11/02/2026
BEIERSDORF;DE0005200000;2BEI;"Trading After Hours";EUR;87,32;87,32;87,32;87,32;"19/11/2025 19:34";CET;1;87,32;103,90;11/02/2026
BEIERSDORF;DE0005200000;4BEI;EuroTLX;EUR;100,70;100,70;100,70;100,70;"02/02/2026 12:06";CET;1;100,70;103,90;11/02/2026
BEIERSDORF;DE0005200000;1BEI;"Euronext Global Equity Market";EUR;104,40;104,40;104,40;104,40;"11/02/2026 09:14";CET;6;626,40;103,90;11/02/2026
"Beijer Ref AB";SE0015949748;1BEIJ;"Euronext Global Equity Market";EUR;13,50;13,50;13,50;13,50;"11/02/2026 15:00";CET;300;4050,00;12,79;11/02/2026
BEKAERT;BE0974258874;BEKB;"Euronext Brussels";EUR;44,30;44,80;44,05;44,70;"11/02/2026 17:35";CET;43206;1924159,40;44,70;11/02/2026
BELIMO;CH1101098163;1BEAN;"Euronext Global Equity Market";EUR;865,00;865,00;865,00;865,00;"06/01/2026 15:35";CET;26;22490,00;970,00;11/02/2026
"BELLINI NAUTICA";IT0005497042;BELL;"Euronext Growth Milan";EUR;2,87;2,87;2,87;2,87;"10/02/2026 16:53";CET;500;1435,00;2,87;11/02/2026
BELUGA;BE0003723377;BELU;"Euronext Expert Market";EUR;0,14;0,14;0,14;0,14;"06/01/2026 11:30";CET;58;8,12;0,14;11/02/2026
"BELYSSE GROUP";BE0974314461;BELYS;"Euronext Brussels";EUR;0,77;0,77;0,75;0,75;"11/02/2026 14:55";CET;985;748,75;0,75;11/02/2026
"BEM INVEST";BE0046318490;-;"Euronext Expert Market";EUR;14,00;14,00;14,00;14,00;"21/02/2017 11:30";CET;5;70,00;14,00;11/02/2026
BENETEAU;FR0000035164;BEN;"Euronext Paris";EUR;7,94;7,965;7,665;7,68;"11/02/2026 17:35";CET;136872;1062292,88;7,68;11/02/2026
BENETEAU;FR0000035164;2BEN;"Trading After Hours";EUR;-;-;-;-;-;CET;-;-;-;-
BENFICA;PTSLB0AM0010;SLBEN;"Euronext Lisbon";EUR;6,68;6,68;6,48;6,66;"11/02/2026 21:56";BST;3732;24421,26;6,66;11/02/2026
"BENTLEY SYSTEMS IN";US08265T2087;1BSY;"Euronext Global Equity Market";EUR;28,40;28,40;28,40;28,40;"05/02/2026 16:37";CET;18;511,20;28,60;11/02/2026
"BERGEN CARBON SOL";NO0010950249;BCS;"Euronext Growth Oslo";NOK;3,68;3,78;3,56;3,68;"11/02/2026 16:25";CET;31661;114169,64;3,68;11/02/2026
"BERKSHIRE HATHAW B";US0846707026;4BRK;EuroTLX;EUR;425,00;425,00;425,00;425,00;"09/02/2026 17:02";CET;1;425,00;422,40;11/02/2026
"BERKSHIRE HATHAW B";US0846707026;1BRK;"Euronext Global Equity Market";EUR;419,20;422,80;419,20;421,45;"11/02/2026 17:35";CET;719;302834,20;421,45;11/02/2026
"BERKSHIRE HATHAW B";US0846707026;2BRKH;"Trading After Hours";EUR;419,20;419,20;419,20;419,20;"10/02/2026 19:11";CET;37;15510,40;421,45;11/02/2026
"BERNARD LOISEAU";FR0000066961;ALDBL;"Euronext Growth Paris";EUR;3,30;3,30;3,30;3,30;"11/02/2026 11:39";CET;335;1105,50;3,30;11/02/2026
"BEST BUY CO";US0865161014;2BBY;"Trading After Hours";EUR;56,26;56,26;56,26;56,26;"09/02/2026 18:00";CET;20;1125,20;56,33;11/02/2026
"BEST BUY CO";US0865161014;4BBY;EuroTLX;EUR;66,80;68,50;66,80;68,50;"25/11/2025 09:36";CET;300;20465,00;56,51;11/02/2026
"BEST BUY CO";US0865161014;1BBY;"Euronext Global Equity Market";EUR;57,32;57,32;57,32;57,32;"06/02/2026 15:27";CET;20;1146,40;56,33;11/02/2026
"BESTBE HOLDING";IT0005611642;BES;"Euronext Milan";EUR;0,056;0,058;0,056;0,058;"25/11/2025 16:02";CET;13476;762,26;0,058;11/02/2026
"BEVER HOLDING";NL0000285278;BEVER;"Euronext Amsterdam";EUR;2,50;2,50;2,50;2,50;"09/02/2026 16:30";CET;3;7,50;2,50;11/02/2026
BEWI;NO0010890965;BEWI;"Oslo Børs";NOK;16,30;16,38;16,14;16,18;"11/02/2026 16:25";CET;21151;343914,30;16,18;11/02/2026
"BEYOND MEAT";US08862E1091;1BYND;"Euronext Global Equity Market";EUR;0,6294;0,6454;0,597;0,6128;"11/02/2026 17:24";CET;173296;105350,13;0,6072;11/02/2026
"BEYOND MEAT";US08862E1091;4BYND;EuroTLX;EUR;0,6344;0,635;0,6344;0,635;"11/02/2026 13:54";CET;2700;1714,08;0,6082;11/02/2026
"BEYOND MEAT";US08862E1091;2BYND;"Trading After Hours";EUR;0,5894;0,6068;0,5894;0,6068;"11/02/2026 19:35";CET;3750;2223,30;0,5928;11/02/2026
"BFF BANK";IT0005244402;BFF;"Euronext Milan";EUR;4,636;4,824;4,288;4,306;"11/02/2026 17:37";CET;7411387;33050298,95;4,306;11/02/2026
"BGL BNP PARIBAS";LU0097891112;-;"Euronext Expert Market";EUR;89,00;89,00;89,00;89,00;"22/03/2022 11:30";CET;50;4450,00;89,00;11/02/2026
BIC;FR0000120966;BB;"Euronext Paris";EUR;55,70;56,00;54,00;54,80;"11/02/2026 17:35";CET;22489;1232495,30;54,80;11/02/2026
BIC;FR0000120966;2BB;"Trading After Hours";EUR;-;-;-;-;-;CET;-;-;-;-
"BIEN SPAREBANK";NO0012706763;BIEN;"Oslo Børs";NOK;148,00;148,00;147,00;147,00;"11/02/2026 11:01";CET;85;12545,00;147,00;11/02/2026
BIESSE;IT0003097257;BSS;"Euronext Milan";EUR;6,22;6,25;6,08;6,09;"11/02/2026 17:35";CET;97849;603100,55;6,09;11/02/2026
"BIGBEN INTERACTIVE";FR0000074072;BIG;"Euronext Paris";EUR;0,807;0,814;0,796;0,796;"11/02/2026 17:35";CET;15780;12650,48;0,796;11/02/2026
BIL;LU0006040975;-;"Euronext Expert Market";EUR;386,10;386,10;386,10;386,10;"04/04/2017 11:30";CET;1;386,10;386,00;11/02/2026
BILENDI;FR0004174233;ALBLD;"Euronext Growth Paris";EUR;13,80;14,60;13,80;14,45;"11/02/2026 17:35";CET;8500;120918,10;14,45;11/02/2026
"Bilfinger SE";DE0005909006;1GBF;"Euronext Global Equity Market";EUR;119,30;119,30;119,30;119,30;"11/02/2026 11:18";CET;25;2982,50;112,90;11/02/2026
"BILL HOLDINGS";US0900431000;1BILL;"Euronext Global Equity Market";EUR;41,475;41,475;41,475;41,475;"11/02/2026 15:45";CET;58;2405,55;40,085;11/02/2026
"BIO INOX";FR001400UBS7;MLNOX;"Euronext Access Paris";EUR;-;-;-;9,49;"19/12/2024 00:00";CET;-;-;9,50;11/02/2026
"Bio-Techne Corp";US09073M1045;1TECH;"Euronext Global Equity Market";EUR;54,00;54,00;54,00;54,00;"21/10/2025 15:31";CET;5;270,00;54,50;11/02/2026
"BIO-UV GROUP";FR0013345493;ALTUV;"Euronext Growth Paris";EUR;1,294;1,336;1,294;1,33;"11/02/2026 17:23";CET;13404;17599,53;1,33;11/02/2026
BIOGEN;US09062X1037;2BIIB;"Trading After Hours";EUR;144,50;144,50;144,50;144,50;"19/11/2025 18:30";CET;15;2167,50;160,85;11/02/2026
BIOGEN;US09062X1037;4BIIB;EuroTLX;EUR;161,35;161,35;161,35;161,35;"08/01/2026 09:56";CET;5;806,75;161,10;11/02/2026
BIOGEN;US09062X1037;1BIIB;"Euronext Global Equity Market";EUR;160,70;160,70;160,70;160,70;"10/02/2026 15:55";CET;12;1928,40;160,85;11/02/2026
"BIOMARIN PHARMA";US09061G1013;2BMRN;"Trading After Hours";EUR;47,27;47,43;47,27;47,43;"14/11/2025 18:22";CET;237;11224,91;50,66;11/02/2026
"BIOMARIN PHARMA";US09061G1013;1BMRN;"Euronext Global Equity Market";EUR;49,60;49,60;49,60;49,60;"11/02/2026 09:23";CET;100;4960,00;50,66;11/02/2026
"BIOMARIN PHARMA";US09061G1013;4BMRN;EuroTLX;EUR;49,60;49,60;49,60;49,60;"11/02/2026 09:11";CET;100;4960,00;50,76;11/02/2026
BIOMERIEUX;FR0013280286;2BIM;"Trading After Hours";EUR;-;-;-;-;-;CET;-;-;-;-
BIOMERIEUX;FR0013280286;BIM;"Euronext Paris";EUR;94,35;94,35;92,80;92,95;"11/02/2026 17:35";CET;115141;10724045,55;92,95;11/02/2026
BIOPHYTIS;FR001400OLP5;ALBPS;"Euronext Growth Paris";EUR;0,0578;0,0586;0,055;0,0573;"11/02/2026 17:26";CET;772679;44054,53;0,0573;11/02/2026
"BIOPHYTIS BSA";FR001400YN90;BPYBS;"Euronext Growth Paris";EUR;0,02;0,02;0,02;0,02;"21/08/2025 16:36";CET;29000;580,00;0,02;11/02/2026
"BIOPHYTIS BSA";FR001400LN79;BPBS;"Euronext Growth Paris";EUR;0,0005;0,0005;0,0005;0,0005;"02/02/2026 13:05";CET;14000;7,00;0,0005;11/02/2026
BIOSENIC;BE0974280126;BIOS;"Euronext Brussels, Paris";EUR;0,0024;0,0024;0,0023;0,0023;"11/02/2026 16:07";CET;155801;367,97;0,0023;11/02/2026
BIOSYNEX;FR0011005933;ALBIO;"Euronext Growth Paris";EUR;1,02;1,045;1,01;1,01;"11/02/2026 17:35";CET;9633;9906,43;1,01;11/02/2026
BIOTALYS;BE0974386188;BTLS;"Euronext Brussels";EUR;2,77;2,88;2,72;2,86;"11/02/2026 17:35";CET;52308;146480,77;2,86;11/02/2026
"BIP INV. PARTNERS";LU0110790085;-;"Euronext Expert Market";EUR;0,001;0,001;0,001;0,001;"04/11/2025 11:30";CET;3619;3,63;0,001;11/02/2026
"BITCOIN GROUP";DE000A1TNV91;4ADE;EuroTLX;EUR;29,34;29,34;29,34;29,34;"10/02/2026 17:01";CET;40;1173,60;28,10;11/02/2026
"BITCOIN GROUP";DE000A1TNV91;1ADE;"Euronext Global Equity Market";EUR;28,14;29,48;28,02;28,76;"11/02/2026 16:53";CET;467;13360,18;28,46;11/02/2026
"BITCOIN GROUP";DE000A1TNV91;2ADE;"Trading After Hours";EUR;26,50;26,50;26,50;26,50;"04/02/2026 19:56";CET;12;318,00;28,46;11/02/2026
"Bitdeer Tech";KYG114481008;1BTDR;"Euronext Global Equity Market";EUR;10,00;10,00;10,00;10,00;"05/02/2026 09:59";CET;46;460,00;10,35;11/02/2026
BKW;CH0130293662;1BKW;"Euronext Global Equity Market";EUR;157,00;157,00;157,00;157,00;"03/02/2026 10:57";CET;3;471,00;164,00;11/02/2026
"BLACK SEA PROPERTY";NO0013685750;BSP;"Euronext Growth Oslo";NOK;3,53;3,53;3,53;3,53;"11/02/2026 16:25";CET;15;52,95;3,53;11/02/2026
BLACKROCK;US09290D1019;1BLK;"Euronext Global Equity Market";EUR;913,00;913,00;912,30;912,30;"11/02/2026 11:51";CET;7;6387,50;908,30;11/02/2026
BLACKROCK;US09290D1019;2BLK;"Trading After Hours";EUR;954,40;963,50;954,40;963,50;"21/01/2026 20:28";CET;2;1917,90;908,30;11/02/2026
BLACKROCK;US09290D1019;4BLK;EuroTLX;EUR;960,00;960,00;960,00;960,00;"06/01/2026 09:59";CET;1;960,00;908,20;11/02/2026
"Blackstone Inc";US09260D1072;1BX;"Euronext Global Equity Market";EUR;115,80;115,80;111,84;113,52;"10/02/2026 16:21";CET;99;11394,56;111,14;11/02/2026
BLEECKER;FR0000062150;BLEE;"Euronext Paris";EUR;128,00;128,00;128,00;128,00;"11/02/2026 16:30";CET;1;128,00;128,00;11/02/2026
BLOCK;US8522341036;2SQ;"Trading After Hours";EUR;52,65;52,65;52,65;52,65;"14/11/2025 18:39";CET;38;2000,70;45,61;11/02/2026
BLOCK;US8522341036;1SQ;"Euronext Global Equity Market";EUR;48,155;48,155;48,155;48,155;"11/02/2026 11:50";CET;60;2889,30;45,61;11/02/2026
BLOCK;US8522341036;4SQ;EuroTLX;EUR;54,86;54,86;54,86;54,86;"02/01/2026 09:00";CET;5;274,30;45,605;11/02/2026
"BLOOM ENERGY A";US0937121079;1BLE;"Euronext Global Equity Market";EUR;125,06;129,40;118,40;123,30;"11/02/2026 17:35";CET;600;75174,44;123,30;11/02/2026
"BLUE OWL CAPITAL";US09581B1035;1OWL;"Euronext Global Equity Market";EUR;9,86;9,86;9,81;9,81;"05/02/2026 15:35";CET;60;588,70;10,60;11/02/2026
"BLUE SHARK POWER";FR0013340973;MLBSP;"Euronext Access Paris";EUR;2,74;3,22;2,74;3,22;"06/02/2026 16:30";CET;145;418,90;3,22;11/02/2026
BLUELINEA;FR0011041011;ALBLU;"Euronext Growth Paris";EUR;0,50;0,50;0,498;0,50;"11/02/2026 16:02";CET;2701;1347,94;0,50;11/02/2026
BLUENORD;NO0010379266;BNOR;"Oslo Børs";NOK;448,00;454,50;443,50;451,50;"11/02/2026 16:25";CET;111105;50129980,50;451,50;11/02/2026
BM3EAC;KYG137071075;BACE;"Euronext Amsterdam";USD;10,00;10,00;10,00;10,00;"14/03/2023 09:43";CET;354;3540,00;10,00;11/02/2026
BMW;DE0005190003;4BMW;EuroTLX;EUR;86,82;86,82;86,82;86,82;"06/02/2026 13:00";CET;5;434,10;89,42;11/02/2026
BMW;DE0005190003;1BMW;"Euronext Global Equity Market";EUR;89,20;89,76;88,30;89,44;"11/02/2026 17:26";CET;750;67091,74;89,46;11/02/2026
BMW;DE0005190003;2BMW;"Trading After Hours";EUR;87,32;87,32;87,30;87,30;"16/01/2026 18:12";CET;175;15279,50;89,46;11/02/2026
"BMW PREF";DE0005190037;1BMW3;"Euronext Global Equity Market";EUR;88,20;88,20;88,15;88,15;"10/02/2026 11:41";CET;10;881,80;88,55;11/02/2026
"BMW PREF";DE0005190037;4BMW3;EuroTLX;EUR;89,50;89,50;89,50;89,50;"14/01/2026 11:42";CET;3;268,50;89,00;11/02/2026
"BMW PREF";DE0005190037;2BMW3;"Trading After Hours";EUR;73,00;73,00;73,00;73,00;"08/10/2025 18:01";CET;10;730,00;88,55;11/02/2026
"BNP PARIBAS";FR0000131104;4BNP;EuroTLX;EUR;93,98;93,98;93,98;93,98;"05/02/2026 10:25";CET;90;8458,20;92,54;11/02/2026
"BNP PARIBAS";FR0000131104;2BNP;"Trading After Hours";EUR;95,46;95,46;91,06;92,00;"11/02/2026 18:46";CET;12;1098,06;91,51;11/02/2026
"BNP PARIBAS";FR0000131104;1BNP;"Euronext Global Equity Market";EUR;93,21;93,68;91,50;92,69;"11/02/2026 17:35";CET;1757;162657,58;92,69;11/02/2026
"BNP PARIBAS ACT.A";FR0000131104;BNP;"Euronext Paris";EUR;93,01;93,67;91,41;92,70;"11/02/2026 17:38";CET;2538430;235189030,87;92,70;11/02/2026
"BNP PARIBAS FORTIS";BE0172505399;-;"Euronext Expert Market";EUR;40,60;40,60;40,60;40,60;"10/02/2026 11:30";CET;150;6090,00;40,60;11/02/2026
"BOA CONCEPT";FR0011365907;ALBOA;"Euronext Growth Paris";EUR;12,70;13,20;12,60;12,75;"11/02/2026 17:13";CET;22788;292202,70;12,75;11/02/2026
"BODY ONE";FR0010106039;MLONE;"Euronext Access Paris";EUR;0,47;0,47;0,47;0,47;"10/02/2026 11:30";CET;1445;679,15;0,47;11/02/2026
BOEING;US0970231058;2BA;"Trading After Hours";EUR;203,40;203,40;203,40;203,40;"27/01/2026 19:27";CET;50;10170,00;201,70;11/02/2026
BOEING;US0970231058;4BA;EuroTLX;EUR;206,75;206,75;206,75;206,75;"14/01/2026 13:51";CET;57;11784,75;201,60;11/02/2026
BOEING;US0970231058;1BA;"Euronext Global Equity Market";EUR;203,00;203,00;199,62;199,62;"11/02/2026 16:24";CET;211;42326,00;201,70;11/02/2026
BOIRON;FR0000061129;BOI;"Euronext Paris";EUR;29,70;29,90;29,40;29,80;"11/02/2026 17:35";CET;1324;39357,90;29,80;11/02/2026
Boliden;SE0020050417;1BOL;"Euronext Global Equity Market";EUR;59,38;59,38;59,00;59,00;"09/02/2026 11:33";CET;42;2490,16;59,20;11/02/2026
BOLLORE;FR0000039299;2BOL;"Trading After Hours";EUR;5,985;5,985;5,985;5,985;"19/02/2025 18:00";CET;50;299,25;4,856;11/02/2026
BOLLORE;FR0000039299;BOL;"Euronext Paris";EUR;4,898;4,94;4,814;4,856;"11/02/2026 17:35";CET;1652998;8026495,33;4,856;11/02/2026
BOLOGNAFIERE;IT0003516066;BF;"Euronext Growth Milan";EUR;-;-;-;-;-;CET;-;-;-;-
BONDUELLE;FR0000063935;BON;"Euronext Paris";EUR;11,14;11,16;10,94;11,08;"11/02/2026 17:35";CET;9484;104923,94;11,08;11/02/2026
BONHEUR;NO0003110603;BONHR;"Oslo Børs";NOK;260,00;264,00;260,00;262,50;"11/02/2026 16:25";CET;30883;8119694,50;262,50;11/02/2026
BONYF;BE6333353298;MLBON;"Euronext Access Paris";EUR;5,25;5,25;5,25;5,25;"03/02/2026 11:30";CET;6;31,50;5,25;11/02/2026
"BOOKING HOLDINGS";US09857L1089;1BKNG;"Euronext Global Equity Market";EUR;3574,00;3588,00;3574,00;3588,00;"11/02/2026 16:14";CET;2;7162,00;3584,00;11/02/2026
"BOOKING HOLDINGS";US09857L1089;4BKNG;EuroTLX;EUR;4100,00;4100,00;4100,00;4100,00;"20/11/2025 15:08";CET;5;20500,00;3584,00;11/02/2026
"BOOKING HOLDINGS";US09857L1089;2BKNG;"Trading After Hours";EUR;4500,00;4500,00;4500,00;4500,00;"10/12/2025 18:54";CET;1;4500,00;3584,00;11/02/2026
BOOSTHEAT;FR00140153G5;ALBOO;"Euronext Growth Paris";EUR;1,00;1,00;1,00;1,00;"09/02/2026 16:35";CET;1134;1134,00;1,00;11/02/2026
"BOOZ ALLEN HAMILTO";US0995021062;1BAH;"Euronext Global Equity Market";EUR;74,96;74,96;74,96;74,96;"06/02/2026 17:13";CET;20;1499,20;71,62;11/02/2026
BORGESTAD;NO0013256180;BOR;"Oslo Børs";NOK;18,05;18,05;17,70;17,95;"11/02/2026 15:02";CET;8201;147499,80;17,95;11/02/2026
BORGOSESIA;IT0003217335;BO;"Euronext Milan";EUR;0,544;0,556;0,544;0,556;"11/02/2026 11:10";CET;16288;8965,57;0,556;11/02/2026
BorgWarner;US0997241064;1BWA;"Euronext Global Equity Market";EUR;43,215;43,215;43,215;43,215;"05/02/2026 14:46";CET;200;8643,00;53,22;11/02/2026
"BORR DRILLING";BMG1466R1732;BORR;"Euronext Growth Oslo";NOK;55,00;55,00;51,80;52,29;"11/02/2026 16:25";CET;17327;909199,68;52,29;11/02/2026
BORREGAARD;NO0010657505;BRG;"Oslo Børs";NOK;175,60;178,00;174,00;174,00;"11/02/2026 16:25";CET;135800;23890791,80;174,00;11/02/2026
"BORUSSIA DORTMUND";DE0005493092;2BOD;"Trading After Hours";EUR;4,04;4,04;4,04;4,04;"15/05/2025 18:36";CET;150;606,00;3,295;11/02/2026
"BORUSSIA DORTMUND";DE0005493092;1BOD;"Euronext Global Equity Market";EUR;3,42;3,42;3,42;3,42;"23/01/2026 13:42";CET;10;34,20;3,295;11/02/2026
"BOSTON SCIENTIFIC";US1011371077;4BSX;EuroTLX;EUR;88,20;88,20;88,20;88,20;"15/09/2025 09:37";CET;28;2469,60;62,40;11/02/2026
"BOSTON SCIENTIFIC";US1011371077;2BSX;"Trading After Hours";EUR;62,20;62,20;62,20;62,20;"10/02/2026 18:00";CET;20;1244,00;62,40;11/02/2026
"BOSTON SCIENTIFIC";US1011371077;1BSX;"Euronext Global Equity Market";EUR;62,20;62,20;61,80;61,80;"11/02/2026 15:39";CET;148;9182,00;62,40;11/02/2026
BOUFFIOULX-St-NICO;BE0014799556;-;"Euronext Expert Market";EUR;34,20;34,20;34,20;34,20;"21/10/2025 11:30";CET;9;307,80;34,20;11/02/2026
"BOURRELIER GROUP";FR0000054421;ALBOU;"Euronext Growth Paris";EUR;43,60;43,60;43,60;43,60;"04/02/2026 16:30";CET;5;218,00;43,60;11/02/2026
"BOURSE DIRECT";FR0000074254;BSD;"Euronext Paris";EUR;5,14;5,20;4,93;4,99;"11/02/2026 16:53";CET;11768;59365,22;4,99;11/02/2026
BOUVET;NO0010360266;BOUV;"Oslo Børs";NOK;56,50;57,20;54,70;54,70;"11/02/2026 16:25";CET;139764;7747796,70;54,70;11/02/2026
BOUYGUES;FR0000120503;2EN;"Trading After Hours";EUR;-;-;-;-;-;CET;-;-;-;-
BOUYGUES;FR0000120503;4EN;EuroTLX;EUR;48,29;48,29;48,29;48,29;"10/02/2026 11:27";CET;6;289,74;49,61;11/02/2026
BOUYGUES;FR0000120503;EN;"Euronext Paris";EUR;48,90;49,94;48,89;49,78;"11/02/2026 17:35";CET;744335;36966715,32;49,78;11/02/2026
"BOUYGUES NV26";FR0014014J13;ENNV;"Euronext Paris";EUR;43,70;43,70;43,70;43,70;"07/01/2026 16:30";CET;3004;128544,80;-;-
"BPER BANCA";IT0000066123;2BPE;"Trading After Hours";EUR;12,68;12,68;12,53;12,59;"11/02/2026 20:18";CET;3506;43981,75;12,545;11/02/2026
"BPER BANCA";IT0000066123;BPE;"Euronext Milan";EUR;12,66;12,805;12,455;12,535;"11/02/2026 17:38";CET;8667270;109174221,05;12,535;11/02/2026
BPOST;BE0974268972;BPOST;"Euronext Brussels";EUR;2,35;2,38;2,325;2,34;"11/02/2026 17:35";CET;469324;1103162,58;2,34;11/02/2026
"BQUE NAT. BELGIQUE";BE0003008019;BNB;"Euronext Brussels";EUR;414,00;415,00;410,00;415,00;"11/02/2026 14:16";CET;131;54111,00;415,00;11/02/2026
"BRAGA MORO";IT0005640286;BRM;"Euronext Growth Milan";EUR;3,24;3,40;3,24;3,34;"11/02/2026 15:51";CET;2500;8330,00;3,34;11/02/2026
"BRAZE INC-A";US10576N1028;1BRZE;"Euronext Global Equity Market";EUR;15,035;15,035;15,035;15,035;"10/02/2026 15:12";CET;710;10674,85;14,87;11/02/2026
BREDERODE;LU1068091351;BREB;"Euronext Brussels";EUR;106,40;106,40;105,40;106,00;"11/02/2026 17:35";CET;2982;315939,60;106,00;11/02/2026
BREMBO;NL0015001KT6;BRE;"Euronext Milan";EUR;10,69;10,89;10,55;10,88;"11/02/2026 17:35";CET;985548;10601252,83;10,88;11/02/2026
BRENNTAG;DE000A1DAHH0;1BRE;"Euronext Global Equity Market";EUR;56,60;56,60;56,60;56,60;"10/02/2026 15:27";CET;60;3396,00;58,32;11/02/2026
BRENNTAG;DE000A1DAHH0;2BRE;"Trading After Hours";EUR;63,12;65,86;63,12;65,86;"06/06/2024 18:09";CET;40;2579,60;58,32;11/02/2026
"BRIDGEBIO PHARMA I";US10806X1028;1BBIO;"Euronext Global Equity Market";EUR;58,48;58,48;58,48;58,48;"09/02/2026 15:43";CET;20;1169,60;57,88;11/02/2026
"BRINKER INTERNATIO";US1096411004;1EAT;"Euronext Global Equity Market";EUR;143,00;143,00;143,00;143,00;"11/02/2026 09:00";CET;25;3575,00;142,00;11/02/2026
BRIOSCHI;IT0000066180;BRI;"Euronext Milan";EUR;0,073;0,08;0,073;0,0782;"11/02/2026 17:35";CET;8799107;676276,30;0,0782;11/02/2026
"BRISTOL-MYERS SQ";US1101221083;1BMY;"Euronext Global Equity Market";EUR;51,38;51,51;51,30;51,36;"11/02/2026 17:19";CET;525;27007,15;51,17;11/02/2026
"BRISTOL-MYERS SQ";US1101221083;4BMY;EuroTLX;EUR;45,86;45,86;45,86;45,86;"23/01/2026 17:18";CET;13;596,18;51,25;11/02/2026
"BRISTOL-MYERS SQ";US1101221083;2BMY;"Trading After Hours";EUR;51,61;51,61;51,61;51,61;"09/02/2026 18:00";CET;1;51,61;51,17;11/02/2026
BROADCOM;US11135F1012;4AVGO;EuroTLX;EUR;291,40;291,40;291,40;291,40;"10/02/2026 13:50";CET;1;291,40;283,90;11/02/2026
BROADCOM;US11135F1012;1AVGO;"Euronext Global Equity Market";EUR;285,95;293,05;282,00;283,80;"11/02/2026 17:35";CET;2132;612802,90;283,80;11/02/2026
BROADCOM;US11135F1012;2AVGO;"Trading After Hours";EUR;288,30;288,40;287,85;288,40;"10/02/2026 20:02";CET;49;14127,90;283,80;11/02/2026
BROADPEAK;FR001400AJZ7;ALBPK;"Euronext Growth Paris";EUR;2,35;2,35;2,27;2,27;"11/02/2026 17:35";CET;15815;36579,76;2,27;11/02/2026
"Brown Brown";US1152361010;1BRO;"Euronext Global Equity Market";EUR;64,68;64,68;64,68;64,68;"06/02/2026 12:55";CET;23;1487,64;56,04;11/02/2026
Brown-Forman;US1156372096;1BFB;"Euronext Global Equity Market";EUR;25,16;25,16;25,16;25,16;"11/02/2026 12:58";CET;10;251,60;25,98;11/02/2026
"BRUKER CORP";US1167941087;1BRKR;"Euronext Global Equity Market";EUR;36,54;36,54;34,69;35,50;"06/02/2026 15:30";CET;537;19330,77;33,51;11/02/2026
"BRUNEL INTERNAT";NL0010776944;BRNL;"Euronext Amsterdam";EUR;7,64;7,64;7,10;7,10;"11/02/2026 17:35";CET;519445;3775250,57;7,10;11/02/2026
"BRUNELLO CUCINELLI";IT0004764699;2BC;"Trading After Hours";EUR;82,34;82,72;82,26;82,36;"11/02/2026 20:28";CET;233;19236,78;82,56;11/02/2026
"BRUNELLO CUCINELLI";IT0004764699;BC;"Euronext Milan";EUR;82,82;83,44;82,14;82,62;"11/02/2026 17:38";CET;281054;23244447,72;82,62;11/02/2026
BRUTON;NO0013036814;BRUT;"Euronext Growth Oslo";NOK;55,00;56,50;53,50;56,00;"11/02/2026 16:19";CET;960590;52700276,50;56,00;11/02/2026
"Builders FS";US12008R1077;1BLDR;"Euronext Global Equity Market";EUR;97,68;97,68;97,68;97,68;"03/02/2026 16:13";CET;133;12991,44;104,15;11/02/2026
"BUREAU VERITAS";FR0006174348;BVI;"Euronext Paris";EUR;28,10;28,14;27,56;27,56;"11/02/2026 17:38";CET;877720;24285392,53;27,56;11/02/2026
"BUREAU VERITAS";FR0006174348;2BVI;"Trading After Hours";EUR;-;-;-;-;-;CET;-;-;-;-
BURELLE;FR0000061137;BUR;"Euronext Paris";EUR;420,00;423,00;418,00;423,00;"11/02/2026 14:16";CET;36;15125,00;423,00;11/02/2026
BUZZI;IT0001347308;2BZU;"Trading After Hours";EUR;50,95;50,95;50,95;50,95;"11/02/2026 18:20";CET;300;15285,00;50,95;11/02/2026
BUZZI;IT0001347308;BZU;"Euronext Milan";EUR;51,25;51,35;50,45;50,95;"11/02/2026 17:35";CET;404735;20616093,46;50,95;11/02/2026
"BW ENERGY LIMITED";BMG0702P1086;BWE;"Oslo Børs";NOK;47,10;47,10;46,00;46,20;"11/02/2026 16:25";CET;84013;3891060,05;46,20;11/02/2026
"BW LPG";SGXZ69436764;BWLPG;"Oslo Børs";NOK;156,30;162,80;154,80;159,80;"11/02/2026 16:27";CET;378631;60279126,30;159,80;11/02/2026
"BW OFFSHORE LTD";BMG1738J1247;BWO;"Oslo Børs";NOK;48,95;49,75;48,55;49,55;"11/02/2026 16:25";CET;121377;5974866,70;49,55;11/02/2026
BYGGMA;NO0003087603;BMA;"Euronext Growth Oslo";NOK;14,80;14,80;14,60;14,60;"11/02/2026 16:07";CET;460;6716,40;14,60;11/02/2026
"C. LATTE D'ITALIA";IT0003023980;CLI;"Euronext Milan";EUR;5,20;5,35;5,20;5,35;"11/02/2026 16:46";CET;1491;7903,90;5,35;11/02/2026
"C3.ai Inc";US12468P1049;1C3;"Euronext Global Equity Market";EUR;9,404;9,591;9,25;9,30;"11/02/2026 17:19";CET;606;5708,60;9,134;11/02/2026
"C3.ai Inc";US12468P1049;2C3;"Trading After Hours";EUR;16,012;16,012;16,012;16,012;"24/10/2025 19:40";CET;40;640,48;9,134;11/02/2026
"CA Immobilien";AT0000641352;1CAI;"Euronext Global Equity Market";EUR;-;-;-;-;-;CET;-;-;-;-
"CA TOULOUSE 31 CCI";FR0000045544;CAT31;"Euronext Paris";EUR;114,00;116,50;114,00;116,00;"11/02/2026 17:03";CET;660;76407,62;116,00;11/02/2026
CABASSE;FR001400DIY6;ALCAB;"Euronext Growth Paris";EUR;0,002;0,0022;0,002;0,002;"11/02/2026 13:53";CET;1751513;3504,12;0,002;11/02/2026
CABKA;NL00150000S7;CABKA;"Euronext Amsterdam";EUR;1,66;1,66;1,65;1,65;"11/02/2026 13:09";CET;2341;3865,95;1,65;11/02/2026
"CABKA DSC2 TS";NL00150002R5;DSC2S;"Euronext Amsterdam";EUR;-;-;-;-;-;CET;-;-;-;-
"CABKA EUR 12W";NL00150000U3;DSCW2;"Euronext Amsterdam";EUR;0,0005;0,0005;0,0005;0,0005;"04/02/2026 12:13";CET;16;0,01;0,0005;11/02/2026
"CABKA EUR 13W";NL00150000V1;DSCW3;"Euronext Amsterdam";EUR;0,0005;0,0005;0,0005;0,0005;"04/02/2026 12:13";CET;16;0,01;0,0005;11/02/2026
CADELER;DK0061412772;CADLR;"Oslo Børs";NOK;60,80;62,00;60,35;61,30;"11/02/2026 16:25";CET;414962;25422368,55;61,30;11/02/2026
"Cadence Design";US1273871087;1CDNS;"Euronext Global Equity Market";EUR;252,60;252,60;250,35;250,85;"11/02/2026 17:16";CET;9;2261,90;249,95;11/02/2026
CAFOM;FR0010151589;ALCAF;"Euronext Growth Paris";EUR;12,00;12,30;11,35;11,45;"11/02/2026 17:29";CET;5668;66394,30;11,45;11/02/2026
"CAIRN HOMES PLC";IE00BWY4ZF18;C5H;"Euronext Dublin";EUR;2,25;2,30;2,205;2,295;"11/02/2026 21:00";IST;1780693;4024260,12;2,295;11/02/2026
"CAIRO COMMUNICAT";IT0004329733;CAI;"Euronext Milan";EUR;2,75;2,75;2,71;2,715;"11/02/2026 17:35";CET;155943;425206,84;2,715;11/02/2026
CAIXABANK;ES0140609019;2CABK;"Trading After Hours";EUR;7,648;7,648;7,648;7,648;"15/05/2025 18:39";CET;100;764,80;10,74;11/02/2026
CAIXABANK;ES0140609019;1CABK;"Euronext Global Equity Market";EUR;11,035;11,035;10,955;10,955;"10/02/2026 14:27";CET;57;625,32;10,74;11/02/2026
CAIXABANK;ES0140609019;4CABK;EuroTLX;EUR;10,57;10,57;10,57;10,57;"29/12/2025 09:45";CET;2900;30653,00;10,735;11/02/2026
"CAL-MAINE FOODS IN";US1280302027;1CALM;"Euronext Global Equity Market";EUR;68,50;68,50;68,50;68,50;"11/02/2026 11:28";CET;2;137,00;69,56;11/02/2026
CALEFFI;IT0003025019;CLF;"Euronext Milan";EUR;0,91;0,91;0,886;0,886;"11/02/2026 17:35";CET;2169;1927,79;0,886;11/02/2026
CALIBRE;FR0014004QR6;ALIBR;"Euronext Growth Paris";EUR;0,0004;0,0004;0,0003;0,0004;"11/02/2026 17:35";CET;14989675;5619,40;0,0004;11/02/2026
"CALIBRE BSA K2A";FR0013507985;IBRKA;"Euronext Growth Paris";EUR;0,0005;0,0005;0,0005;0,0005;"11/02/2026 17:24";CET;19908;9,95;0,0005;11/02/2026
"CALIBRE BSA K2B";FR0013508009;IBRKB;"Euronext Growth Paris";EUR;0,0005;0,0005;0,0005;0,0005;"12/01/2026 17:00";CET;140000;70,00;0,0005;11/02/2026
CALTAGIRONE;IT0003127930;CALT;"Euronext Milan";EUR;10,05;10,20;9,98;10,00;"11/02/2026 17:35";CET;50151;505444,55;10,00;11/02/2026
"CALTAGIRONE EDIT";IT0001472171;CED;"Euronext Milan";EUR;1,82;1,855;1,82;1,84;"11/02/2026 17:35";CET;35926;66152,27;1,84;11/02/2026
CAMBI;NO0010078850;CAMBI;"Euronext Growth Oslo";NOK;18,00;18,00;17,20;17,50;"11/02/2026 16:25";CET;15272;266180,75;17,50;11/02/2026
"CAMBODGE NOM.";FR001400SUB7;CBDG;"Euronext Paris";EUR;97,00;97,00;97,00;97,00;"11/02/2026 16:30";CET;404;39188,00;97,00;11/02/2026
CAMPARI;NL0015435975;2CPR;"Trading After Hours";EUR;6,582;6,664;6,582;6,66;"11/02/2026 20:25";CET;12637;83885,59;6,638;11/02/2026
CAMPARI;NL0015435975;CPR;"Euronext Milan";EUR;6,48;6,678;6,462;6,642;"11/02/2026 17:35";CET;9817001;64955054,86;6,642;11/02/2026
CAMPINE;BE0003825420;CAMB;"Euronext Brussels";EUR;196,00;200,00;193,50;200,00;"11/02/2026 17:35";CET;1005;199763,50;200,00;11/02/2026
"CANDELA INVEST";BE0974298300;CAND;"Euronext Growth Brussels";EUR;2,20;2,20;2,20;2,20;"03/02/2026 11:30";CET;4;8,80;2,20;11/02/2026
CAPGEMINI;FR0000125338;4CAP;EuroTLX;EUR;112,55;112,55;112,55;112,55;"10/02/2026 12:18";CET;100;11255,00;104,70;11/02/2026
CAPGEMINI;FR0000125338;CAP;"Euronext Paris";EUR;111,50;111,80;104,30;104,30;"11/02/2026 17:39";CET;1223245;129004336,18;104,30;11/02/2026
CAPGEMINI;FR0000125338;2CAP;"Trading After Hours";EUR;154,95;154,95;154,95;154,95;"06/06/2025 18:00";CET;14;2169,30;104,30;11/02/2026
"CAPITAL B";FR0011053636;ALCPB;"Euronext Growth Paris";EUR;0,587;0,593;0,562;0,568;"11/02/2026 17:35";CET;2107397;1217619,15;0,568;11/02/2026
"CAPITAL B BSA 26";FR001400YPQ3;CPBBS;"Euronext Growth Paris";EUR;0,0145;0,0146;0,01;0,012;"11/02/2026 17:28";CET;310184;4168,65;0,012;11/02/2026
"Capital One Fin";US14040H1059;1COF;"Euronext Global Equity Market";EUR;187,00;187,00;187,00;187,00;"09/02/2026 15:02";CET;4;748,00;183,00;11/02/2026
"CAPSOL TECHNOLOGI";NO0010923121;CAPSL;"Oslo Børs";NOK;5,26;5,26;5,08;5,16;"11/02/2026 15:51";CET;18827;97167,28;5,16;11/02/2026
CARBIOS;FR0011648716;ALCRB;"Euronext Growth Paris";EUR;10,75;10,90;10,08;10,22;"11/02/2026 17:35";CET;13478;140238,12;10,22;11/02/2026
"Cardinal Health";US14149Y1082;1CAH;"Euronext Global Equity Market";EUR;176,75;176,75;176,75;176,75;"05/02/2026 11:58";CET;60;10605,00;186,75;11/02/2026
"CARE PROPERTY INV.";BE0974273055;CPINV;"Euronext Brussels";EUR;12,86;12,98;12,80;12,94;"11/02/2026 17:35";CET;46453;599124,40;12,94;11/02/2026
"CAREL INDUSTRIES";IT0005331019;CRL;"Euronext Milan";EUR;21,00;21,00;20,55;20,75;"11/02/2026 17:35";CET;51228;1062147,05;20,75;11/02/2026
"CARL ZEISS MEDITEC";DE0005313704;4AFX;EuroTLX;EUR;27,50;27,50;27,50;27,50;"04/02/2026 17:01";CET;40;1100,00;27,22;11/02/2026
"CARL ZEISS MEDITEC";DE0005313704;2AFX;"Trading After Hours";EUR;27,34;27,34;27,34;27,34;"29/01/2026 20:09";CET;2;54,68;27,22;11/02/2026
"CARL ZEISS MEDITEC";DE0005313704;1AFX;"Euronext Global Equity Market";EUR;27,80;28,06;27,40;27,40;"11/02/2026 16:42";CET;472;13072,92;27,22;11/02/2026
"CARLYLE GROUP";US14316J1088;1CG;"Euronext Global Equity Market";EUR;48,24;48,24;48,24;48,24;"04/02/2026 15:54";CET;30;1447,20;44,45;11/02/2026
CARMAT;FR0010907956;ALCAR;"Euronext Growth Paris";EUR;0,0994;0,11;0,0962;0,099;"24/09/2025 17:35";CET;806316;80933,15;0,099;11/02/2026
CARMILA;FR0010828137;CARM;"Euronext Paris";EUR;17,08;17,08;16,84;16,96;"11/02/2026 17:35";CET;58197;987849,38;16,96;11/02/2026
CARMILA;FR0010828137;2CARM;"Trading After Hours";EUR;-;-;-;-;-;CET;-;-;-;-
CARREFOUR;FR0000120172;2CA;"Trading After Hours";EUR;14,22;14,435;14,22;14,435;"07/01/2025 18:03";CET;1000;14303,00;15,29;11/02/2026
CARREFOUR;FR0000120172;4CA;EuroTLX;EUR;15,06;15,15;15,05;15,15;"11/02/2026 12:31";CET;155;2339,35;15,21;11/02/2026
CARREFOUR;FR0000120172;CA;"Euronext Paris";EUR;14,90;15,29;14,90;15,29;"11/02/2026 17:35";CET;3577207;54390775,77;15,29;11/02/2026
"Carrier Global";US14448C1045;1CARR;"Euronext Global Equity Market";EUR;52,51;52,51;52,51;52,51;"06/02/2026 09:55";CET;17;892,67;55,95;11/02/2026
"CARVANA CO";US1468691027;1CVNA;"Euronext Global Equity Market";EUR;300,50;300,50;300,50;300,50;"11/02/2026 17:23";CET;5;1502,50;288,70;11/02/2026
CARVOLIX;FR0013333077;CVX;"Euronext Paris";EUR;3,45;3,59;3,20;3,35;"11/02/2026 17:39";CET;53637;180300,33;3,35;11/02/2026
"CASINO BSA1";FR001400OJ72;COBS1;"Euronext Paris";EUR;-;-;-;-;-;CET;-;-;-;-
"CASINO BSA3";FR001400OJ98;COBS3;"Euronext Paris";EUR;0,0005;0,0005;0,0005;0,0005;"25/11/2025 09:00";CET;5000;2,50;-;-
"CASINO GUICHARD";FR001400OKR3;2CO;"Trading After Hours";EUR;-;-;-;-;-;CET;-;-;-;-
"CASINO GUICHARD";FR001400OKR3;CO;"Euronext Paris";EUR;0,223;0,2404;0,222;0,2272;"11/02/2026 18:20";CET;3634812;841798,25;0,2272;11/02/2026
"CASTA DIVA GROUP";IT0005003782;CDG;"Euronext Growth Milan";EUR;2,46;2,63;2,46;2,54;"11/02/2026 17:35";CET;63500;161580,00;2,54;11/02/2026
Castellum;SE0000379190;1CAST;"Euronext Global Equity Market";EUR;-;-;-;-;-;CET;-;-;-;-
"CATANA GROUP";FR0010193052;ALCAT;"Euronext Growth Paris";EUR;2,92;2,95;2,85;2,88;"11/02/2026 17:35";CET;38568;112532,40;2,88;11/02/2026
"CATERING INTL SCES";FR0000064446;ALCIS;"Euronext Growth Paris";EUR;14,00;14,20;14,00;14,20;"11/02/2026 16:05";CET;3008;42369,25;14,20;11/02/2026
CATERPILLAR;US1491231015;1CAT;"Euronext Global Equity Market";EUR;626,00;648,00;626,00;648,00;"11/02/2026 17:20";CET;43;27166,00;649,00;11/02/2026
CATERPILLAR;US1491231015;2CAT;"Trading After Hours";EUR;643,00;643,00;643,00;643,00;"11/02/2026 18:48";CET;19;12217,00;643,00;11/02/2026
"CAVENDISH HYDROGEN";NO0013219535;CAVEN;"Oslo Børs";NOK;7,10;7,28;7,06;7,18;"11/02/2026 16:25";CET;19844;142173,15;7,18;11/02/2026
CBI;FR0014007LW0;ALCBI;"Euronext Growth Paris";EUR;0,154;0,154;0,147;0,154;"11/02/2026 17:35";CET;304766;45997,18;0,154;11/02/2026
"CBI BSA A";FR001400O416;CBBSA;"Euronext Growth Paris";EUR;0,0075;0,008;0,0075;0,008;"10/02/2026 10:44";CET;118001;944,01;0,008;11/02/2026
"CBI BSA B";FR001400O408;CBSAB;"Euronext Growth Paris";EUR;0,003;0,0035;0,003;0,0035;"10/02/2026 13:51";CET;1254;4,39;0,0035;11/02/2026
"CBO TERRITORIA";FR0010193979;CBOT;"Euronext Paris";EUR;3,77;4,00;3,77;3,91;"11/02/2026 17:35";CET;148176;579672,35;3,91;11/02/2026
"Cboe Global";US12503M1080;1CBOE;"Euronext Global Equity Market";EUR;233,00;233,00;233,00;233,00;"05/02/2026 17:26";CET;2;466,00;228,30;11/02/2026
"CBRE Group Inc";US12504L1098;1CBRE;"Euronext Global Equity Market";EUR;147,00;147,00;147,00;147,00;"03/02/2026 15:05";CET;2;294,00;134,00;11/02/2026
"CDW Corp/DE";US12514G1085;1CDW;"Euronext Global Equity Market";EUR;121,15;121,15;121,15;121,15;"10/02/2026 16:28";CET;8;969,20;117,90;11/02/2026
CECONOMY;DE0007257503;1CEC;"Euronext Global Equity Market";EUR;4,365;4,365;4,365;4,365;"29/01/2026 17:10";CET;57;248,81;4,42;11/02/2026
CECONOMY;DE0007257503;4CEC;EuroTLX;EUR;4,175;4,175;4,175;4,175;"28/07/2025 11:20";CET;60;250,50;4,415;11/02/2026
CECONOMY;DE0007257503;2CEC;"Trading After Hours";EUR;3,042;3,042;3,002;3,002;"02/12/2024 19:36";CET;1554;4725,11;4,42;11/02/2026
CEGEDIM;FR0000053506;ALCGM;"Euronext Growth Paris";EUR;13,25;13,25;12,85;13,15;"11/02/2026 17:35";CET;10008;130436,45;13,15;11/02/2026
"Celanese Corp";US1508701034;1CE;"Euronext Global Equity Market";EUR;50,56;50,56;49,54;50,34;"11/02/2026 17:14";CET;45;2265,10;51,36;11/02/2026
CELLECTIS;FR0010425595;ALCLS;"Euronext Growth Paris";EUR;3,35;3,355;3,11;3,145;"11/02/2026 17:35";CET;221637;709923,84;3,145;11/02/2026
"Cellnex Telecom";ES0105066007;1CLNX;"Euronext Global Equity Market";EUR;28,40;28,40;27,51;27,51;"11/02/2026 16:45";CET;135;3802,85;28,79;11/02/2026
CELLULARLINE;IT0005244618;CELL;"Euronext Milan";EUR;2,53;2,54;2,53;2,54;"11/02/2026 16:28";CET;3123;7901,20;2,54;11/02/2026
"CELYAD ONCOLOGY";BE0974260896;CYAD;"Euronext Brussels, Paris";EUR;0,22;0,24;0,211;0,221;"11/02/2026 11:50";CET;166089;37839,81;0,221;11/02/2026
CEMBRE;IT0001128047;CMB;"Euronext Milan";EUR;68,70;70,10;68,20;69,00;"11/02/2026 17:35";CET;9786;677561,20;69,00;11/02/2026
"CEMENTIR HOLDING";NL0013995087;CEM;"Euronext Milan";EUR;19,10;19,10;18,76;18,84;"11/02/2026 17:35";CET;80229;1516937,48;18,84;11/02/2026
"Cencora Inc";US03073E1055;1COR;"Euronext Global Equity Market";EUR;301,75;301,75;301,75;301,75;"06/02/2026 16:19";CET;2;603,50;310,55;11/02/2026
CENERGY;BE0974303357;CENER;"Euronext Brussels";EUR;20,00;20,00;19,38;19,68;"11/02/2026 17:35";CET;7308;143073,96;19,68;11/02/2026
CENTENE;US15135B1017;4CNC;EuroTLX;EUR;34,85;34,85;34,85;34,85;"28/01/2026 10:55";CET;150;5227,50;33,35;11/02/2026
CENTENE;US15135B1017;1CNC;"Euronext Global Equity Market";EUR;31,92;32,56;31,92;31,92;"09/02/2026 15:33";CET;150;4820,00;33,345;11/02/2026
CENTENE;US15135B1017;2CNC;"Trading After Hours";EUR;35,225;35,39;35,225;35,39;"04/02/2026 18:08";CET;50;1762,90;33,345;11/02/2026
"CenterPoint En";US15189T1079;1CNP;"Euronext Global Equity Market";EUR;33,00;33,00;33,00;33,00;"14/01/2026 15:30";CET;10;330,00;34,40;11/02/2026
"CERINNOV GROUP";FR0013178712;ALPCV;"Euronext Growth Paris";EUR;0,0264;0,0266;0,0264;0,0266;"23/12/2025 15:51";CET;9861;262,08;0,0266;11/02/2026
"CF Industries";US1252691001;1CF;"Euronext Global Equity Market";EUR;77,30;77,30;77,30;77,30;"04/02/2026 12:03";CET;8;618,40;81,98;11/02/2026
CFE;BE0003883031;CFEB;"Euronext Brussels";EUR;9,40;9,58;9,40;9,50;"11/02/2026 17:35";CET;1846;17513,18;9,50;11/02/2026
CFI;FR0000037475;CFI;"Euronext Paris";EUR;1,68;1,68;1,68;1,68;"09/02/2026 11:30";CET;100;168,00;1,68;11/02/2026
"CFM INDOSUEZWEALTH";MC0010000826;MLCFM;"Euronext Access Paris";EUR;1300,00;1300,00;1300,00;1300,00;"11/02/2026 11:30";CET;3;3900,00;1300,00;11/02/2026
"CH.FER DEPARTEMENT";FR0000037871;MLCFD;"Euronext Access Paris";EUR;900,00;970,00;900,00;970,00;"29/01/2026 16:30";CET;2;1870,00;970,00;11/02/2026
"CHARB BONNIER";BE0010381029;-;"Euronext Expert Market";EUR;103,00;103,00;103,00;103,00;"29/10/2024 11:30";CET;19;1957,00;103,00;11/02/2026
"Charles Schwab";US8085131055;1SCHW;"Euronext Global Equity Market";EUR;83,82;85,50;82,62;82,62;"11/02/2026 16:12";CET;228;18987,52;81,02;11/02/2026
"CHARTER COMM";US16119P1084;4CHTR;EuroTLX;EUR;346,10;346,10;346,10;346,10;"05/06/2025 09:39";CET;2;692,20;205,20;11/02/2026
"CHARTER COMM";US16119P1084;2CHTR;"Trading After Hours";EUR;165,48;165,48;165,48;165,48;"22/01/2026 18:38";CET;1;165,48;205,00;11/02/2026
"CHARTER COMM";US16119P1084;1CHTR;"Euronext Global Equity Market";EUR;199,94;199,94;199,94;199,94;"10/02/2026 13:43";CET;4;799,76;205,00;11/02/2026
"CHARWOOD ENERGY";FR001400AJ60;ALCWE;"Euronext Growth Paris";EUR;3,10;3,16;3,10;3,16;"11/02/2026 16:59";CET;316;983,50;3,16;11/02/2026
CHAUSSERIA;FR0000060907;CHSR;"Euronext Paris";EUR;6,50;6,50;6,50;6,50;"31/12/2025 11:30";CET;10;65,00;6,50;11/02/2026
"CHEESECAKE FACTORY";US1630721017;1CAKE;"Euronext Global Equity Market";EUR;44,73;44,73;44,73;44,73;"05/01/2026 14:22";CET;60;2683,80;51,30;11/02/2026
"CHENIERE ENERGY IN";US16411R2085;1LNG;"Euronext Global Equity Market";EUR;181,65;181,65;181,65;181,65;"10/02/2026 12:17";CET;70;12715,50;185,55;11/02/2026
"CHEOPS TECHNOLOGY";FR0010447086;MLCHE;"Euronext Access Paris";EUR;58,00;58,00;58,00;58,00;"11/02/2026 11:30";CET;1;58,00;58,00;11/02/2026
CHEVRON;US1667641005;1CVX;"Euronext Global Equity Market";EUR;158,66;158,66;153,56;156,44;"11/02/2026 17:27";CET;421;65411,46;156,60;11/02/2026
CHEVRON;US1667641005;4CVX;EuroTLX;EUR;150,00;154,32;150,00;154,32;"04/02/2026 15:59";CET;75;11358,00;156,56;11/02/2026
CHEVRON;US1667641005;2CVX;"Trading After Hours";EUR;155,78;155,78;155,78;155,78;"11/02/2026 19:23";CET;113;17603,14;155,78;11/02/2026
"CHEWY CLASS A";US16679L1098;1CHWY;"Euronext Global Equity Market";EUR;23,66;23,66;23,66;23,66;"10/02/2026 16:48";CET;45;1064,70;22,17;11/02/2026
"CHIPOTLE MEXICAN";US1696561059;1CMG;"Euronext Global Equity Market";EUR;32,52;32,52;32,52;32,52;"11/02/2026 11:16";CET;62;2016,24;31,435;11/02/2026
CHOICE;BE0974370026;MLTV;"Euronext Access Brussels";EUR;0,19;0,19;0,19;0,19;"11/02/2026 16:30";CET;6941;1318,79;0,19;11/02/2026
"CHRISTIAN DIOR";FR0000130403;CDI;"Euronext Paris";EUR;505,00;506,50;497,00;498,80;"11/02/2026 17:37";CET;7531;3768064,60;498,80;11/02/2026
"Chubb Ltd";CH0044328745;1CB;"Euronext Global Equity Market";EUR;280,00;280,00;280,00;280,00;"04/02/2026 17:08";CET;99;27720,00;274,00;11/02/2026
"Church & Dwight";US1713401024;1CHD;"Euronext Global Equity Market";EUR;70,72;70,72;70,72;70,72;"08/12/2025 17:22";CET;44;3111,68;84,46;11/02/2026
"CIAGEST - SIGI S.A";PTIAG0AM0005;MLCIA;"Euronext Access Lisbon";EUR;2,21;2,21;2,21;2,21;"20/01/2026 22:28";BST;95250;210502,50;2,21;11/02/2026
CIBIX;BE0003706208;-;"Euronext Expert Market";EUR;-;-;-;-;-;CET;-;-;-;-
"CIBOX INTER A CTIV";FR0000054322;ALCBX;"Euronext Growth Paris";EUR;0,015;0,015;0,0145;0,0147;"11/02/2026 17:02";CET;199890;2933,31;0,0147;11/02/2026
"CIE BOIS SAUVAGE";BE0003592038;COMB;"Euronext Brussels";EUR;308,00;312,00;308,00;311,00;"11/02/2026 17:35";CET;465;143629,00;311,00;11/02/2026
"CIE DU MONT BLANC";FR0000060428;MLCMB;"Euronext Access Paris";EUR;276,00;276,00;274,00;274,00;"11/02/2026 16:30";CET;16;4406,00;274,00;11/02/2026
"Cie Financiere Ric";CH0210483332;1CFR;"Euronext Global Equity Market";EUR;177,00;177,00;177,00;177,00;"11/02/2026 14:31";CET;46;8142,00;176,00;11/02/2026
"Cie HET ZOUTE";BE0027840017;-;"Euronext Expert Market";EUR;5100,00;5100,00;5100,00;5100,00;"28/10/2025 11:30";CET;1;5100,00;5100,00;11/02/2026
CIECHARGEURSINVEST;FR0000130692;CRI;"Euronext Paris";EUR;10,14;10,18;10,10;10,14;"11/02/2026 17:35";CET;7680;77780,54;10,14;11/02/2026
CIENA;US1717793095;4CIEN;EuroTLX;EUR;246,50;246,50;246,50;246,50;"10/02/2026 09:57";CET;80;19720,00;245,40;11/02/2026
CIENA;US1717793095;2CIEN;"Trading After Hours";EUR;207,50;207,50;207,50;207,50;"29/01/2026 18:08";CET;10;2075,00;245,00;11/02/2026
CIENA;US1717793095;1CIEN;"Euronext Global Equity Market";EUR;250,00;258,50;247,30;251,40;"11/02/2026 15:58";CET;93;23611,00;245,00;11/02/2026
"Cigna Group/The";US1255231003;1CI;"Euronext Global Equity Market";EUR;243,00;243,00;240,90;240,90;"11/02/2026 15:15";CET;45;10882,50;235,20;11/02/2026
"Cincinnati Fin";US1720621010;1CINF;"Euronext Global Equity Market";EUR;140,85;140,85;140,85;140,85;"08/01/2026 14:24";CET;23;3239,55;141,05;11/02/2026
"CIPHER MINING";US17253J1060;1CIFR;"Euronext Global Equity Market";EUR;14,55;14,65;13,45;13,45;"11/02/2026 16:30";CET;2548;35833,45;13,70;11/02/2026
CIR;IT0000070786;CIR;"Euronext Milan";EUR;0,695;0,704;0,695;0,702;"11/02/2026 17:35";CET;343815;241051,61;0,702;11/02/2026
"CIRCIO HOLDING";NO0013033795;CRNA;"Oslo Børs";NOK;1,04;1,092;1,04;1,046;"11/02/2026 16:25";CET;1161548;1221665,13;1,046;11/02/2026
CIRCLE;IT0005344996;CIRC;"Euronext Growth Milan";EUR;9,18;9,24;9,16;9,24;"11/02/2026 17:35";CET;1650;15173,40;9,24;11/02/2026
"CIRCLE INTERNET";US1725731079;1CRCL;"Euronext Global Equity Market";EUR;49,90;49,90;49,40;49,40;"11/02/2026 15:30";CET;462;23035,00;48,00;11/02/2026
"CIRRUS LOGIC INC";US1727551004;1CRUS;"Euronext Global Equity Market";EUR;114,00;114,00;114,00;114,00;"10/02/2026 17:16";CET;4;456,00;124,00;11/02/2026
"CISCO SYSTEMS";US17275R1023;4CSCO;EuroTLX;EUR;65,00;65,00;65,00;65,00;"02/01/2026 10:37";CET;40;2600,00;72,41;11/02/2026
"CISCO SYSTEMS";US17275R1023;1CSCO;"Euronext Global Equity Market";EUR;72,37;73,03;72,25;72,25;"11/02/2026 16:21";CET;120;8684,04;72,44;11/02/2026
"CISCO SYSTEMS";US17275R1023;2CSCO;"Trading After Hours";EUR;73,40;73,40;73,40;73,40;"10/02/2026 18:34";CET;86;6312,40;72,44;11/02/2026
CITIGROUP;US1729674242;2C;"Trading After Hours";EUR;98,82;98,82;98,82;98,82;"02/02/2026 20:10";CET;1;98,82;100,70;11/02/2026
CITIGROUP;US1729674242;1C;"Euronext Global Equity Market";EUR;101,82;101,82;100,70;100,70;"11/02/2026 17:35";CET;635;64446,82;100,70;11/02/2026
CITIGROUP;US1729674242;4C;EuroTLX;EUR;82,93;82,93;82,93;82,93;"10/10/2025 17:29";CET;3;248,79;100,56;11/02/2026
"Citizens Fin";US1746101054;1CFG;"Euronext Global Equity Market";EUR;51,10;51,10;51,10;51,10;"20/01/2026 13:00";CET;3;153,30;56,77;11/02/2026
CKV;BE0021556221;-;"Euronext Expert Market";EUR;51,47;51,47;51,47;51,47;"13/10/2015 11:30";CET;253;13021,91;51,50;11/02/2026
CLABO;IT0005091324;CLABO;"Euronext Growth Milan";EUR;1,095;1,095;1,095;1,095;"13/06/2025 14:55";CET;1000;1095,00;1,095;11/02/2026
CLARANOVA;FR0013426004;ALCLA;"Euronext Growth Paris";EUR;1,09;1,09;0,90;0,911;"11/02/2026 17:35";CET;352172;340728,97;0,911;11/02/2026
CLARIANE;FR0010386334;2CLARI;"Trading After Hours";EUR;-;-;-;-;-;CET;-;-;-;-
CLARIANE;FR0010386334;CLARI;"Euronext Paris";EUR;3,95;3,97;3,852;3,944;"11/02/2026 17:35";CET;170923;670589,32;3,944;11/02/2026
CLARIANT;CH0012142631;1CLN;"Euronext Global Equity Market";EUR;9,25;9,25;9,25;9,25;"10/02/2026 16:26";CET;127;1174,75;9,25;11/02/2026
"CLASS EDITORI";IT0005117848;CLE;"Euronext Milan";EUR;0,1335;0,138;0,1335;0,138;"11/02/2026 16:57";CET;93899;12595,02;0,138;11/02/2026
CLEANBNB;IT0005377277;CBB;"Euronext Growth Milan";EUR;0,952;0,952;0,94;0,94;"11/02/2026 17:24";CET;6400;6044,80;0,94;11/02/2026
"Cleanspark Inc";US18452B2097;1CLSK;"Euronext Global Equity Market";EUR;8,536;8,536;8,00;8,358;"11/02/2026 16:58";CET;8744;72523,73;8,296;11/02/2026
CLEVELAND-CLIFFS;US1858991011;4CVA;EuroTLX;EUR;12,504;12,80;12,504;12,80;"10/10/2025 15:18";CET;1100;13958,64;10,478;11/02/2026
CLEVELAND-CLIFFS;US1858991011;2CVA;"Trading After Hours";EUR;11,738;11,738;11,738;11,738;"27/01/2026 19:46";CET;84;985,99;10,47;11/02/2026
CLEVELAND-CLIFFS;US1858991011;1CVA;"Euronext Global Equity Market";EUR;10,51;10,51;10,51;10,51;"11/02/2026 15:28";CET;800;8408,00;10,47;11/02/2026
"CLOUDBERRY CLEAN";NO0010876642;CLOUD;"Oslo Børs";NOK;11,80;12,02;11,80;11,96;"11/02/2026 16:25";CET;133354;1592169,36;11,96;11/02/2026
"CLOUDIA RESEARCH";IT0005577090;AGAIN;"Euronext Growth Milan";EUR;0,96;0,96;0,96;0,96;"11/02/2026 11:34";CET;7000;6720,00;0,96;11/02/2026
CM.COM;NL0012747059;CMCOM;"Euronext Amsterdam";EUR;4,54;4,60;4,54;4,55;"11/02/2026 17:35";CET;24300;110897,41;4,55;11/02/2026
CMB.TECH;BE0003816338;CMBTO;"Oslo Børs";NOK;116,80;125,00;116,80;122,80;"11/02/2026 16:28";CET;314218;38587792,00;122,80;11/02/2026
CMB.TECH;BE0003816338;CMBT;"Euronext Brussels";EUR;10,56;11,14;10,56;10,96;"11/02/2026 17:39";CET;205453;2246623,26;10,96;11/02/2026
"CME Group Inc";US12572Q1058;1CME;"Euronext Global Equity Market";EUR;256,00;256,30;254,65;254,65;"10/02/2026 15:22";CET;490;125190,25;256,20;11/02/2026
"CMG CLEANTECH";FR0013406881;MLCMG;"Euronext Access Paris";EUR;0,24;0,24;0,24;0,24;"09/02/2026 16:30";CET;1050;252,00;0,24;11/02/2026
"CNH INDUSTRIAL";NL0010545661;2CNHI;"Trading After Hours";EUR;10,56;10,60;10,56;10,60;"11/02/2026 20:27";CET;250;2646,00;10,58;11/02/2026
"CNH INDUSTRIAL";NL0010545661;1CNHI;"Euronext Global Equity Market";EUR;10,40;10,64;10,32;10,62;"11/02/2026 17:35";CET;130207;1362835,76;10,62;11/02/2026
CO.BR.HA;BE0003519270;COBH;"Euronext Growth Brussels";EUR;1500,00;1500,00;1500,00;1500,00;"05/02/2026 16:30";CET;1;1500,00;1500,00;11/02/2026
"COCA-COLA CONSOLID";US1910981026;1COKE;"Euronext Global Equity Market";EUR;139,00;139,00;129,00;129,00;"09/02/2026 11:17";CET;31;4205,00;131,00;11/02/2026
Coca-ColaEuropacif;GB00BDCPN049;CCEP;"Euronext Amsterdam";EUR;81,10;82,00;80,90;82,00;"11/02/2026 17:35";CET;52731;4311563,25;82,00;11/02/2026
"CODELAB CAPITAL";NO0013483503;CODE;"Euronext Growth Oslo";NOK;2,26;2,52;2,26;2,43;"11/02/2026 15:48";CET;82325;200478,72;2,43;11/02/2026
"COEUR MINING";US1921085049;2CDE;"Trading After Hours";EUR;17,705;17,705;16,94;16,94;"30/01/2026 19:36";CET;425;7504,50;18,82;11/02/2026
"COEUR MINING";US1921085049;4CDE;EuroTLX;EUR;21,87;21,87;21,87;21,87;"28/01/2026 13:16";CET;100;2187,00;18,74;11/02/2026
"COEUR MINING";US1921085049;1CDE;"Euronext Global Equity Market";EUR;20,07;20,07;18,70;18,82;"11/02/2026 17:35";CET;2229;42667,53;18,82;11/02/2026
COFACE;FR0010667147;2COFA;"Trading After Hours";EUR;-;-;-;-;-;CET;-;-;-;-
COFACE;FR0010667147;COFA;"Euronext Paris";EUR;16,20;16,22;15,69;15,73;"11/02/2026 17:35";CET;318244;5032296,17;15,73;11/02/2026
COFIDUR;FR0013257409;ALCOF;"Euronext Growth Paris";EUR;288,00;288,00;288,00;288,00;"11/02/2026 15:59";CET;6;1728,00;288,00;11/02/2026
COFINIMMO;BE0003593044;COFB;"Euronext Brussels";EUR;88,95;90,10;88,50;89,35;"11/02/2026 17:35";CET;64508;5771009,30;89,35;11/02/2026
COFINIMMO;BE0003593044;2COFB;"Trading After Hours";EUR;-;-;-;-;-;CET;-;-;-;-
COFLE;IT0005465619;CFL;"Euronext Growth Milan";EUR;2,90;2,97;2,90;2,97;"11/02/2026 15:32";CET;600;1747,00;2,97;11/02/2026
COGEFEED;IT0005618043;CGF;"Euronext Growth Milan";EUR;1,10;1,10;1,10;1,10;"21/01/2026 17:35";CET;17000;18700,00;1,10;11/02/2026
"COGNEX CORP";US1924221039;1CGNX;"Euronext Global Equity Market";EUR;38,39;38,39;34,75;36,47;"11/02/2026 13:25";CET;110;3929,04;36,94;11/02/2026
"Cognizant Tech";US1924461023;1CTSH;"Euronext Global Equity Market";EUR;63,39;64,98;58,52;64,98;"04/02/2026 17:12";CET;292;17665,46;60,78;11/02/2026
COGRA;FR0011071570;ALCOG;"Euronext Growth Paris";EUR;6,94;7,04;6,78;6,96;"11/02/2026 17:00";CET;1526;10615,00;6,96;11/02/2026
"COHERENT CORP";US19247G1076;1COHR;"Euronext Global Equity Market";EUR;195,00;195,00;188,00;188,00;"11/02/2026 16:17";CET;108;20722,00;187,50;11/02/2026
COHERIS;FR0004031763;COH;"Euronext Paris";EUR;13,75;14,00;13,20;13,90;"11/02/2026 17:03";CET;1175;15935,00;13,90;11/02/2026
COIL;BE0160342011;ALCOI;"Euronext Growth Paris";EUR;1,18;1,18;1,18;1,18;"11/02/2026 09:00";CET;1;1,18;1,18;11/02/2026
"COINBASE GLOBAL";US19260Q1076;1COIN;"Euronext Global Equity Market";EUR;132,18;134,82;127,00;128,22;"11/02/2026 17:35";CET;10458;1368966,70;128,22;11/02/2026
"COINBASE GLOBAL";US19260Q1076;2COIN;"Trading After Hours";EUR;126,94;126,94;126,94;126,94;"11/02/2026 19:09";CET;10;1269,40;126,94;11/02/2026
"COINBASE GLOBAL";US19260Q1076;4COIN;EuroTLX;EUR;134,10;134,10;131,00;131,00;"11/02/2026 15:56";CET;40;5299,90;128,06;11/02/2026
COLGATE-PALMOLIVE;US1941621039;4CL;EuroTLX;EUR;67,00;67,00;67,00;67,00;"29/12/2025 13:40";CET;10;670,00;80,18;11/02/2026
COLGATE-PALMOLIVE;US1941621039;2CL;"Trading After Hours";EUR;75,11;75,11;75,11;75,11;"30/01/2026 20:26";CET;26;1952,86;80,20;11/02/2026
COLGATE-PALMOLIVE;US1941621039;1CL;"Euronext Global Equity Market";EUR;78,93;79,42;78,81;79,02;"09/02/2026 16:42";CET;101;7965,81;80,20;11/02/2026
COLIPAYS;FR0010959684;MLCLP;"Euronext Access Paris";EUR;2,80;2,80;2,80;2,80;"11/02/2026 16:30";CET;50;140,00;2,80;11/02/2026
"Colonial SFL";ES0139140174;1COL;"Euronext Global Equity Market";EUR;5,46;5,46;5,46;5,46;"02/02/2026 14:50";CET;120;655,20;5,315;11/02/2026
COLRUYT;BE0974256852;COLR;"Euronext Brussels";EUR;34,20;34,56;34,16;34,44;"11/02/2026 17:35";CET;27815;956212,98;34,44;11/02/2026
"COLUMBIA SPORTSWEA";US1985161066;1COLM;"Euronext Global Equity Market";EUR;52,00;52,00;52,00;52,00;"09/02/2026 09:09";CET;11;572,00;55,00;11/02/2026
COM.TEL;IT0005632945;CMTL;"Euronext Growth Milan";EUR;1,16;1,175;1,16;1,175;"10/02/2026 16:11";CET;3000;3507,00;1,175;11/02/2026
COMCAST;US20030N1019;4CMCSA;EuroTLX;EUR;24,60;24,60;24,60;24,60;"27/01/2026 15:40";CET;40;984,00;27,53;11/02/2026
COMCAST;US20030N1019;2CMCSA;"Trading After Hours";EUR;24,57;24,57;24,57;24,57;"21/01/2026 19:17";CET;200;4914,00;27,57;11/02/2026
COMCAST;US20030N1019;1CMCSA;"Euronext Global Equity Market";EUR;27,245;27,26;27,23;27,26;"11/02/2026 15:31";CET;790;21526,25;27,57;11/02/2026
"COMER INDUSTRIES";IT0005246191;COM;"Euronext Milan";EUR;49,70;50,40;47,50;47,50;"11/02/2026 17:35";CET;8044;397263,20;47,50;11/02/2026
"COMFORT SYSTEMS";US1999081045;1FIX;"Euronext Global Equity Market";EUR;1076,00;1143,00;1076,00;1143,00;"11/02/2026 15:42";CET;71;78702,00;1131,00;11/02/2026
"COMMERCIALE BELGE";BE0013068706;-;"Euronext Expert Market";EUR;680,00;680,00;680,00;680,00;"09/07/2019 11:30";CET;10;6800,00;680,00;11/02/2026
COMMERZBANK;DE000CBK1001;2CBK;"Trading After Hours";EUR;34,20;34,20;34,20;34,20;"15/01/2026 19:16";CET;50;1710,00;34,39;11/02/2026
COMMERZBANK;DE000CBK1001;4CBK;EuroTLX;EUR;30,18;30,18;30,18;30,18;"21/10/2025 14:15";CET;100;3018,00;34,37;11/02/2026
COMMERZBANK;DE000CBK1001;1CBK;"Euronext Global Equity Market";EUR;34,66;34,71;32,95;34,42;"11/02/2026 17:29";CET;20159;682029,82;34,39;11/02/2026
"COMPAGNIA  CARAIBI";IT0005453235;TIME;"Euronext Growth Milan";EUR;0,384;0,41;0,38;0,41;"11/02/2026 16:57";CET;6800;2612,00;0,41;11/02/2026
"COMPAGNIE ODET";FR0000062234;ODET;"Euronext Paris";EUR;1328,00;1330,00;1318,00;1320,00;"11/02/2026 17:35";CET;142;188058,00;1320,00;11/02/2026
"Conagra Brands";US2058871029;1CAG;"Euronext Global Equity Market";EUR;16,044;16,044;16,044;16,044;"10/02/2026 12:27";CET;50;802,20;16,65;11/02/2026
"CONDOR TECHNOLOG";BE6252013725;MLMFI;"Euronext Access Paris";EUR;12,00;12,00;12,00;12,00;"29/02/2024 16:30";CET;1748;20976,00;12,00;11/02/2026
CONDURIL;PTCDU0AE0003;CDU;"Euronext Access Lisbon";EUR;15,00;15,00;15,00;15,00;"26/11/2025 16:31";BST;525;7875,00;15,00;11/02/2026
CONFINVEST;IT0005379604;CFV;"Euronext Growth Milan";EUR;1,915;1,93;1,875;1,875;"11/02/2026 17:36";CET;32000;60910,00;1,875;11/02/2026
"CONFLUENT INC-CLAS";US20717M1036;1CFLT;"Euronext Global Equity Market";EUR;25,87;25,87;25,87;25,87;"20/01/2026 10:00";CET;58;1500,46;25,695;11/02/2026
CONOCOPHILLIPS;US20825C1045;1COP;"Euronext Global Equity Market";EUR;91,62;91,62;91,01;91,01;"10/02/2026 13:26";CET;175;16024,35;92,99;11/02/2026
CONOCOPHILLIPS;US20825C1045;2COP;"Trading After Hours";EUR;76,91;76,91;76,91;76,91;"04/11/2025 18:00";CET;3;230,73;92,99;11/02/2026
CONOCOPHILLIPS;US20825C1045;4COP;EuroTLX;EUR;90,90;90,90;90,00;90,00;"05/01/2026 10:02";CET;30;2718,00;92,99;11/02/2026
"CONSOLIDATED EDIS";US2091151041;2ED;"Trading After Hours";EUR;88,20;88,48;88,20;88,28;"11/12/2024 18:47";CET;47;4151,08;91,66;11/02/2026
"CONSOLIDATED EDIS";US2091151041;4ED;EuroTLX;EUR;96,74;96,74;96,74;96,74;"04/03/2025 14:12";CET;5;483,70;91,78;11/02/2026
"CONSOLIDATED EDIS";US2091151041;1ED;"Euronext Global Equity Market";EUR;91,84;91,84;91,84;91,84;"04/02/2026 15:33";CET;4;367,36;91,66;11/02/2026
"CONSORT NT";FR0000077828;MLCNT;"Euronext Access Paris";EUR;70,00;70,00;70,00;70,00;"27/02/2023 16:30";CET;24;1680,00;64,00;11/02/2026
"CONSTELLATION BR";US21036P1084;4STZ;EuroTLX;EUR;122,70;122,70;122,70;122,70;"08/10/2025 09:35";CET;3;368,10;137,60;11/02/2026
"CONSTELLATION BR";US21036P1084;1STZ;"Euronext Global Equity Market";EUR;135,80;135,80;135,80;135,80;"10/02/2026 12:19";CET;25;3395,00;137,25;11/02/2026
"CONSTELLATION BR";US21036P1084;2STZ;"Trading After Hours";EUR;135,85;135,85;135,85;135,85;"14/01/2026 18:38";CET;20;2717,00;137,25;11/02/2026
"Constellation En";US21037T1097;1CEG;"Euronext Global Equity Market";EUR;232,30;233,45;226,85;228,20;"11/02/2026 16:51";CET;651;150440,60;230,10;11/02/2026
"CONSTELLATION OIL";NO0013597419;COSH;"Euronext Growth Oslo";NOK;129,00;131,76;123,00;128,41;"11/02/2026 17:34";CET;51220;6349430,07;128,42;11/02/2026
"CONSTRUCTEURS BOIS";FR00140007I9;MLLCB;"Euronext Access Paris";EUR;2,88;2,88;2,70;2,70;"11/02/2026 16:30";CET;520;1405,80;2,70;11/02/2026
"CONSTRUCTION PARTN";US21044C1071;1ROAD;"Euronext Global Equity Market";EUR;103,00;103,00;103,00;103,00;"05/09/2025 10:58";CET;9;927,00;110,00;11/02/2026
CONTEXTVISION;SE0014731154;CONTX;"Oslo Børs";NOK;3,72;3,82;3,71;3,82;"11/02/2026 16:25";CET;13232;49453,73;3,82;11/02/2026
"CONTINENT. LAND CY";NL0000121622;-;"Euronext Expert Market";EUR;20,00;20,00;20,00;20,00;"26/08/2025 11:30";CET;150;3000,00;20,00;11/02/2026
CONTINENTAL;DE0005439004;2CON;"Trading After Hours";EUR;67,56;67,56;67,56;67,56;"19/01/2026 18:02";CET;4;270,24;71,16;11/02/2026
CONTINENTAL;DE0005439004;1CON;"Euronext Global Equity Market";EUR;70,96;70,96;70,96;70,96;"11/02/2026 17:03";CET;196;13908,16;71,16;11/02/2026
CONTINENTAL;DE0005439004;4CON;EuroTLX;EUR;66,00;66,00;65,92;65,92;"03/11/2025 15:25";CET;1015;66910,00;71,16;11/02/2026
CONVERGENZE;IT0005426215;CVG;"Euronext Growth Milan";EUR;1,81;1,89;1,81;1,84;"11/02/2026 17:35";CET;5500;10170,00;1,84;11/02/2026
"Cooper Cos";US2166485019;1COO;"Euronext Global Equity Market";EUR;71,00;71,00;71,00;71,00;"08/01/2026 16:17";CET;615;43665,00;67,00;11/02/2026
"Copart Inc";US2172041061;1CPRT;"Euronext Global Equity Market";EUR;34,425;34,425;34,425;34,425;"05/02/2026 09:00";CET;130;4475,25;33,535;11/02/2026
COPERNICO;IT0005379406;COP;"Euronext Growth Milan";EUR;7,35;7,35;7,35;7,35;"10/02/2026 15:59";CET;250;1837,50;7,35;11/02/2026
CORBION;NL0010583399;2CRBN;"Trading After Hours";EUR;-;-;-;-;-;CET;-;-;-;-
CORBION;NL0010583399;CRBN;"Euronext Amsterdam";EUR;21,46;21,64;21,30;21,50;"11/02/2026 17:35";CET;109068;2346127,68;21,50;11/02/2026
"CORCEPT THERAP";US2183521028;1CORT;"Euronext Global Equity Market";EUR;31,03;31,03;31,03;31,03;"06/02/2026 09:03";CET;160;4964,80;33,81;11/02/2026
"CORE & MAIN CL A";US21874C1027;1CNM;"Euronext Global Equity Market";EUR;-;-;-;-;-;CET;-;-;-;-
"CORE SCIENTIFIC";US21874A1060;1CORZ;"Euronext Global Equity Market";EUR;13,05;13,05;13,05;13,05;"06/02/2026 10:47";CET;150;1957,50;15,20;11/02/2026
"CORE SPAIN HOLDCO";ES0105660007;MLCOE;"Euronext Access Paris";EUR;16,60;16,60;16,60;16,60;"17/11/2022 00:00";CET;-;-;16,40;11/02/2026
"COREP LIGHTING";FR0010035816;MLCOR;"Euronext Access Paris";EUR;9,00;9,00;9,00;9,00;"27/02/2024 11:30";CET;47;423,00;9,00;11/02/2026
"CORESTATE CAPITAL";LU1296758029;2CCAP;"Trading After Hours";EUR;-;-;-;-;-;CET;-;-;-;-
"CORESTATE CAPITAL";LU1296758029;1CCAP;"Euronext Global Equity Market";EUR;-;-;-;-;-;CET;-;-;-;-
"CORETECH 5";FR0013371507;MLCOT;"Euronext Access Paris";EUR;0,075;0,075;0,075;0,075;"23/01/2026 11:30";CET;1444;108,30;0,075;11/02/2026
"COREWEAVE CL A";US21873S1087;1CRWV;"Euronext Global Equity Market";EUR;78,40;82,00;75,80;77,20;"11/02/2026 16:58";CET;645;51350,20;78,00;11/02/2026
CORNING;US2193501051;4GLW;EuroTLX;EUR;79,62;79,62;79,62;79,62;"11/12/2025 16:27";CET;35;2786,70;110,04;11/02/2026
CORNING;US2193501051;1GLW;"Euronext Global Equity Market";EUR;107,54;109,02;106,70;109,02;"11/02/2026 13:44";CET;302;32608,12;110,10;11/02/2026
CORNING;US2193501051;2GLW;"Trading After Hours";EUR;109,00;109,00;109,00;109,00;"09/02/2026 20:29";CET;30;3270,00;110,10;11/02/2026
"Corpay Inc";US2199481068;1CPAY;"Euronext Global Equity Market";EUR;266,00;266,00;266,00;266,00;"10/12/2025 16:18";CET;40;10640,00;288,00;11/02/2026
"Corteva Inc";US22052L1044;1CTVA;"Euronext Global Equity Market";EUR;61,59;61,59;61,59;61,59;"02/02/2026 09:00";CET;85;5235,15;63,75;11/02/2026
"CORTICEIRA AMORIM";PTCOR0AE0006;COR;"Euronext Lisbon";EUR;6,97;7,09;6,92;7,09;"11/02/2026 22:35";BST;159803;1124273,11;7,09;11/02/2026
"CoStar Group";US22160N1090;4CSGP;EuroTLX;EUR;-;-;-;-;-;CET;-;-;-;-
"CoStar Group";US22160N1090;1CSGP;"Euronext Global Equity Market";EUR;40,825;40,825;40,505;40,505;"11/02/2026 16:10";CET;573;23296,41;39,64;11/02/2026
"CoStar Group";US22160N1090;2CSGP;"Trading After Hours";EUR;-;-;-;-;-;CET;-;-;-;-
"COSTCO WHOLESALE";US22160K1051;2COST;"Trading After Hours";EUR;810,40;810,40;810,40;810,40;"14/10/2025 19:50";CET;3;2431,20;826,80;11/02/2026
"COSTCO WHOLESALE";US22160K1051;1COST;"Euronext Global Equity Market";EUR;837,80;837,80;834,50;834,50;"10/02/2026 16:23";CET;10;8364,80;826,80;11/02/2026
"COSTCO WHOLESALE";US22160K1051;4COST;EuroTLX;EUR;758,20;758,20;758,20;758,20;"11/12/2025 09:15";CET;1;758,20;826,40;11/02/2026
"Coterra Energy";US1270971039;1CTRA;"Euronext Global Equity Market";EUR;23,39;23,39;23,39;23,39;"03/02/2026 15:34";CET;30;701,70;26,55;11/02/2026
COTY;US2220702037;2COTY;"Trading After Hours";EUR;-;-;-;-;-;CET;-;-;-;-
COTY;US2220702037;COTY;"Euronext Paris";EUR;2,1385;2,14;2,1385;2,14;"11/02/2026 17:05";CET;925;1978,74;2,14;11/02/2026
COTY;US2220702037;1COTY;"Euronext Global Equity Market";EUR;2,233;2,233;2,233;2,233;"11/02/2026 09:00";CET;100;223,30;2,146;11/02/2026
COUPANG;US22266T1097;1CPNG;"Euronext Global Equity Market";EUR;15,378;15,41;15,378;15,41;"11/02/2026 15:19";CET;292;4494,47;14,976;11/02/2026
"COURBET HERITAGE";FR0004998318;MLCOU;"Euronext Access Paris";EUR;1,24;1,24;1,24;1,24;"10/02/2026 16:30";CET;89;110,36;1,24;11/02/2026
COURTOIS;FR0000065393;COUR;"Euronext Paris";EUR;116,00;116,00;116,00;116,00;"30/12/2025 16:31";CET;8;928,00;116,00;11/02/2026
COVESTRO;DE0006062144;11COV;"Euronext Global Equity Market";EUR;59,70;59,70;59,70;59,70;"13/01/2026 15:41";CET;85;5074,50;44,49;11/02/2026
COVESTRO;DE0006062144;21COV;"Trading After Hours";EUR;52,18;52,18;52,18;52,18;"15/04/2024 20:27";CET;50;2609,00;44,49;11/02/2026
COVIVIO;FR0000064578;COV;"Euronext Paris";EUR;54,95;55,80;54,45;54,85;"11/02/2026 17:35";CET;96613;5306641,14;54,85;11/02/2026
COVIVIO;FR0000064578;2COV;"Trading After Hours";EUR;49,50;49,50;49,50;49,50;"28/01/2025 18:02";CET;1;49,50;54,85;11/02/2026
"COVIVIO HOTELS";FR0000060303;COVH;"Euronext Paris";EUR;23,30;23,30;23,30;23,30;"11/02/2026 15:32";CET;32;745,60;23,30;11/02/2026
"COVIVIO REIT";FR0000064578;4COV;EuroTLX;EUR;54,35;54,55;54,35;54,55;"11/02/2026 10:35";CET;6;326,50;54,80;11/02/2026
"CP 76 PETROFINA";BE0099150162;-;"Euronext Expert Market";EUR;28,10;28,10;28,10;28,10;"03/11/2020 11:30";CET;9;252,90;28,20;11/02/2026
"CP 79 PETROFINA";BE0099395676;-;"Euronext Expert Market";EUR;80,40;80,40;80,40;80,40;"03/11/2020 11:30";CET;1;80,40;80,50;11/02/2026
CPIEUROPE;AT0000A21KS2;1CPIE;"Euronext Global Equity Market";EUR;15,81;15,81;15,81;15,81;"28/01/2026 17:21";CET;10;158,10;16,21;11/02/2026
"CRCAM ALP.PROV.CCI";FR0000044323;CRAP;"Euronext Paris";EUR;138,00;140,50;138,00;140,50;"11/02/2026 17:35";CET;202;28221,92;140,50;11/02/2026
"CRCAM ATL.VEND.CCI";FR0000185506;CRAV;"Euronext Paris";EUR;141,98;149,32;140,00;147,00;"11/02/2026 17:35";CET;1141;165990,22;147,00;11/02/2026
"CRCAM BRIE PIC2CCI";FR0010483768;CRBP2;"Euronext Paris";EUR;29,60;30,10;29,50;29,715;"11/02/2026 17:35";CET;6433;192319,22;29,715;11/02/2026
"CRCAM ILLE-VIL.CCI";FR0000045213;CIV;"Euronext Paris";EUR;109,00;114,50;109,00;114,50;"11/02/2026 16:36";CET;372;41535,38;114,50;11/02/2026
"CRCAM LANGUED CCI";FR0010461053;CRLA;"Euronext Paris";EUR;80,99;82,48;80,97;82,48;"11/02/2026 17:35";CET;252;20460,26;82,48;11/02/2026
"CRCAM LOIRE HTE L.";FR0000045239;CRLO;"Euronext Paris";EUR;104,00;104,00;101,56;103,36;"11/02/2026 16:45";CET;419;43145,58;103,36;11/02/2026
"CRCAM MORBIHAN CCI";FR0000045551;CMO;"Euronext Paris";EUR;105,12;113,80;105,12;110,00;"11/02/2026 17:15";CET;2652;291637,42;110,00;11/02/2026
"CRCAM NORD CCI";FR0000185514;CNDF;"Euronext Paris";EUR;28,11;28,50;27,61;27,61;"11/02/2026 17:35";CET;10052;282090,52;27,61;11/02/2026
"CRCAM NORM.SEINE";FR0000044364;CCN;"Euronext Paris";EUR;145,50;148,00;145,50;148,00;"11/02/2026 17:35";CET;1029;150523,88;148,00;11/02/2026
"CRCAM PARIS ET IDF";FR0000045528;CAF;"Euronext Paris";EUR;120,00;120,38;118,78;119,20;"11/02/2026 17:35";CET;1532;183712,30;119,20;11/02/2026
"CRCAM SUD R.A.CCI";FR0000045346;CRSU;"Euronext Paris";EUR;198,50;202,80;198,50;202,80;"11/02/2026 17:26";CET;452;90690,25;202,80;11/02/2026
"CRCAM TOURAINE CCI";FR0000045304;CRTO;"Euronext Paris";EUR;122,52;128,50;122,52;128,50;"11/02/2026 16:31";CET;191;24016,80;128,50;11/02/2026
"CREACTIVES GROUP";IT0005408593;CREG;"Euronext Growth Milan";EUR;2,80;2,80;2,80;2,80;"11/02/2026 17:35";CET;12000;33600,00;2,80;11/02/2026
CREDEM;IT0003121677;CE;"Euronext Milan";EUR;15,80;15,84;15,24;15,24;"11/02/2026 17:35";CET;266072;4113583,46;15,24;11/02/2026
CREDIMO;BE0015460372;-;"Euronext Expert Market";EUR;67,00;67,00;67,00;67,00;"27/10/2015 11:30";CET;3;201,00;67,00;11/02/2026
"CREDIMO HOLDING";BE0162868054;-;"Euronext Expert Market";EUR;32,84;32,84;32,84;32,84;"24/11/2015 11:30";CET;4239;139208,76;32,80;11/02/2026
"CREDIT AGRICOLE";FR0000045072;2ACA;"Trading After Hours";EUR;17,645;17,80;17,60;17,60;"06/02/2026 20:09";CET;3999;70813,21;18,25;11/02/2026
"CREDIT AGRICOLE";FR0000045072;ACA;"Euronext Paris";EUR;18,045;18,235;17,825;18,03;"11/02/2026 17:35";CET;4022006;72563207,89;18,03;11/02/2026
"CREDIT AGRICOLE";FR0000045072;4ACA;EuroTLX;EUR;17,99;17,99;17,99;17,99;"09/02/2026 11:42";CET;200;3598,00;18,005;11/02/2026
"CREDIT AGRICOLE";FR0000045072;1ACA;"Euronext Global Equity Market";EUR;18,045;18,25;17,85;18,25;"11/02/2026 17:35";CET;4337;78592,70;18,25;11/02/2026
"CRH PLC 5PCCumPref";IE0001827264;DD8A;"Euronext Growth Dublin";EUR;-;-;-;1,00;"09/10/2014 03:30";IST;-;-;0,79;11/02/2026
"CROCS INC";US2270461096;1CROX;"Euronext Global Equity Market";EUR;71,61;71,61;71,61;71,61;"11/02/2026 15:35";CET;290;20766,90;70,89;11/02/2026
CROSSJECT;FR0011716265;ALCJ;"Euronext Growth Paris";EUR;2,19;2,24;1,998;2,02;"11/02/2026 17:35";CET;486224;1020343,64;2,02;11/02/2026
"CROSSJECT BS27";FR001400UR90;CJBS;"Euronext Growth Paris";EUR;0,82;0,97;0,82;0,97;"11/02/2026 17:28";CET;14895;12254,15;0,97;11/02/2026
CROSSWOOD;FR0000050395;CROS;"Euronext Paris";EUR;10,40;10,40;10,40;10,40;"22/01/2026 16:30";CET;5;52,00;10,40;11/02/2026
CROWDFUNDME;IT0005353575;CFM;"Euronext Growth Milan";EUR;1,24;1,24;1,24;1,24;"11/02/2026 12:02";CET;150;186,00;1,24;11/02/2026
"Crowdstrike Hold";US22788C1053;4CRWD;EuroTLX;EUR;407,00;407,00;407,00;407,00;"09/01/2026 09:00";CET;2;814,00;345,10;11/02/2026
"Crowdstrike Hold";US22788C1053;1CRWD;"Euronext Global Equity Market";EUR;348,30;348,30;345,75;345,75;"11/02/2026 17:29";CET;35;12152,25;345,25;11/02/2026
"Crowdstrike Hold";US22788C1053;2CRWD;"Trading After Hours";EUR;441,20;441,20;441,20;441,20;"27/10/2025 18:33";CET;12;5294,40;345,25;11/02/2026
"CS BRUX";BE0010566900;-;"Euronext Expert Market";EUR;60,40;60,40;60,40;60,40;"01/09/2015 11:30";CET;272;16428,80;60,50;11/02/2026
CSG;NL0015073TS8;2CSG;"Trading After Hours";EUR;-;-;-;-;-;CET;-;-;-;-
CSG;NL0015073TS8;CSG;"Euronext Amsterdam";EUR;31,75;32,00;28,99;28,99;"11/02/2026 17:39";CET;1690290;50232346,73;28,99;11/02/2026
"CSP INT IND CALZE";IT0001127874;CSP;"Euronext Milan";EUR;0,308;0,308;0,30;0,307;"11/02/2026 11:59";CET;1740;532,93;0,307;11/02/2026
"CSX Corp";US1264081035;1CSX;"Euronext Global Equity Market";EUR;34,55;34,55;34,55;34,55;"09/02/2026 12:03";CET;47;1623,85;33,795;11/02/2026
CTAC;NL0000345577;CTAC;"Euronext Amsterdam";EUR;3,08;3,08;3,08;3,08;"11/02/2026 09:47";CET;15;46,20;3,08;11/02/2026
CTP;NL00150006R6;2CTPNV;"Trading After Hours";EUR;-;-;-;-;-;CET;-;-;-;-
CTP;NL00150006R6;CTPNV;"Euronext Amsterdam";EUR;18,80;18,96;18,64;18,96;"11/02/2026 17:35";CET;131107;2477989,49;18,96;11/02/2026
"CTS Eventim";DE0005470306;1EVD;"Euronext Global Equity Market";EUR;-;-;-;-;-;CET;-;-;-;-
"CTT CORREIOS PORT";PTCTT0AM0001;2CTT;"Trading After Hours";EUR;-;-;-;-;-;CET;-;-;-;-
"CTT CORREIOS PORT";PTCTT0AM0001;CTT;"Euronext Lisbon";EUR;7,31;7,44;7,29;7,32;"11/02/2026 22:35";BST;497360;3643955,16;7,32;11/02/2026
"CUBE LABS";IT0005532483;CUBE;"Euronext Growth Milan";EUR;2,42;2,42;2,42;2,42;"18/12/2025 17:35";CET;17500;42350,00;2,42;11/02/2026
"CULTI MILANO";IT0005257347;CULT;"Euronext Growth Milan";EUR;18,80;18,80;18,80;18,80;"11/02/2026 12:54";CET;7625;143350,00;18,80;11/02/2026
"Cummins Inc";US2310211063;1CMI;"Euronext Global Equity Market";EUR;513,00;513,00;513,00;513,00;"05/02/2026 13:30";CET;26;13338,00;505,00;11/02/2026
CUMULEX;BE0003463685;CLEX;"Euronext Brussels";EUR;0,745;0,745;0,745;0,745;"06/02/2026 11:30";CET;100;74,50;0,745;11/02/2026
"CUMULEX (ben/win)";BE0010026350;-;"Euronext Expert Market";EUR;10,00;10,00;10,00;10,00;"17/07/2018 11:30";CET;14;140,00;10,00;11/02/2026
"CVC CAPITAL";JE00BRX98089;CVC;"Euronext Amsterdam";EUR;13,39;13,40;12,79;12,83;"11/02/2026 17:35";CET;1425645;18403977,34;12,83;11/02/2026
"CVS HEALTH";US1266501006;1CVS;"Euronext Global Equity Market";EUR;63,26;63,36;62,80;63,36;"11/02/2026 17:35";CET;118;7429,18;63,36;11/02/2026
"CVS HEALTH";US1266501006;2CVS;"Trading After Hours";EUR;61,91;61,91;61,91;61,91;"28/01/2026 18:26";CET;60;3714,60;63,36;11/02/2026
"CVS HEALTH";US1266501006;4CVS;EuroTLX;EUR;60,73;60,73;60,73;60,73;"28/01/2026 14:34";CET;49;2975,77;63,14;11/02/2026
CY4GATE;IT0005412504;CY4;"Euronext Milan";EUR;7,31;7,44;7,15;7,17;"11/02/2026 17:35";CET;30813;223335,66;7,17;11/02/2026
CYBEROO;IT0005546103;CYB;"Euronext Growth Milan";EUR;1,31;1,32;1,275;1,275;"11/02/2026 17:35";CET;70281;90810,13;1,275;11/02/2026
"CYTOKINETICS INC";US23282W6057;1CYTK;"Euronext Global Equity Market";EUR;53,00;53,00;53,00;53,00;"10/12/2025 15:31";CET;4;212,00;53,00;11/02/2026
CYVIZ;NO0010015175;CYVIZ;"Euronext Growth Oslo";NOK;38,00;38,40;37,00;38,40;"10/02/2026 16:25";CET;2784;103563,70;38,40;11/02/2026
D'AMICO;LU2592315662;DIS;"Euronext Milan";EUR;6,275;6,56;6,265;6,50;"11/02/2026 17:35";CET;529164;3407391,38;6,50;11/02/2026
"D'IETEREN GROUP";BE0974259880;2DIE;"Trading After Hours";EUR;-;-;-;-;-;CET;-;-;-;-
"D'IETEREN GROUP";BE0974259880;DIE;"Euronext Brussels";EUR;198,00;198,50;195,70;196,80;"11/02/2026 17:35";CET;55672;10962341,20;196,80;11/02/2026
"D-WAVE QUANTUM INC";US26740W1099;1QBTS;"Euronext Global Equity Market";EUR;17,13;17,53;16,00;16,30;"11/02/2026 17:26";CET;3676;60862,64;16,14;11/02/2026
D.L.S.I.;FR0010404368;ALDLS;"Euronext Growth Paris";EUR;11,30;11,30;11,00;11,20;"11/02/2026 16:44";CET;326;3616,70;11,20;11/02/2026
"DAIMLER TRUCK HD";DE000DTR0CK8;1DTRH;"Euronext Global Equity Market";EUR;43,70;43,70;43,36;43,36;"11/02/2026 13:06";CET;500;21748,00;43,58;11/02/2026
"DAIMLER TRUCK HD";DE000DTR0CK8;2DTRH;"Trading After Hours";EUR;35,90;36,60;35,90;36,60;"01/10/2025 18:00";CET;500;18090,00;43,58;11/02/2026
DAMARIS;FR0000077885;MLDAM;"Euronext Access Paris";EUR;7,50;7,50;7,50;7,50;"11/02/2026 16:30";CET;22;165,00;7,50;11/02/2026
DAMARTEX;FR0000185423;ALDAR;"Euronext Growth Paris";EUR;2,50;2,50;2,26;2,50;"11/02/2026 17:16";CET;13226;30707,06;2,50;11/02/2026
DANAHER;US2358511028;1DHR;"Euronext Global Equity Market";EUR;179,06;179,06;179,06;179,06;"06/02/2026 09:00";CET;1;179,06;184,18;11/02/2026
DANAHER;US2358511028;2DHR;"Trading After Hours";EUR;198,86;198,86;198,86;198,86;"25/11/2025 18:19";CET;160;31817,60;184,18;11/02/2026
DANAHER;US2358511028;4DHR;EuroTLX;EUR;202,50;202,50;202,50;202,50;"07/01/2026 10:07";CET;30;6075,00;184,86;11/02/2026
"DANIELI & C";IT0000076502;DAN;"Euronext Milan";EUR;66,30;68,70;66,30;68,30;"11/02/2026 17:35";CET;87074;5907417,80;68,30;11/02/2026
"DANIELI & C RISP";IT0000076486;DANR;"Euronext Milan";EUR;46,22;47,52;46,08;47,40;"11/02/2026 17:35";CET;176182;8300247,23;47,40;11/02/2026
DANONE;FR0000120644;2BN;"Trading After Hours";EUR;72,36;72,36;72,36;72,36;"06/03/2025 18:24";CET;50;3618,00;69,02;11/02/2026
DANONE;FR0000120644;BN;"Euronext Paris";EUR;69,90;70,80;67,48;69,02;"11/02/2026 17:38";CET;1895055;131004843,53;69,02;11/02/2026
DANONE;FR0000120644;4BN;EuroTLX;EUR;66,64;70,20;66,64;70,20;"11/02/2026 09:05";CET;80;5473,60;69,18;11/02/2026
"Darden Restaurants";US2371941053;1DRI;"Euronext Global Equity Market";EUR;173,10;173,10;173,10;173,10;"07/01/2026 15:25";CET;15;2596,50;182,40;11/02/2026
"DASSAULT AVIATION";FR0014004L86;2AM;"Trading After Hours";EUR;-;-;-;-;-;CET;-;-;-;-
"DASSAULT AVIATION";FR0014004L86;AM;"Euronext Paris";EUR;326,80;326,80;318,00;321,60;"11/02/2026 17:35";CET;62889;20210356,50;321,60;11/02/2026
"DASSAULT SYSTEMES";FR0014003TT8;4DSY;EuroTLX;EUR;17,835;18,065;17,77;18,065;"11/02/2026 15:56";CET;160;2852,65;17,91;11/02/2026
"DASSAULT SYSTEMES";FR0014003TT8;DSY;"Euronext Paris";EUR;18,11;18,64;17,16;17,77;"11/02/2026 17:39";CET;13831202;247559435,16;17,77;11/02/2026
"DASSAULT SYSTEMES";FR0014003TT8;2DSY;"Trading After Hours";EUR;-;-;-;-;-;CET;-;-;-;-
"Datadog Inc";US23804L1035;1DDOG;"Euronext Global Equity Market";EUR;109,02;110,54;103,64;105,32;"11/02/2026 17:18";CET;487;51465,94;105,14;11/02/2026
DATALOGIC;IT0004053440;DAL;"Euronext Milan";EUR;4,20;4,20;4,065;4,065;"11/02/2026 17:35";CET;101748;420833,10;4,065;11/02/2026
DATRIX;IT0005468357;DATA;"Euronext Growth Milan";EUR;1,49;1,53;1,45;1,50;"11/02/2026 17:18";CET;45000;67062,50;1,50;11/02/2026
"DaVita Inc";US23918K1088;1DVA;"Euronext Global Equity Market";EUR;118,40;118,40;118,40;118,40;"10/02/2026 14:08";CET;151;17878,40;120,70;11/02/2026
"Dayforce Inc";US15677J1088;1DAY;"Euronext Global Equity Market";EUR;58,50;58,50;58,50;58,50;"20/01/2026 14:54";CET;100;5850,00;59,00;11/02/2026
"DBA GROUP";IT0005285942;DBA;"Euronext Growth Milan";EUR;3,88;3,88;3,71;3,88;"11/02/2026 17:35";CET;11100;42291,00;3,88;11/02/2026
DBT;FR001400LO86;ALDBT;"Euronext Growth Paris";EUR;0,071;0,133;0,0681;0,133;"11/02/2026 17:35";CET;6763937;738845,52;0,133;11/02/2026
"DBV TECHNOLOGIES";FR0010417345;DBV;"Euronext Paris";EUR;4,04;4,05;3,705;3,725;"11/02/2026 17:35";CET;2005948;7647051,25;3,725;11/02/2026
DE'LONGHI;IT0003115950;DLG;"Euronext Milan";EUR;39,18;39,18;38,54;38,54;"11/02/2026 17:35";CET;139982;5419154,56;38,54;11/02/2026
DECEUNINCK;BE0003789063;DECB;"Euronext Brussels";EUR;2,43;2,475;2,415;2,47;"11/02/2026 17:35";CET;110881;272179,76;2,47;11/02/2026
"Deckers Outdoor";US2435371073;1DECK;"Euronext Global Equity Market";EUR;97,70;97,70;97,70;97,70;"11/02/2026 16:32";CET;3;293,10;97,48;11/02/2026
DEDEM;IT0005659724;DDM;"Euronext Growth Milan";EUR;6,40;6,70;6,30;6,40;"11/02/2026 14:05";CET;13000;85000,00;6,40;11/02/2026
"DEEP VALUE DRILLER";NO0010955917;DVD;"Euronext Growth Oslo";NOK;21,30;21,50;20,80;20,80;"11/02/2026 16:28";CET;124834;2618524,45;20,80;11/02/2026
"DEERE & CO";US2441991054;1DE;"Euronext Global Equity Market";EUR;491,00;495,30;491,00;495,30;"10/02/2026 17:11";CET;11;5405,30;510,00;11/02/2026
"DEERE & CO";US2441991054;4DE;EuroTLX;EUR;404,90;404,90;404,90;404,90;"12/12/2025 15:47";CET;15;6073,50;509,80;11/02/2026
DEERE&CO;US2441991054;2DE;"Trading After Hours";EUR;479,60;479,60;479,60;479,60;"05/02/2026 18:23";CET;8;3836,80;510,00;11/02/2026
DEEZER;FR001400AYG6;DEEZR;"Euronext Paris";EUR;1,125;1,15;1,125;1,15;"11/02/2026 16:41";CET;6608;7539,01;1,15;11/02/2026
"DEEZER WARRANTS";FR0014004JF6;DEEZW;"Euronext Paris";EUR;0,0005;0,0005;0,0005;0,0005;"30/10/2024 09:00";CET;2;-;0,0005;11/02/2026
DEKUPLE;FR0000062978;DKUPL;"Euronext Paris";EUR;25,80;26,00;25,80;25,80;"11/02/2026 17:23";CET;130;3377,80;25,80;11/02/2026
DELFINGEN;FR0000054132;ALDEL;"Euronext Growth Paris";EUR;33,60;34,20;33,60;33,90;"11/02/2026 17:35";CET;634;21510,20;33,90;11/02/2026
"DELIVERY HERO";DE000A2E4K43;4DHER;EuroTLX;EUR;22,96;22,96;22,96;22,96;"29/08/2025 16:53";CET;70;1607,20;21,93;11/02/2026
"DELIVERY HERO";DE000A2E4K43;2DHER;"Trading After Hours";EUR;18,00;18,00;18,00;18,00;"13/11/2025 19:39";CET;109;1962,00;21,93;11/02/2026
"DELIVERY HERO";DE000A2E4K43;1DHER;"Euronext Global Equity Market";EUR;22,12;22,12;21,75;21,75;"11/02/2026 16:03";CET;867;18919,14;21,93;11/02/2026
"Dell Technologies";US24703L2025;4DELL;EuroTLX;EUR;113,50;113,50;113,50;113,50;"01/12/2025 09:14";CET;8;908,00;104,88;11/02/2026
"Dell Technologies";US24703L2025;1DELL;"Euronext Global Equity Market";EUR;106,02;107,40;105,02;105,02;"11/02/2026 17:35";CET;206;21954,04;105,02;11/02/2026
"Dell Technologies";US24703L2025;2DELL;"Trading After Hours";EUR;96,29;96,29;96,29;96,29;"02/02/2026 18:46";CET;20;1925,80;105,02;11/02/2026
"DELLIA GROUP";NO0012697095;DELIA;"Oslo Børs";NOK;418,00;418,50;397,50;403,00;"11/02/2026 16:25";CET;16495;6707215,00;403,00;11/02/2026
"Delta Air Lines";US2473617023;1DAL;"Euronext Global Equity Market";EUR;62,47;62,47;62,47;62,47;"11/02/2026 10:20";CET;2;124,94;61,73;11/02/2026
"DELTA PLUS GROUP";FR0013283108;ALDLT;"Euronext Growth Paris";EUR;54,60;59,00;54,00;58,00;"11/02/2026 17:35";CET;7500;432536,80;58,00;11/02/2026
"DEME GROUP";BE0974413453;DEME;"Euronext Brussels";EUR;183,20;186,20;182,80;185,00;"11/02/2026 17:35";CET;13847;2554611,80;185,00;11/02/2026
"DENTSPLY SIRONA";US24906P1093;1XRAY;"Euronext Global Equity Market";EUR;11,85;11,85;11,145;11,145;"09/02/2026 11:28";CET;36;413,91;11,44;11/02/2026
"DENTSPLY SIRONA";US24906P1093;4XRAY;EuroTLX;EUR;9,86;9,86;9,86;9,86;"04/12/2025 13:29";CET;6;59,16;11,46;11/02/2026
"DENTSPLY SIRONA";US24906P1093;2XRAY;"Trading After Hours";EUR;10,56;10,56;10,56;10,56;"09/01/2026 18:25";CET;145;1531,20;11,44;11/02/2026
DEODATO.GALLERY;IT0005528937;ART;"Euronext Growth Milan";EUR;0,224;0,244;0,224;0,232;"10/02/2026 14:57";CET;90000;21114,00;0,232;11/02/2026
DERICHEBOURG;FR0000053381;2DBG;"Trading After Hours";EUR;-;-;-;-;-;CET;-;-;-;-
DERICHEBOURG;FR0000053381;DBG;"Euronext Paris";EUR;8,62;8,775;8,565;8,75;"11/02/2026 17:35";CET;346173;3011329,91;8,75;11/02/2026
"DESERT CONTROL";NO0010963275;DSRT;"Euronext Growth Oslo";NOK;1,745;1,78;1,585;1,64;"11/02/2026 16:25";CET;2747766;4615961,60;1,64;11/02/2026
"DESTINATION ITALIA";IT0005454027;DIT;"Euronext Growth Milan";EUR;0,482;0,482;0,47;0,47;"11/02/2026 17:35";CET;3000;1428,00;0,47;11/02/2026
"DEUTSCHE BANK";DE0005140008;2DBK;"Trading After Hours";EUR;31,305;31,305;31,305;31,305;"10/02/2026 20:23";CET;90;2817,45;31,265;11/02/2026
"DEUTSCHE BANK";DE0005140008;4DBK;EuroTLX;EUR;30,80;30,80;30,80;30,80;"09/02/2026 09:00";CET;200;6160,00;31,335;11/02/2026
"DEUTSCHE BANK";DE0005140008;1DBK;"Euronext Global Equity Market";EUR;31,535;31,765;30,75;31,265;"11/02/2026 17:35";CET;34797;1088592,55;31,265;11/02/2026
"DEUTSCHE BOERSE";DE0005810055;4DB1;EuroTLX;EUR;213,00;213,20;213,00;213,20;"23/01/2026 16:05";CET;66;14064,60;203,30;11/02/2026
"DEUTSCHE BOERSE";DE0005810055;2DB1;"Trading After Hours";EUR;217,40;217,40;217,40;217,40;"11/11/2025 18:26";CET;1;217,40;204,40;11/02/2026
"DEUTSCHE BOERSE";DE0005810055;1DB1;"Euronext Global Equity Market";EUR;205,10;205,10;205,10;205,10;"11/02/2026 15:43";CET;30;6153,00;204,40;11/02/2026
"DEUTSCHE EUROSHOP";DE0007480204;2DEQ;"Trading After Hours";EUR;19,06;19,06;19,06;19,06;"06/02/2025 19:12";CET;26;495,56;20,35;11/02/2026
"DEUTSCHE EUROSHOP";DE0007480204;1DEQ;"Euronext Global Equity Market";EUR;18,32;18,32;18,32;18,32;"18/09/2025 16:51";CET;49;897,68;20,35;11/02/2026
"DEUTSCHE EUROSHOP";DE0007480204;4DEQ;EuroTLX;EUR;18,46;18,46;18,46;18,46;"22/08/2025 10:09";CET;10;184,60;20,30;11/02/2026
"DEUTSCHE LUFTHANSA";DE0008232125;1LHA;"Euronext Global Equity Market";EUR;9,10;9,10;8,782;8,852;"11/02/2026 17:35";CET;128613;1144366,31;8,852;11/02/2026
"DEUTSCHE LUFTHANSA";DE0008232125;4LHA;EuroTLX;EUR;8,98;8,98;8,902;8,902;"11/02/2026 15:48";CET;660;5914,32;8,834;11/02/2026
"DEUTSCHE LUFTHANSA";DE0008232125;2LHA;"Trading After Hours";EUR;9,00;9,00;9,00;9,00;"10/02/2026 18:42";CET;1800;16200,00;8,852;11/02/2026
"DEUTSCHE POST";DE0005552004;2DHL;"Trading After Hours";EUR;49,56;49,56;49,56;49,56;"09/01/2026 18:00";CET;51;2527,56;51,18;11/02/2026
"DEUTSCHE POST";DE0005552004;1DHL;"Euronext Global Equity Market";EUR;50,52;51,08;50,52;51,08;"11/02/2026 15:32";CET;171;8706,50;51,18;11/02/2026
"DEUTSCHE POST";DE0005552004;4DHL;EuroTLX;EUR;45,00;45,00;45,00;45,00;"04/12/2025 09:01";CET;500;22500,00;51,18;11/02/2026
"DEUTSCHE ROHSTOFF";DE000A0XYG76;1DR;"Euronext Global Equity Market";EUR;55,10;55,10;55,10;55,10;"04/02/2026 09:33";CET;14;771,40;66,00;11/02/2026
"DEUTSCHE ROHSTOFF";DE000A0XYG76;2DR;"Trading After Hours";EUR;-;-;-;-;-;CET;-;-;-;-
"DEUTSCHE ROHSTOFF";DE000A0XYG76;4DR;EuroTLX;EUR;50,90;50,90;50,90;50,90;"13/10/2025 10:49";CET;5;254,50;62,10;11/02/2026
"DEUTSCHE TELEKOM";DE0005557508;1DTE;"Euronext Global Equity Market";EUR;30,00;30,80;29,35;30,56;"11/02/2026 17:20";CET;9542;287674,98;30,67;11/02/2026
"DEUTSCHE TELEKOM";DE0005557508;2DTE;"Trading After Hours";EUR;28,00;29,69;28,00;29,69;"03/02/2026 18:41";CET;11;324,90;30,67;11/02/2026
"DEUTSCHE TELEKOM";DE0005557508;4DTE;EuroTLX;EUR;30,22;30,50;29,78;29,78;"11/02/2026 14:20";CET;3816;115842,89;30,65;11/02/2026
"DEUTSCHE WOHNEN";DE000A0HN5C6;1DWNI;"Euronext Global Equity Market";EUR;20,40;20,40;20,40;20,40;"23/01/2026 11:39";CET;84;1713,60;22,50;11/02/2026
"DEUTSCHE WOHNEN";DE000A0HN5C6;2DWNI;"Trading After Hours";EUR;-;-;-;-;-;CET;-;-;-;-
"DEUTSCHE WOHNEN";DE000A0HN5C6;4DWNI;EuroTLX;EUR;23,80;23,80;23,80;23,80;"18/02/2025 12:47";CET;13;309,40;22,50;11/02/2026
DEUTZ;DE0006305006;4DEZ;EuroTLX;EUR;6,15;6,15;6,15;6,15;"08/04/2025 09:12";CET;3000;18450,00;11,30;11/02/2026
DEUTZ;DE0006305006;1DEZ;"Euronext Global Equity Market";EUR;11,44;11,44;11,44;11,44;"10/02/2026 09:58";CET;3;34,32;11,29;11/02/2026
DEUTZ;DE0006305006;2DEZ;"Trading After Hours";EUR;9,67;9,67;9,67;9,67;"08/09/2025 18:00";CET;76;734,92;11,29;11/02/2026
DEVERNOIS;FR0000060840;ALDEV;"Euronext Growth Paris";EUR;11,00;11,00;11,00;11,00;"21/01/2026 16:30";CET;1;11,00;11,00;11/02/2026
"DEVON ENERGY";US25179M1036;4DY6;EuroTLX;EUR;33,335;33,50;33,335;33,50;"05/01/2026 11:40";CET;500;16713,70;37,775;11/02/2026
"DEVON ENERGY";US25179M1036;2DY6;"Trading After Hours";EUR;37,605;37,605;37,605;37,605;"11/02/2026 19:54";CET;100;3760,50;37,605;11/02/2026
"DEVON ENERGY";US25179M1036;1DY6;"Euronext Global Equity Market";EUR;36,365;37,57;36,365;37,235;"11/02/2026 16:23";CET;133;4924,35;37,775;11/02/2026
"Dexcom Inc";US2521311074;1DXCM;"Euronext Global Equity Market";EUR;58,46;58,46;58,34;58,34;"09/02/2026 16:34";CET;158;9231,64;57,40;11/02/2026
DEXELANCE;IT0005543480;DEX;"Euronext Milan";EUR;3,20;3,24;3,14;3,14;"11/02/2026 17:36";CET;33377;106188,50;3,14;11/02/2026
"DEXIA HOLDING";BE0974290224;DEXB;"Euronext Expert Market";EUR;0,30;0,30;0,30;0,30;"02/12/2025 11:30";CET;20;6,00;0,30;11/02/2026
DHH;IT0005203622;DHH;"Euronext Growth Milan";EUR;24,00;24,00;23,40;24,00;"10/02/2026 17:11";CET;192;4573,80;24,00;11/02/2026
"DIADEMA CAPITAL";IT0005605636;DIAD;"Euronext Growth Milan";EUR;1,76;1,76;1,76;1,76;"05/02/2026 16:26";CET;1800;3168,00;1,76;11/02/2026
"DIAGNOSTIC MEDICAL";FR0012202497;ALDMS;"Euronext Growth Paris";EUR;1,35;1,355;1,345;1,35;"11/02/2026 16:43";CET;9207;12430,11;1,35;11/02/2026
"Diamondback Energy";US25278X1090;1FANG;"Euronext Global Equity Market";EUR;139,20;139,20;139,20;139,20;"09/02/2026 15:36";CET;31;4315,20;142,30;11/02/2026
DIASORIN;IT0003492391;2DIA;"Trading After Hours";EUR;74,40;74,40;73,70;74,00;"11/02/2026 20:27";CET;115;8521,20;74,10;11/02/2026
DIASORIN;IT0003492391;DIA;"Euronext Milan";EUR;74,50;74,54;73,52;74,04;"11/02/2026 17:35";CET;222959;16515427,58;74,04;11/02/2026
"DICK'S SPORTING G";US2533931026;1DKS;"Euronext Global Equity Market";EUR;169,82;171,00;169,82;171,00;"11/02/2026 09:00";CET;162;27584,00;173,88;11/02/2026
"DIEGEM KENNEDYCERT";BE0003698124;DIEG;"Euronext Brussels";EUR;104,00;104,00;104,00;104,00;"11/02/2026 11:30";CET;1;104,00;104,00;11/02/2026
"DIERK. ANTWERP.";BE0036367895;-;"Euronext Expert Market";EUR;103,00;103,00;103,00;103,00;"03/06/2025 11:30";CET;1;103,00;103,00;11/02/2026
"DIERKUNDE ANTW";BE0026342551;-;"Euronext Expert Market";EUR;270,00;270,00;270,00;270,00;"14/02/2023 11:30";CET;31;8370,00;270,00;11/02/2026
"DIGITAL BROS";IT0001469995;DIB;"Euronext Milan";EUR;12,84;12,90;12,46;12,58;"11/02/2026 17:35";CET;14789;187137,86;12,58;11/02/2026
"DIGITAL TURBINE IN";US25400W1027;1APPS;"Euronext Global Equity Market";EUR;4,958;5,086;4,30;4,30;"04/02/2026 16:46";CET;3119;14870,63;3,622;11/02/2026
"DIGITAL VALUE";IT0005347429;DGV;"Euronext Milan";EUR;28,50;28,55;28,50;28,50;"11/02/2026 17:35";CET;43443;1238498,10;28,50;11/02/2026
DIGITOUCH;IT0005089476;DGT;"Euronext Growth Milan";EUR;1,985;1,99;1,925;1,94;"11/02/2026 17:12";CET;24000;47125,00;1,94;11/02/2026
"DIRECTA SIM";IT0001463063;D;"Euronext Growth Milan";EUR;5,58;5,64;5,58;5,64;"11/02/2026 09:24";CET;1500;8400,00;5,64;11/02/2026
"DIS ELET ADRIATICA";IT0005600249;DEA;"Euronext Growth Milan";EUR;8,65;9,45;8,65;9,45;"11/02/2026 17:02";CET;7000;64120,00;9,45;11/02/2026
"DISTRI-LAND CERT";BE0003605160;DISL;"Euronext Brussels";EUR;206,00;206,00;206,00;206,00;"05/02/2026 11:30";CET;5;1030,00;206,00;11/02/2026
"DNB BANK";NO0010161896;DNB;"Oslo Børs";NOK;293,30;294,70;291,20;292,50;"11/02/2026 16:29";CET;1516400;443909178,40;292,50;11/02/2026
DNO;NO0003921009;DNO;"Oslo Børs";NOK;15,50;15,89;15,40;15,76;"11/02/2026 16:25";CET;2417525;38014115,75;15,76;11/02/2026
DNXCORP;FR0010436584;ALDNX;"Euronext Growth Paris";EUR;14,05;14,15;14,05;14,05;"11/02/2026 12:18";CET;210;2951,30;14,05;11/02/2026
"DO & CO AG";AT0000818802;1DOC;"Euronext Global Equity Market";EUR;198,00;198,00;198,00;198,00;"02/12/2025 09:07";CET;4;792,00;183,20;11/02/2026
"DOCK.PETR.AMBES AM";FR0000065260;DPAM;"Euronext Paris";EUR;930,00;930,00;930,00;930,00;"11/02/2026 11:30";CET;13;12090,00;930,00;11/02/2026
"DOF GROUP";NO0012851874;DOFG;"Oslo Børs";NOK;114,30;115,70;113,70;115,20;"11/02/2026 16:25";CET;330418;37945094,35;115,20;11/02/2026
DOLFINES;FR001400SP13;ALDOL;"Euronext Growth Paris";EUR;1,065;1,17;1,065;1,17;"11/02/2026 14:06";CET;2262;2553,62;1,17;11/02/2026
"DOLLAR GENERAL";US2566771059;2DGX;"Trading After Hours";EUR;122,70;122,70;122,70;122,70;"22/01/2026 18:15";CET;1;122,70;123,96;11/02/2026
"DOLLAR GENERAL";US2566771059;4DGX;EuroTLX;EUR;119,84;120,00;116,10;120,00;"12/01/2026 10:58";CET;120;14327,10;123,98;11/02/2026
"DOLLAR GENERAL";US2566771059;1DGX;"Euronext Global Equity Market";EUR;124,18;124,18;124,18;124,18;"06/02/2026 15:42";CET;60;7450,80;123,96;11/02/2026
"Dollar Tree Inc";US2567461080;1DLTR;"Euronext Global Equity Market";EUR;111,00;111,00;111,00;111,00;"21/01/2026 15:33";CET;13;1443,00;107,58;11/02/2026
"DOLPHIN DRILLING";NO0013711739;DDRIL;"Euronext Growth Oslo";NOK;2,4495;2,4495;2,35;2,438;"11/02/2026 16:17";CET;27654;66039,81;2,438;11/02/2026
"DOMINION ENERGY";US25746U1097;2D;"Trading After Hours";EUR;52,75;52,75;52,75;52,75;"07/10/2025 19:56";CET;6;316,50;54,16;11/02/2026
"DOMINION ENERGY";US25746U1097;4D;EuroTLX;EUR;50,94;50,94;50,94;50,94;"15/01/2026 09:46";CET;15;764,10;54,16;11/02/2026
"DOMINION ENERGY";US25746U1097;1D;"Euronext Global Equity Market";EUR;53,40;53,40;53,40;53,40;"06/02/2026 16:06";CET;5;267,00;54,16;11/02/2026
"Domino's Pizza";US25754A2015;1DPZ;"Euronext Global Equity Market";EUR;326,60;326,60;326,60;326,60;"11/02/2026 15:28";CET;1;326,60;318,50;11/02/2026
"DONEGAL INVESTMENT";IE000Y2HN3O9;DQ7A;"Euronext Growth Dublin";EUR;16,002;16,002;15,60;15,60;"11/02/2026 20:57";IST;130;2074,03;15,60;11/02/2026
DONTNOD;FR0013331212;ALDNE;"Euronext Growth Paris";EUR;0,62;0,62;0,60;0,60;"11/02/2026 17:01";CET;12570;7619,86;0,60;11/02/2026
DOORDASH;US25809K1051;1DASH;"Euronext Global Equity Market";EUR;149,48;149,48;149,48;149,48;"11/02/2026 16:53";CET;22;3288,56;148,62;11/02/2026
DOORDASH;US25809K1051;4DASH;EuroTLX;EUR;223,10;223,10;223,10;223,10;"24/10/2025 13:19";CET;1;223,10;148,94;11/02/2026
DOORDASH;US25809K1051;2DASH;"Trading After Hours";EUR;175,76;175,76;175,76;175,76;"20/01/2026 20:28";CET;6;1054,56;148,62;11/02/2026
DOTSTAY;IT0005523839;DOT;"Euronext Growth Milan";EUR;2,46;2,46;2,46;2,46;"16/01/2026 17:35";CET;1500;3690,00;2,46;11/02/2026
DOVALUE;IT0005610958;DOV;"Euronext Milan";EUR;2,408;2,412;2,192;2,192;"11/02/2026 17:35";CET;3218159;7270886,80;2,192;11/02/2026
"Dover Corp";US2600031080;1DOV;"Euronext Global Equity Market";EUR;168,55;168,55;168,55;168,55;"29/01/2026 15:37";CET;71;11967,05;190,00;11/02/2026
DOW;US2605571031;1DOW;"Euronext Global Equity Market";EUR;28,10;28,60;28,10;28,60;"11/02/2026 16:32";CET;417;11832,70;28,90;11/02/2026
DOW;US2605571031;2DOW;"Trading After Hours";EUR;27,20;27,20;27,20;27,20;"04/02/2026 18:50";CET;200;5440,00;28,90;11/02/2026
DOW;US2605571031;4DOW;EuroTLX;EUR;18,95;18,95;18,95;18,95;"22/10/2025 17:00";CET;2;37,90;28,90;11/02/2026
DOXEE;IT0005394413;DOX;"Euronext Growth Milan";EUR;4,40;4,41;4,05;4,22;"11/02/2026 17:28";CET;25250;106612,50;4,22;11/02/2026
"DR Horton Inc";US23331A1097;1DHI;"Euronext Global Equity Market";EUR;127,40;127,40;127,40;127,40;"02/02/2026 12:14";CET;16;2038,40;135,22;11/02/2026
"DRAFTKINGS INC A";US26142V1052;1DKNG;"Euronext Global Equity Market";EUR;25,665;25,665;25,665;25,665;"27/01/2026 16:37";CET;491;12601,52;21,92;11/02/2026
"DRONE VOLT";FR001400SVN0;ALDRV;"Euronext Growth Paris";EUR;0,608;0,613;0,582;0,60;"11/02/2026 17:35";CET;642321;383232,17;0,60;11/02/2026
"DRONE VOLT BS28";FR0014007951;BNBS;"Euronext Growth Paris";EUR;0,0095;0,0095;0,0085;0,0095;"10/02/2026 16:14";CET;250000;2225,00;0,0095;11/02/2026
"DRONE VOLT BSA";FR001400YNA2;DRVBS;"Euronext Growth Paris";EUR;-;-;-;-;-;CET;-;-;-;-
"DRONE VOLT BSA";FR0014011219;DRNBS;"Euronext Growth Paris";EUR;-;-;-;-;-;CET;-;-;-;-
"DROPBOX INC-CLASS";US26210C1045;1DBX;"Euronext Global Equity Market";EUR;21,05;21,05;21,05;21,05;"03/02/2026 16:35";CET;20;421,00;20,62;11/02/2026
"DSM FIRMENICH AG";CH1216478797;DSFIR;"Euronext Amsterdam";EUR;70,28;70,38;68,80;69,08;"11/02/2026 17:35";CET;906011;62841549,20;69,08;11/02/2026
"Duke Energy Corp";US26441C2044;1DUK;"Euronext Global Equity Market";EUR;103,88;103,88;103,88;103,88;"11/02/2026 15:20";CET;10;1038,80;107,26;11/02/2026
"DUPONT DE NEMOURS";US26614N1028;2DD;"Trading After Hours";EUR;36,535;36,535;36,535;36,535;"07/01/2026 20:13";CET;8;292,28;43,19;11/02/2026
"DUPONT DE NEMOURS";US26614N1028;1DD;"Euronext Global Equity Market";EUR;40,105;42,52;40,105;42,52;"11/02/2026 15:43";CET;14;578,38;43,19;11/02/2026
"DUPONT DE NEMOURS";US26614N1028;4DD;EuroTLX;EUR;36,88;36,88;36,88;36,88;"08/01/2026 15:37";CET;30;1106,40;43,195;11/02/2026
DURR;DE0005565204;2DUE;"Trading After Hours";EUR;19,92;19,92;19,92;19,92;"07/10/2025 18:15";CET;50;996,00;23,50;11/02/2026
DURR;DE0005565204;4DUE;EuroTLX;EUR;19,16;19,16;19,16;19,16;"08/04/2025 09:01";CET;10;191,60;23,50;11/02/2026
DURR;DE0005565204;1DUE;"Euronext Global Equity Market";EUR;24,20;24,40;23,90;23,90;"10/02/2026 09:19";CET;927;22391,30;23,50;11/02/2026
DYNAFOND;FR0000052920;MLDYN;"Euronext Access Paris";EUR;0,70;0,70;0,70;0,70;"01/10/2025 11:30";CET;1269;888,30;0,70;11/02/2026
DYNATRACE;US2681501092;1DYT;"Euronext Global Equity Market";EUR;32,40;32,40;30,20;30,20;"09/02/2026 16:43";CET;27;837,40;30,40;11/02/2026
"E PANGO";FR0014004339;ALAGO;"Euronext Growth Paris";EUR;0,133;0,149;0,1232;0,13;"11/02/2026 17:35";CET;3824191;521941,13;0,13;11/02/2026
E-GLOBE;IT0005557514;EGB;"Euronext Growth Milan";EUR;0,525;0,525;0,525;0,525;"10/02/2026 15:58";CET;4000;2100,00;0,525;11/02/2026
E-NOVIA;IT0005391229;E9IA;"Euronext Growth Milan";EUR;2,00;2,00;2,00;2,00;"27/08/2025 17:35";CET;1400;2800,00;2,00;11/02/2026
E.ON;DE000ENAG999;1EOAN;"Euronext Global Equity Market";EUR;17,965;18,09;17,965;18,09;"11/02/2026 16:52";CET;600;10829,00;18,165;11/02/2026
E.ON;DE000ENAG999;2EOAN;"Trading After Hours";EUR;17,85;17,85;17,85;17,85;"16/01/2026 19:22";CET;60;1071,00;18,165;11/02/2026
E.ON;DE000ENAG999;4EOAN;EuroTLX;EUR;17,86;17,86;17,86;17,86;"10/02/2026 11:29";CET;765;13662,90;18,16;11/02/2026
E.P.H.;IT0005623845;EPH;"Euronext Milan";EUR;0,101;0,102;0,098;0,10;"11/02/2026 17:24";CET;367094;36610,06;0,098;11/02/2026
E.T.S.;IT0005669558;ETS;"Euronext Growth Milan";EUR;5,10;5,10;5,10;5,10;"06/02/2026 14:16";CET;300;1530,00;5,10;11/02/2026
EAGLEFOOTBALLGROUP;FR0010428771;EFG;"Euronext Paris";EUR;1,87;1,87;1,85;1,87;"11/02/2026 16:51";CET;2753;5140,65;1,87;11/02/2026
"EAM SOLAR";NO0013601245;EAM;"Euronext Growth Oslo";NOK;2,47;2,49;2,351;2,391;"11/02/2026 16:25";CET;655586;1590045,10;2,391;11/02/2026
"EASE2PAY NV";NL0000345627;EAS2P;"Euronext Amsterdam";EUR;0,419;0,419;0,39;0,39;"11/02/2026 17:35";CET;38275;15433,55;0,39;11/02/2026
"EASSON HOLDINGS";HK0000038783;MLEAS;"Euronext Access Paris";EUR;1,26;1,26;1,26;1,26;"06/01/2025 11:30";CET;50;63,00;1,26;11/02/2026
"Eastman Chemical";US2774321002;1EMN;"Euronext Global Equity Market";EUR;69,04;69,28;69,04;69,28;"11/02/2026 17:24";CET;2;138,32;67,46;11/02/2026
"Eaton Corp PLC";IE00B8KQN827;1ETN;"Euronext Global Equity Market";EUR;319,15;332,20;319,15;332,20;"11/02/2026 15:31";CET;6;1958,30;333,70;11/02/2026
"EAUX DE ROYAN";FR0007200100;MLEDR;"Euronext Access Paris";EUR;40,40;42,20;40,40;42,20;"11/02/2026 16:30";CET;2;82,60;42,20;11/02/2026
EAVS;FR0010536185;MLEAV;"Euronext Access Paris";EUR;13,00;13,00;13,00;13,00;"28/09/2022 11:30";CET;2;26,00;13,00;11/02/2026
EBAY;US2786421030;2EBAY;"Trading After Hours";EUR;77,51;77,71;77,51;77,71;"20/01/2026 20:09";CET;58;4497,18;70,15;11/02/2026
EBAY;US2786421030;1EBAY;"Euronext Global Equity Market";EUR;73,25;73,25;73,25;73,25;"11/02/2026 09:10";CET;34;2490,50;70,15;11/02/2026
EBAY;US2786421030;4EBAY;EuroTLX;EUR;81,13;81,13;81,13;81,13;"22/10/2025 16:19";CET;1;81,13;70,33;11/02/2026
"EBUSCO HOLDING";NL0015002AG2;EBUS;"Euronext Amsterdam";EUR;0,3922;0,4076;0,3898;0,39;"11/02/2026 17:35";CET;479310;190523,27;0,39;11/02/2026
ECFC;BE0003783975;-;"Euronext Expert Market";EUR;4120,00;4120,00;4120,00;4120,00;"26/05/2020 11:30";CET;1;4120,00;4120,00;11/02/2026
"ECHOSTAR CORP-A";US2787681061;1SATS;"Euronext Global Equity Market";EUR;92,50;92,50;92,50;92,50;"05/02/2026 15:07";CET;2;185,00;91,50;11/02/2026
"ECKERT & ZIEGLER";DE0005659700;1EUZ;"Euronext Global Equity Market";EUR;15,76;15,76;15,76;15,76;"21/01/2026 09:48";CET;1000;15760,00;14,79;11/02/2026
"ECKERT & ZIEGLER";DE0005659700;4EUZ;EuroTLX;EUR;15,71;15,71;15,71;15,71;"22/01/2026 14:41";CET;640;10054,40;14,78;11/02/2026
ECKERT&ZIEGLER;DE0005659700;2EUZ;"Trading After Hours";EUR;-;-;-;-;-;CET;-;-;-;-
ECOLAB;US2788651006;4ECL;EuroTLX;EUR;222,00;222,00;222,00;222,00;"04/04/2025 13:29";CET;6;1332,00;253,40;11/02/2026
ECOLAB;US2788651006;1ECL;"Euronext Global Equity Market";EUR;249,00;249,00;249,00;249,00;"11/02/2026 10:00";CET;2;498,00;253,00;11/02/2026
ECOLAB;US2788651006;2ECL;"Trading After Hours";EUR;-;-;-;-;-;CET;-;-;-;-
ECOMEMBRANE;IT0005543332;ECMB;"Euronext Growth Milan";EUR;4,80;4,92;4,70;4,80;"11/02/2026 17:29";CET;6200;29688,00;4,72;11/02/2026
ECOMIAM;FR0013534617;ALECO;"Euronext Growth Paris";EUR;2,10;2,15;2,01;2,05;"11/02/2026 13:43";CET;448;940,37;2,05;11/02/2026
"ECONOCOM GROUP";BE0974313455;ECONB;"Euronext Brussels";EUR;1,60;1,608;1,53;1,58;"11/02/2026 17:35";CET;191711;302639,39;1,58;11/02/2026
ECOSLOPS;FR0011490648;ALESA;"Euronext Growth Paris";EUR;0,82;0,83;0,81;0,812;"11/02/2026 15:14";CET;869;710,30;0,812;11/02/2026
ECOSUNTEK;IT0005654766;ECK;"Euronext Growth Milan";EUR;2,40;2,44;2,36;2,36;"11/02/2026 17:35";CET;25200;60494,00;2,36;11/02/2026
EDENRED;FR0010908533;2EDEN;"Trading After Hours";EUR;21,07;21,07;21,07;21,07;"13/10/2025 18:00";CET;6;126,42;17,685;11/02/2026
EDENRED;FR0010908533;EDEN;"Euronext Paris";EUR;17,75;18,205;17,50;17,685;"11/02/2026 17:36";CET;905090;16077987,50;17,685;11/02/2026
EDGELAB;IT0005627762;ELB;"Euronext Growth Milan";EUR;5,36;5,36;5,36;5,36;"11/02/2026 15:11";CET;500;2680,00;5,36;11/02/2026
"EDIL SAN FELICE";IT0005561441;ESF;"Euronext Growth Milan";EUR;4,49;4,59;4,49;4,59;"11/02/2026 16:13";CET;1916;8629,28;4,59;11/02/2026
EDILIZIACROBATICA;IT0005351504;ALEAC;"Euronext Growth Paris";EUR;4,90;4,90;4,90;4,90;"11/02/2026 09:00";CET;1;4,90;4,90;11/02/2026
EDILIZIACROBATICA;IT0005351504;EDAC;"Euronext Growth Milan";EUR;5,02;5,10;5,00;5,00;"11/02/2026 17:38";CET;11883;59915,98;5,00;11/02/2026
"Edison Intern";US2810201077;1EIX;"Euronext Global Equity Market";EUR;54,04;54,04;54,04;54,04;"06/02/2026 13:58";CET;100;5404,00;55,58;11/02/2026
"EDISON R";IT0003372205;EDNR;"Euronext Milan";EUR;2,38;2,40;2,355;2,355;"11/02/2026 17:37";CET;125295;297486,03;2,355;11/02/2026
"EDITIONS DU SIGNE";FR0000052755;MLEDS;"Euronext Access Paris";EUR;0,088;0,088;0,088;0,088;"23/01/2026 11:30";CET;1;0,09;0,088;11/02/2026
EDP;PTEDP0AM0009;2EDP;"Trading After Hours";EUR;-;-;-;-;-;CET;-;-;-;-
EDP;PTEDP0AM0009;EDP;"Euronext Lisbon";EUR;4,36;4,432;4,325;4,432;"11/02/2026 22:35";BST;21836079;96078304,45;4,432;11/02/2026
"EDP RENOVAVEIS";ES0127797019;2EDPR;"Trading After Hours";EUR;13,25;13,25;13,25;13,25;"27/10/2025 18:00";CET;250;3312,50;13,45;11/02/2026
"EDP RENOVAVEIS";ES0127797019;EDPR;"Euronext Lisbon";EUR;13,32;13,58;13,24;13,45;"11/02/2026 22:37";BST;1295525;17427457,41;13,45;11/02/2026
"EDP, SA";PTEDP0AM0009;4EDP;EuroTLX;EUR;4,265;4,265;4,265;4,265;"10/02/2026 09:01";CET;1000;4265,00;4,414;11/02/2026
"EDUFORM ACTION";FR0010882886;MLEFA;"Euronext Access Paris";EUR;0,35;0,35;0,35;0,35;"11/02/2026 11:30";CET;3565;1247,75;0,35;11/02/2026
"EDWARDS LIFESCIENC";US28176E1082;4EW;EuroTLX;EUR;60,66;60,66;60,66;60,66;"13/08/2024 15:59";CET;2;121,32;66,12;11/02/2026
"EDWARDS LIFESCIENC";US28176E1082;2EW;"Trading After Hours";EUR;69,85;69,85;69,85;69,85;"15/12/2025 18:11";CET;300;20955,00;66,14;11/02/2026
"EDWARDS LIFESCIENC";US28176E1082;1EW;"Euronext Global Equity Market";EUR;63,96;63,96;63,96;63,96;"11/02/2026 15:44";CET;100;6396,00;66,14;11/02/2026
EGIDE;FR0000072373;ALGID;"Euronext Growth Paris";EUR;0,92;0,944;0,88;0,892;"11/02/2026 17:35";CET;32853;30008,78;0,892;11/02/2026
"EGIDE BSA";FR001400TAW3;GIDBS;"Euronext Growth Paris";EUR;0,10;0,10;0,10;0,10;"05/02/2026 10:15";CET;999;99,90;0,10;11/02/2026
EGOMNIA;IT0005586497;EGN;"Euronext Growth Milan";EUR;-;-;-;-;-;CET;-;-;-;-
"EIDESVIK OFFSHORE";NO0010263023;EIOF;"Oslo Børs";NOK;13,35;13,40;13,15;13,30;"11/02/2026 16:08";CET;9434;126268,35;13,30;11/02/2026
EIFFAGE;FR0000130452;2FGR;"Trading After Hours";EUR;118,80;118,80;117,60;117,60;"03/06/2025 18:00";CET;65;7692,00;135,40;11/02/2026
EIFFAGE;FR0000130452;FGR;"Euronext Paris";EUR;134,25;136,25;133,75;135,40;"11/02/2026 17:35";CET;176142;23815551,40;135,40;11/02/2026
EKINOPS;FR0011466069;EKI;"Euronext Paris";EUR;2,41;2,41;2,30;2,335;"11/02/2026 17:35";CET;152369;357004,77;2,335;11/02/2026
EKOPAK;BE0974380124;EKOP;"Euronext Brussels";EUR;5,86;5,96;5,70;5,70;"11/02/2026 17:35";CET;7011;40992,12;5,70;11/02/2026
EL.EN.;IT0005453250;ELN;"Euronext Milan";EUR;14,37;14,37;13,91;13,95;"11/02/2026 17:35";CET;44987;630278,84;13,95;11/02/2026
ELEC.STRASBOURG;FR0000031023;ELEC;"Euronext Paris";EUR;220,00;221,00;218,00;221,00;"11/02/2026 17:35";CET;1198;262955,00;221,00;11/02/2026
"ELECT. MADAGASCAR";FR0000035719;EEM;"Euronext Paris";EUR;2,34;2,34;2,30;2,30;"11/02/2026 16:30";CET;268;622,60;2,30;11/02/2026
Electrolux;SE0016589188;1ELUX;"Euronext Global Equity Market";EUR;7,00;7,036;7,00;7,036;"02/02/2026 15:39";CET;1034;7242,32;8,212;11/02/2026
"ELECTROMAGNET GEO";NO0010358484;EMGS;"Oslo Børs";NOK;0,33;0,33;0,293;0,302;"11/02/2026 16:25";CET;462153;140026,08;0,302;11/02/2026
"ELECTRONIC ARTS";US2855121099;4EA;EuroTLX;EUR;167,38;167,38;167,38;167,38;"29/09/2025 13:51";CET;17;2845,46;169,84;11/02/2026
"ELECTRONIC ARTS";US2855121099;2EA;"Trading After Hours";EUR;173,52;173,52;173,52;173,52;"06/11/2025 18:03";CET;1;173,52;160,82;11/02/2026
"ELECTRONIC ARTS";US2855121099;1EA;"Euronext Global Equity Market";EUR;167,82;167,82;167,82;167,82;"11/02/2026 09:00";CET;1;167,82;160,82;11/02/2026
Elekta;SE0000163628;1EKTA;"Euronext Global Equity Market";EUR;5,28;5,28;5,28;5,28;"05/02/2026 17:06";CET;400;2112,00;5,21;11/02/2026
ELEKTROIMPORTØREN;NO0010911902;ELIMP;"Euronext Growth Oslo";NOK;16,50;16,75;16,20;16,20;"11/02/2026 16:15";CET;50892;836570,10;16,20;11/02/2026
ELES;IT0005373417;ELES;"Euronext Growth Milan";EUR;3,18;3,18;3,18;3,18;"11/02/2026 16:04";CET;9000;28620,00;3,18;11/02/2026
"ELEVANCE HEALTH";US0367521038;2ANTM;"Trading After Hours";EUR;273,80;273,80;273,80;273,80;"27/01/2026 18:19";CET;7;1916,60;275,50;11/02/2026
"ELEVANCE HEALTH";US0367521038;1ANTM;"Euronext Global Equity Market";EUR;291,30;291,30;291,30;291,30;"04/02/2026 17:16";CET;10;2913,00;275,50;11/02/2026
"ELEVANCE HEALTH";US0367521038;4ANTM;EuroTLX;EUR;300,00;300,00;300,00;300,00;"28/11/2025 10:39";CET;8;2400,00;275,60;11/02/2026
"ELF BEAUTY";US26856L1035;1ELF;"Euronext Global Equity Market";EUR;63,42;63,42;63,42;63,42;"10/02/2026 15:33";CET;181;11479,02;63,32;11/02/2026
"ELI LILLY & COMP";US5324571083;4LLY;EuroTLX;EUR;891,50;891,50;891,50;891,50;"03/02/2026 09:20";CET;15;13372,50;862,50;11/02/2026
"ELI LILLY & COMP";US5324571083;1LLY;"Euronext Global Equity Market";EUR;866,60;866,70;860,00;862,90;"11/02/2026 17:35";CET;304;262582,00;862,90;11/02/2026
"ELI LILLY&COMP";US5324571083;2LLY;"Trading After Hours";EUR;869,00;870,40;869,00;870,40;"10/02/2026 20:02";CET;2;1739,40;862,90;11/02/2026
"ELIA GROUP";BE0003822393;2ELI;"Trading After Hours";EUR;-;-;-;-;-;CET;-;-;-;-
"ELIA GROUP";BE0003822393;ELI;"Euronext Brussels";EUR;126,20;130,00;125,60;130,00;"11/02/2026 17:39";CET;167292;21671124,70;130,00;11/02/2026
ELICA;IT0003404214;ELC;"Euronext Milan";EUR;1,38;1,405;1,37;1,37;"11/02/2026 17:35";CET;53648;74380,39;1,37;11/02/2026
"ELIOR GROUP";FR0011950732;ELIOR;"Euronext Paris";EUR;2,802;2,81;2,724;2,726;"11/02/2026 17:38";CET;619758;1708390,44;2,726;11/02/2026
"ELIOR GROUP";FR0011950732;2ELIOR;"Trading After Hours";EUR;-;-;-;-;-;CET;-;-;-;-
ELIS;FR0012435121;ELIS;"Euronext Paris";EUR;26,70;26,92;26,50;26,84;"11/02/2026 17:35";CET;357645;9583851,20;26,84;11/02/2026
ELIS;FR0012435121;2ELIS;"Trading After Hours";EUR;-;-;-;-;-;CET;-;-;-;-
"Elisa Oyj";FI0009007884;1ELIS;"Euronext Global Equity Market";EUR;40,28;40,28;40,28;40,28;"04/02/2026 15:37";CET;599;24127,72;39,06;11/02/2026
ELIX;ES0105726006;MLERH;"Euronext Access Paris";EUR;2,00;2,00;2,00;2,00;"23/01/2025 12:13";CET;1;2,00;2,00;11/02/2026
ELKEM;NO0010816093;ELK;"Oslo Børs";NOK;28,40;29,36;28,40;29,00;"11/02/2026 16:25";CET;556362;16170522,48;29,00;11/02/2026
"ELLIPTIC LABORATOR";NO0010722283;ELABS;"Oslo Børs";NOK;4,715;4,715;4,585;4,585;"11/02/2026 16:25";CET;345053;1622818,83;4,585;11/02/2026
"ELMERA GROUP";NO0010815673;ELMRA;"Oslo Børs";NOK;41,25;42,55;40,10;41,00;"11/02/2026 16:25";CET;218765;9080014,20;41,00;11/02/2026
ELOPAK;NO0011002586;ELO;"Oslo Børs";NOK;52,40;53,90;52,00;53,20;"11/02/2026 16:30";CET;277838;14805941,70;53,20;11/02/2026
"ELSA SOLUTIONS";IT0005561466;ELSA;"Euronext Growth Milan";EUR;2,26;2,26;2,12;2,16;"11/02/2026 15:27";CET;7000;15210,00;2,16;11/02/2026
EMAK;IT0001237053;EM;"Euronext Milan";EUR;0,95;0,963;0,93;0,939;"11/02/2026 17:35";CET;57923;54518,21;0,939;11/02/2026
EMBENTION;ES0105639001;MLUAV;"Euronext Access Paris";EUR;50,00;50,00;50,00;50,00;"11/02/2026 11:30";CET;115;5750,00;50,00;11/02/2026
"EMCOR GROUP";US29084Q1004;1EME;"Euronext Global Equity Market";EUR;574,40;574,40;574,40;574,40;"15/01/2026 13:50";CET;22;12636,80;674,20;11/02/2026
"EMD MUSIC";BE0003849669;EMD;"Euronext Expert Market";EUR;1,30;1,30;1,30;1,30;"24/07/2018 11:30";CET;600;780,00;1,30;11/02/2026
EMEIS;FR001400NLM4;EMEIS;"Euronext Paris";EUR;14,72;14,96;14,36;14,89;"11/02/2026 17:35";CET;168621;2484679,66;14,89;11/02/2026
EMEIS;FR001400NLM4;2EMEIS;"Trading After Hours";EUR;-;-;-;-;-;CET;-;-;-;-
"EMERSON ELECTRIC";US2910111044;1EMR;"Euronext Global Equity Market";EUR;134,78;134,78;134,78;134,78;"09/02/2026 16:54";CET;38;5121,64;137,92;11/02/2026
"EMERSON ELECTRIC";US2910111044;2EMR;"Trading After Hours";EUR;115,52;115,52;115,52;115,52;"12/09/2025 19:59";CET;103;11898,56;137,92;11/02/2026
"EMERSON ELECTRIC";US2910111044;4EMR;EuroTLX;EUR;129,58;129,58;129,58;129,58;"30/07/2025 12:09";CET;2;259,16;137,68;11/02/2026
"EMMA VILLAS";IT0005562183;EAV;"Euronext Growth Milan";EUR;1,45;1,45;1,45;1,45;"11/02/2026 16:55";CET;500;725,00;1,45;11/02/2026
"EMOVA GROUP";FR0013356755;ALEMV;"Euronext Growth Paris";EUR;0,68;0,68;0,63;0,63;"11/02/2026 17:22";CET;3158;2044,39;0,63;11/02/2026
EMS-CHEMIE;CH0016440353;1EMSN;"Euronext Global Equity Market";EUR;650,00;650,00;650,00;650,00;"02/02/2026 11:04";CET;3;1950,00;695,00;11/02/2026
ENA;IT0005468290;ENA;"Euronext Growth Milan";EUR;0,86;0,90;0,845;0,855;"11/02/2026 14:41";CET;21000;18300,00;0,855;11/02/2026
ENAGAS;ES0130960018;4ENG;EuroTLX;EUR;14,405;14,525;14,405;14,525;"06/02/2026 11:36";CET;115;1664,86;14,79;11/02/2026
ENAGAS;ES0130960018;2ENG;"Trading After Hours";EUR;13,82;13,82;13,82;13,82;"16/05/2025 19:11";CET;4;55,28;14,795;11/02/2026
ENAGAS;ES0130960018;1ENG;"Euronext Global Equity Market";EUR;14,50;14,50;14,50;14,50;"11/02/2026 09:14";CET;250;3625,00;14,795;11/02/2026
ENAV;IT0005176406;ENAV;"Euronext Milan";EUR;5,02;5,04;4,956;5,015;"11/02/2026 17:35";CET;374845;1876721,31;5,015;11/02/2026
"ENCRES DUBUIT";FR0004030708;ALDUB;"Euronext Growth Paris";EUR;2,44;2,54;2,38;2,48;"11/02/2026 17:35";CET;1741;4249,80;2,48;11/02/2026
ENDESA;ES0130670112;1ELE;"Euronext Global Equity Market";EUR;31,78;31,78;31,78;31,78;"10/02/2026 15:37";CET;2;63,56;32,61;11/02/2026
ENDESA;ES0130670112;2ELE;"Trading After Hours";EUR;29,37;30,10;29,00;30,10;"23/01/2026 18:04";CET;1315;38765,27;32,61;11/02/2026
ENDESA;ES0130670112;4ELE;EuroTLX;EUR;30,94;30,94;30,94;30,94;"23/12/2025 11:19";CET;20;618,80;32,60;11/02/2026
ENDÚR;NO0012555459;ENDUR;"Oslo Børs";NOK;105,40;106,00;102,60;104,00;"11/02/2026 16:25";CET;197962;20618389,80;104,00;11/02/2026
ENEL;IT0003128367;2ENEL;"Trading After Hours";EUR;9,88;9,88;9,725;9,729;"11/02/2026 20:26";CET;44623;434502,45;9,737;11/02/2026
ENEL;IT0003128367;ENEL;"Euronext Milan";EUR;9,60;9,76;9,562;9,751;"11/02/2026 17:39";CET;24976201;242286723,68;9,751;11/02/2026
ENENSYS;FR0013330792;ALNN6;"Euronext Growth Paris";EUR;0,956;0,956;0,938;0,954;"11/02/2026 13:12";CET;471;447,84;0,954;11/02/2026
ENERGEIA;NO0013698431;ENERG;"Euronext Growth Oslo";NOK;7,60;7,75;7,368;7,75;"11/02/2026 16:25";CET;2968;22679,42;7,75;11/02/2026
ENERGISME;FR0013399359;ALNRG;"Euronext Growth Paris";EUR;0,006;0,0062;0,006;0,0061;"11/02/2026 17:35";CET;3881408;23421,85;0,0061;11/02/2026
ENERGY;IT0005500712;ENY;"Euronext Growth Milan";EUR;0,736;0,748;0,724;0,724;"11/02/2026 17:16";CET;14000;10307,00;0,724;11/02/2026
"ENERGY SOLAR";ES0105687000;ALETC;"Euronext Growth Paris";EUR;2,48;2,48;2,48;2,48;"11/02/2026 09:00";CET;1;2,48;2,48;11/02/2026
"ENERGY TIME";IT0005660219;ET;"Euronext Growth Milan";EUR;3,75;3,80;3,75;3,79;"10/02/2026 14:24";CET;8500;32220,00;3,79;11/02/2026
ENERGYVISION;BE0974499312;ENRGY;"Euronext Brussels";EUR;9,883;9,998;8,89;9,229;"11/02/2026 17:35";CET;115468;1093641,57;9,229;11/02/2026
"ENERTRONICA SANT";IT0004887409;ENT;"Euronext Growth Milan";EUR;0,836;0,864;0,834;0,838;"15/06/2022 00:00";CET;10800;9195,00;0,84;11/02/2026
ENERVIT;IT0004356751;ENV;"Euronext Milan";EUR;4,08;4,10;4,02;4,10;"11/02/2026 17:35";CET;9822;40098,44;4,10;11/02/2026
ENGIE;FR0010208488;2ENGI;"Trading After Hours";EUR;25,74;27,81;25,74;27,81;"09/02/2026 19:53";CET;548;14895,32;26,74;11/02/2026
ENGIE;FR0010208488;4ENGI;EuroTLX;EUR;25,05;25,06;25,05;25,06;"30/01/2026 14:32";CET;245;6139,20;26,75;11/02/2026
ENGIE;FR0010208488;1ENGI;"Euronext Global Equity Market";EUR;28,70;28,70;26,18;26,61;"11/02/2026 16:25";CET;2273;60272,11;26,74;11/02/2026
ENGIE;FR0010208488;ENGI;"Euronext Paris, Brussels";EUR;26,19;26,78;26,12;26,69;"11/02/2026 17:35";CET;3672272;97713631,97;26,69;11/02/2026
ENI;IT0003132476;ENI;"Euronext Milan";EUR;18,016;18,28;17,962;18,266;"11/02/2026 17:38";CET;12294610;223255163,99;18,266;11/02/2026
ENI;IT0003132476;2ENI;"Trading After Hours";EUR;18,18;18,338;18,17;18,332;"11/02/2026 20:29";CET;99742;1824720,50;18,294;11/02/2026
ENOGIA;FR0014004974;ALENO;"Euronext Growth Paris";EUR;5,88;6,10;5,72;5,82;"11/02/2026 17:35";CET;18719;111372,62;5,82;11/02/2026
"ENOVIX CORP";US2935941078;1ENVX;"Euronext Global Equity Market";EUR;5,381;5,381;5,381;5,381;"11/02/2026 15:24";CET;950;5111,95;5,162;11/02/2026
"Enphase Energy";US29355A1079;1ENPH;"Euronext Global Equity Market";EUR;42,525;43,265;40,705;40,955;"11/02/2026 17:35";CET;713;29770,23;40,955;11/02/2026
"ENSIGN GROUP INC";US29358P1012;1ENSG;"Euronext Global Equity Market";EUR;148,00;148,00;148,00;148,00;"28/08/2025 16:08";CET;1;148,00;179,00;11/02/2026
"ENSURGE MICROPOWER";NO0013186460;ENSU;"Oslo Børs";NOK;0,77;0,78;0,77;0,772;"11/02/2026 16:25";CET;296421;229190,57;0,772;11/02/2026
ENTECH;FR0014004362;ALESE;"Euronext Growth Paris";EUR;9,40;9,87;9,39;9,75;"11/02/2026 17:35";CET;46311;439870,34;9,75;11/02/2026
"ENTEGRIS INC";US29362U1043;1ENTG;"Euronext Global Equity Market";EUR;116,28;116,40;114,94;114,94;"11/02/2026 16:45";CET;258;29796,52;114,60;11/02/2026
"Entergy Corp";US29364G1031;1ETR;"Euronext Global Equity Market";EUR;83,00;83,00;80,00;80,00;"23/01/2026 15:30";CET;80;6520,00;85,50;11/02/2026
ENTRA;NO0010716418;ENTRA;"Oslo Børs";NOK;115,00;118,80;115,00;116,00;"11/02/2026 16:26";CET;159892;18617805,00;116,00;11/02/2026
ENVIPCO;NL0015000GX8;ENVI;"Euronext Amsterdam";EUR;4,44;4,50;4,38;4,38;"11/02/2026 17:35";CET;24833;110592,07;4,38;11/02/2026
"ENVIPCO HOLDING";NL0015000GX8;ENVIP;"Oslo Børs";NOK;50,00;50,60;49,20;49,60;"11/02/2026 16:25";CET;363120;18216884,70;49,60;11/02/2026
EO2;FR0010465534;ALEO2;"Euronext Growth Paris";EUR;2,54;2,54;2,42;2,42;"11/02/2026 16:25";CET;162;410,28;2,42;11/02/2026
"EOG Resources Inc";US26875P1012;1EOG;"Euronext Global Equity Market";EUR;96,96;96,96;96,96;96,96;"11/02/2026 15:45";CET;6;581,76;97,86;11/02/2026
"EPAM Systems Inc";US29414B1044;1EPAM;"Euronext Global Equity Market";EUR;159,30;162,25;159,30;162,25;"10/02/2026 17:24";CET;60;9676,00;153,60;11/02/2026
Epiroc;SE0015658109;1EPIA;"Euronext Global Equity Market";EUR;24,58;24,58;24,58;24,58;"03/02/2026 09:28";CET;1;24,58;22,98;11/02/2026
EPRCOMUNICAZIONE;IT0005519837;EPRB;"Euronext Growth Milan";EUR;1,33;1,33;1,33;1,33;"11/02/2026 16:01";CET;700;931,00;1,33;11/02/2026
"EQT AB";SE0012853455;1EQT;"Euronext Global Equity Market";EUR;27,11;27,11;27,11;27,11;"10/02/2026 11:34";CET;235;6370,85;27,04;11/02/2026
"EQT Corp";US26884L1098;1EQTC;"Euronext Global Equity Market";EUR;47,675;47,675;47,675;47,675;"10/02/2026 11:02";CET;6;286,05;47,745;11/02/2026
EQUASENS;FR0012882389;EQS;"Euronext Paris";EUR;38,70;38,70;37,00;37,00;"11/02/2026 17:35";CET;11008;414826,00;37,00;11/02/2026
"Equifax Inc";US2944291051;1EFX;"Euronext Global Equity Market";EUR;166,00;166,00;166,00;166,00;"06/02/2026 17:21";CET;7;1162,00;168,00;11/02/2026
EQUINOR;NO0010096985;EQNR;"Oslo Børs";NOK;266,00;270,30;265,60;270,30;"11/02/2026 16:29";CET;3677012;990957023,75;270,30;11/02/2026
"EQUITA GROUP";IT0005312027;EQUI;"Euronext Milan";EUR;6,08;6,08;5,90;5,90;"11/02/2026 17:35";CET;67900;405185,37;5,90;11/02/2026
EQVA;NO0010708605;EQVA;"Oslo Børs";NOK;2,85;2,99;2,85;2,87;"11/02/2026 16:26";CET;360290;1045528,28;2,87;11/02/2026
"ER Capital";NL0010389508;ERC;"Euronext Amsterdam";EUR;0,94;0,955;0,895;0,91;"11/02/2026 16:18";CET;3264;3025,29;0,91;11/02/2026
ERAMET;FR0000131757;2ERA;"Trading After Hours";EUR;-;-;-;-;-;CET;-;-;-;-
ERAMET;FR0000131757;ERA;"Euronext Paris";EUR;63,00;63,55;59,65;60,25;"11/02/2026 17:35";CET;146779;8931612,21;60,25;11/02/2026
ERG;IT0001157020;2ERG;"Trading After Hours";EUR;23,00;23,00;23,00;23,00;"11/02/2026 18:36";CET;21;483,00;23,00;11/02/2026
ERG;IT0001157020;ERG;"Euronext Milan";EUR;23,00;23,38;22,92;22,92;"11/02/2026 17:35";CET;463287;10682611,39;22,92;11/02/2026
"ERICSSON - CLASS B";SE0000108656;2ERICB;"Trading After Hours";EUR;8,914;8,914;8,86;8,86;"28/01/2026 19:31";CET;280;2485,12;9,358;11/02/2026
"ERICSSON - CLASS B";SE0000108656;1ERICB;"Euronext Global Equity Market";EUR;9,47;9,568;9,47;9,568;"10/02/2026 16:07";CET;1500;14303,00;9,358;11/02/2026
"ERICSSON - CLASS B";SE0000108656;4ERICB;EuroTLX;EUR;7,168;7,168;7,168;7,168;"09/07/2025 16:41";CET;34;243,71;9,396;11/02/2026
ERREDUE;IT0005521247;RDUE;"Euronext Growth Milan";EUR;7,75;7,75;7,50;7,65;"11/02/2026 17:35";CET;7200;54685,00;7,65;11/02/2026
"Erste Group Bank";AT0000652011;4EBS;EuroTLX;EUR;109,70;109,70;109,70;109,70;"23/01/2026 16:00";CET;50;5485,00;107,30;11/02/2026
"Erste Group Bank";AT0000652011;1EBS;"Euronext Global Equity Market";EUR;110,70;110,70;110,70;110,70;"06/02/2026 17:21";CET;50;5535,00;107,80;11/02/2026
"ES VEDRA";ES0105964003;MLESV;"Euronext Access Paris";EUR;-;-;-;1,11;"18/12/2025 00:00";CET;-;-;1,11;11/02/2026
ESAUTOMOTION;IT0005337107;ESAU;"Euronext Growth Milan";EUR;3,16;3,16;3,10;3,10;"11/02/2026 16:13";CET;3500;10900,00;3,10;11/02/2026
ESI;IT0005421885;ESIGM;"Euronext Growth Milan";EUR;1,40;1,40;1,36;1,38;"10/02/2026 17:10";CET;18000;24781,50;1,38;11/02/2026
ESPE;IT0005573818;ESPE;"Euronext Growth Milan";EUR;3,00;3,00;2,94;2,94;"11/02/2026 14:48";CET;3000;8895,00;2,94;11/02/2026
ESPRINET;IT0003850929;PRT;"Euronext Milan";EUR;6,58;6,58;6,15;6,15;"11/02/2026 17:35";CET;260754;1650134,21;6,15;11/02/2026
ESSILORLUXOTTICA;FR0000121667;2EL;"Trading After Hours";EUR;265,60;273,00;263,00;273,00;"11/02/2026 20:08";CET;2295;615125,10;268,00;11/02/2026
ESSILORLUXOTTICA;FR0000121667;4EL;EuroTLX;EUR;251,00;251,80;250,00;250,00;"11/02/2026 15:36";CET;73;18293,40;249,40;11/02/2026
ESSILORLUXOTTICA;FR0000121667;EL;"Euronext Paris";EUR;250,50;253,70;248,10;250,80;"11/02/2026 17:37";CET;655047;164212978,65;250,80;11/02/2026
ESSILORLUXOTTICA;FR0000121667;1EL;"Euronext Global Equity Market";EUR;250,80;253,10;248,30;250,90;"11/02/2026 17:35";CET;5006;1254840,70;250,90;11/02/2026
Essity;SE0009922164;1ESSI;"Euronext Global Equity Market";EUR;22,92;22,92;22,10;22,10;"14/08/2025 12:25";CET;200;4502,00;24,15;11/02/2026
"ESTEE LAUDER COMP";US5184391044;2ELX;"Trading After Hours";EUR;103,50;103,50;103,50;103,50;"02/02/2026 18:00";CET;2;207,00;87,80;11/02/2026
"ESTEE LAUDER COMP";US5184391044;4ELX;EuroTLX;EUR;103,50;103,50;103,50;103,50;"05/02/2026 09:40";CET;15;1552,50;87,80;11/02/2026
"ESTEE LAUDER COMP";US5184391044;1ELX;"Euronext Global Equity Market";EUR;86,40;86,40;86,40;86,40;"11/02/2026 14:56";CET;15;1296,00;87,80;11/02/2026
"ESTORIL SOL N";PTESO0AM0000;ESON;"Euronext Lisbon";EUR;3,92;3,92;3,90;3,90;"04/02/2026 21:30";BST;335;1312,12;3,90;11/02/2026
ESTRIMA;IT0005468191;ESTM;"Euronext Growth Milan";EUR;0,111;0,1165;0,111;0,1165;"11/02/2026 17:27";CET;32800;3713,20;0,1165;11/02/2026
ETEX;BE0941244536;-;"Euronext Expert Market";EUR;12,70;12,70;12,70;12,70;"10/02/2026 11:30";CET;8533;108369,10;12,70;11/02/2026
ETHERO;FR0010424697;ALENT;"Euronext Growth Paris";EUR;1,25;1,29;1,205;1,205;"11/02/2026 17:35";CET;10619;13102,53;1,205;11/02/2026
ETSY;US29786A1060;2ETSY;"Trading After Hours";EUR;54,19;54,19;54,19;54,19;"26/09/2025 19:49";CET;42;2275,98;42,21;11/02/2026
ETSY;US29786A1060;4ETSY;EuroTLX;EUR;66,36;66,36;66,36;66,36;"29/10/2025 09:51";CET;1;66,36;42,065;11/02/2026
ETSY;US29786A1060;1ETSY;"Euronext Global Equity Market";EUR;45,335;45,34;42,68;42,68;"11/02/2026 17:00";CET;1640;72081,20;42,21;11/02/2026
EUKEDOS;IT0004818297;EUK;"Euronext Milan";EUR;0,68;0,695;0,665;0,695;"11/02/2026 11:10";CET;8763;5899,42;0,695;11/02/2026
"EURASIA FONC INV";FR0000061475;EFI;"Euronext Paris";EUR;0,186;0,186;0,186;0,186;"21/11/2025 11:30";CET;19;3,53;0,186;11/02/2026
"EURASIA GROUPE";FR0010844001;ALEUA;"Euronext Growth Paris";EUR;1,22;1,22;1,22;1,22;"05/06/2025 10:04";CET;1;1,22;1,22;11/02/2026
EURAZEO;FR0000121121;2RF;"Trading After Hours";EUR;-;-;-;-;-;CET;-;-;-;-
EURAZEO;FR0000121121;RF;"Euronext Paris";EUR;51,15;51,15;49,94;49,94;"11/02/2026 17:35";CET;118050;5920349,39;49,94;11/02/2026
EUROAPI;FR0014008VX5;2EAPI;"Trading After Hours";EUR;2,73;2,73;2,73;2,73;"20/02/2025 18:00";CET;6;16,38;2,192;11/02/2026
EUROAPI;FR0014008VX5;EAPI;"Euronext Paris";EUR;2,15;2,192;2,12;2,192;"11/02/2026 17:35";CET;113738;245439,34;2,192;11/02/2026
EUROBIO-SCIENTIFIC;FR0013240934;ALERS;"Euronext Growth Paris";EUR;23,65;23,90;23,65;23,80;"11/02/2026 17:35";CET;705;16801,60;23,80;11/02/2026
"EUROCASTLE INVEST.";GB00B94QM994;ECT;"Euronext Amsterdam";EUR;13,00;13,00;13,00;13,00;"11/02/2026 10:24";CET;414;5382,00;13,00;11/02/2026
EUROCOMMERCIAL;NL0015000K93;2ECMPA;"Trading After Hours";EUR;25,15;25,15;25,15;25,15;"06/02/2026 18:20";CET;1;25,15;26,10;11/02/2026
EUROCOMMERCIAL;NL0015000K93;ECMPM;"Euronext Milan";EUR;26,00;26,40;26,00;26,40;"11/02/2026 13:13";CET;868;22599,20;26,40;11/02/2026
EUROCOMMERCIAL;NL0015000K93;ECMPA;"Euronext Amsterdam, Brussels";EUR;26,35;26,50;26,00;26,10;"11/02/2026 17:36";CET;64644;1695392,20;26,10;11/02/2026
"EUROFINS CEREP";FR0013256518;ALECR;"Euronext Growth Paris";EUR;17700,00;18600,00;17700,00;18600,00;"10/02/2026 16:30";CET;2;36300,00;18600,00;11/02/2026
"EUROFINS SCIENT";FR0014000MR3;4ERF;EuroTLX;EUR;61,90;61,90;61,90;61,90;"30/12/2025 09:18";CET;80;4952,00;64,86;11/02/2026
"EUROFINS SCIENT.";FR0014000MR3;ERF;"Euronext Paris";EUR;66,52;66,94;64,70;64,70;"11/02/2026 17:35";CET;276628;18059720,87;64,70;11/02/2026
"EUROFINS SCIENT.";FR0014000MR3;2ERF;"Trading After Hours";EUR;-;-;-;-;-;CET;-;-;-;-
"EUROGROUP LAM";IT0005527616;EGLA;"Euronext Milan";EUR;3,57;3,57;3,536;3,55;"11/02/2026 17:35";CET;236185;838003,16;3,55;11/02/2026
"EUROLAND CORPORATE";FR0010157115;ALERO;"Euronext Growth Paris";EUR;3,12;3,12;3,12;3,12;"06/02/2026 09:56";CET;10;31,20;3,12;11/02/2026
"EUROLOG CANOLA";ES0105586004;MLCAN;"Euronext Access Paris";EUR;1320,00;1320,00;1320,00;1320,00;"11/08/2021 00:00";CET;-;-;1250,00;11/02/2026
"EURONET WORLDWIDE";US2987361092;1EEFT;"Euronext Global Equity Market";EUR;61,50;61,50;61,50;61,50;"06/02/2026 14:37";CET;4;246,00;61,00;11/02/2026
EURONEXT;NL0006294274;ENXP;"Euronext Lisbon";EUR;-;-;-;-;-;BST;-;-;-;-
EURONEXT;NL0006294274;2ENX;"Trading After Hours";EUR;154,10;154,10;154,10;154,10;"06/05/2025 18:00";CET;10;1541,00;120,50;11/02/2026
EURONEXT;NL0006294274;ENX;"Euronext Paris, Amsterdam, Brussels";EUR;123,60;124,50;120,50;120,50;"11/02/2026 17:36";CET;338712;41049303,85;120,50;11/02/2026
EUROPACORP;FR0010490920;ALECP;"Euronext Growth Paris";EUR;0,458;0,458;0,433;0,454;"11/02/2026 17:35";CET;42294;18800,77;0,454;11/02/2026
"European Medical S";BE0974497290;ALEMS;"Euronext Growth Brussels, Paris";EUR;5,051;5,36;5,001;5,36;"11/02/2026 17:35";CET;48;243,30;5,36;11/02/2026
EUROPLASMA;FR0014011QJ8;ALEUP;"Euronext Growth Paris";EUR;0,0434;0,046;0,0385;0,041;"11/02/2026 17:35";CET;2267570;93579,76;0,041;11/02/2026
EUROPRIS;NO0010735343;EPR;"Oslo Børs";NOK;87,40;87,80;86,60;87,20;"11/02/2026 16:25";CET;248989;21740055,40;87,20;11/02/2026
EUROTECH;IT0003895668;ETH;"Euronext Milan";EUR;0,883;0,886;0,858;0,869;"11/02/2026 17:35";CET;168063;145572,49;0,869;11/02/2026
"EUROTECH AA";IT0005692345;ETHAA;"Euronext Milan";EUR;0,0093;0,0097;0,006;0,0086;"11/02/2026 17:29";CET;994661;9066,50;0,0082;11/02/2026
"EUTELSAT COMMUNIC.";FR0010221234;ETL;"Euronext Paris";EUR;2,28;2,29;2,175;2,21;"11/02/2026 17:35";CET;1552163;3449054,73;2,21;11/02/2026
"EUTELSAT COMMUNIC.";FR0010221234;2ETL;"Trading After Hours";EUR;-;-;-;-;-;CET;-;-;-;-
"Everest Group Ltd";BMG3223R1088;1EG;"Euronext Global Equity Market";EUR;280,00;280,00;280,00;280,00;"13/01/2026 16:08";CET;40;11200,00;279,20;11/02/2026
EVERGREEN;FR0000035784;EGR;"Euronext Paris";EUR;0,33;0,36;0,32;0,33;"08/04/2025 17:35";CET;17001;5762,10;0,33;11/02/2026
"Evergy Inc";US30034W1062;1EVRG;"Euronext Global Equity Market";EUR;64,86;64,86;64,84;64,84;"20/01/2026 10:07";CET;437;28338,02;66,82;11/02/2026
"EVERSOURCE ENERGY";US30040W1080;1ES;"Euronext Global Equity Market";EUR;59,50;59,50;54,50;54,50;"22/12/2025 16:00";CET;64;3648,00;58,00;11/02/2026
"EVERSOURCE ENERGY";US30040W1080;4ES;EuroTLX;EUR;59,00;59,00;59,00;59,00;"15/12/2025 13:45";CET;1;59,00;58,00;11/02/2026
"EVERSOURCE ENERGY";US30040W1080;2ES;"Trading After Hours";EUR;64,50;64,50;64,50;64,50;"29/10/2025 18:26";CET;8;516,00;58,00;11/02/2026
EVISO;IT0005430936;EVISO;"Euronext Growth Milan";EUR;8,00;8,01;7,73;8,01;"11/02/2026 17:35";CET;42520;338236,22;8,01;11/02/2026
"EVN AG";AT0000741053;1EVN;"Euronext Global Equity Market";EUR;28,60;28,60;28,60;28,60;"02/02/2026 09:00";CET;2;57,20;29,80;11/02/2026
"Evolution AB";SE0012673267;1EVO;"Euronext Global Equity Market";EUR;55,42;55,42;53,00;53,00;"11/02/2026 16:39";CET;107;5760,54;51,42;11/02/2026
"EVONIK INDUSTRIES";DE000EVNK013;1EVK;"Euronext Global Equity Market";EUR;16,11;16,11;16,00;16,00;"11/02/2026 12:06";CET;115;1851,00;16,07;11/02/2026
"EVONIK INDUSTRIES";DE000EVNK013;4EVK;EuroTLX;EUR;15,78;16,25;15,78;16,25;"11/02/2026 09:34";CET;605;9578,86;16,07;11/02/2026
"EVONIK INDUSTRIES";DE000EVNK013;2EVK;"Trading After Hours";EUR;18,41;18,41;18,305;18,305;"25/07/2024 18:08";CET;2;36,72;16,07;11/02/2026
EVOTEC;DE0005664809;1EVT;"Euronext Global Equity Market";EUR;5,976;5,976;5,976;5,976;"11/02/2026 15:50";CET;1000;5976,00;5,986;11/02/2026
EVOTEC;DE0005664809;2EVT;"Trading After Hours";EUR;6,38;6,38;6,38;6,38;"09/02/2026 20:06";CET;99;631,62;5,986;11/02/2026
EVOTEC;DE0005664809;4EVT;EuroTLX;EUR;5,58;5,70;5,58;5,70;"08/09/2025 14:54";CET;1600;9024,00;5,99;11/02/2026
"EVS BROADC.EQUIPM.";BE0003820371;EVS;"Euronext Brussels";EUR;36,95;36,95;35,70;35,80;"11/02/2026 17:35";CET;17647;636534,65;35,80;11/02/2026
"EXACOMPTA CLAIREF.";FR0000064164;ALEXA;"Euronext Growth Paris";EUR;166,00;168,00;166,00;168,00;"11/02/2026 16:45";CET;78;12992,00;168,00;11/02/2026
"EXACT SCIENCES COR";US30063P1057;1EXAS;"Euronext Global Equity Market";EUR;82,22;85,35;82,22;85,35;"02/01/2026 10:02";CET;6;502,71;86,91;11/02/2026
"EXACT THERAPEUTICS";NO0010852213;EXTX;"Euronext Growth Oslo";NOK;1,95;1,95;1,95;1,95;"11/02/2026 13:47";CET;100;195,00;1,95;11/02/2026
"EXAIL TECHNOLOGIES";FR0000062671;EXA;"Euronext Paris";EUR;110,40;112,40;107,80;110,60;"11/02/2026 17:35";CET;34633;3814837,40;110,60;11/02/2026
EXECUS;IT0005557530;EXEC;"Euronext Growth Milan";EUR;1,25;1,25;1,22;1,22;"11/02/2026 15:57";CET;14000;17330,00;1,22;11/02/2026
"EXEL INDUSTRIES";FR0004527638;EXE;"Euronext Paris";EUR;40,00;40,00;39,50;39,60;"11/02/2026 17:35";CET;209;8314,40;39,60;11/02/2026
"EXELIXIS INC";US30161Q1040;1EXEL;"Euronext Global Equity Market";EUR;36,48;36,48;35,15;35,15;"11/02/2026 16:55";CET;758;27123,84;35,22;11/02/2026
EXELON;US30161N1019;4EXC;EuroTLX;EUR;41,47;41,47;41,47;41,47;"24/10/2025 13:21";CET;6;248,82;37,61;11/02/2026
EXELON;US30161N1019;2EXC;"Trading After Hours";EUR;39,74;39,74;39,74;39,74;"28/04/2025 19:44";CET;229;9100,46;37,61;11/02/2026
EXELON;US30161N1019;1EXC;"Euronext Global Equity Market";EUR;38,175;38,175;38,175;38,175;"20/01/2026 17:12";CET;10;381,75;37,61;11/02/2026
"EXLSERVICE HOLDING";US3020811044;1EXLS;"Euronext Global Equity Market";EUR;27,05;27,05;27,05;27,05;"06/02/2026 17:28";CET;110;2975,50;24,80;11/02/2026
EXMAR;BE0003808251;EXM;"Euronext Brussels";EUR;9,90;9,90;9,78;9,89;"11/02/2026 17:16";CET;74;731,05;9,89;11/02/2026
"EXOR NV";NL0012059018;2EXO;"Trading After Hours";EUR;95,35;95,35;94,65;94,65;"05/09/2024 18:48";CET;100;9500,00;71,95;11/02/2026
"EXOR NV";NL0012059018;EXO;"Euronext Amsterdam";EUR;72,50;72,65;71,45;71,95;"11/02/2026 17:35";CET;387679;27933625,40;71,95;11/02/2026
EXOSENS;FR001400Q9V2;EXENS;"Euronext Paris";EUR;55,20;55,40;53,00;53,20;"11/02/2026 17:38";CET;76446;4121251,80;53,20;11/02/2026
"EXPAND ENERGY CORP";US1651677353;1EXE;"Euronext Global Equity Market";EUR;88,44;88,44;85,04;85,04;"09/02/2026 15:34";CET;226;19603,24;87,28;11/02/2026
"EXPEDIA GROUP";US30212P3038;2EXPE;"Trading After Hours";EUR;255,70;255,70;255,70;255,70;"13/01/2026 19:09";CET;38;9716,60;197,80;11/02/2026
"EXPEDIA GROUP";US30212P3038;4EXPE;EuroTLX;EUR;257,35;257,35;257,35;257,35;"08/01/2026 10:40";CET;10;2573,50;198,16;11/02/2026
"EXPEDIA GROUP";US30212P3038;1EXPE;"Euronext Global Equity Market";EUR;207,80;207,80;207,80;207,80;"11/02/2026 15:25";CET;34;7065,20;197,80;11/02/2026
EXPERT.AI;IT0004496029;EXAI;"Euronext Growth Milan";EUR;1,672;1,688;1,632;1,644;"11/02/2026 17:36";CET;116733;194519,14;1,644;11/02/2026
"EXPLOSIFS PROD.CHI";FR0014003AQ4;EXPL;"Euronext Paris";EUR;245,00;245,00;239,00;240,00;"11/02/2026 17:27";CET;2329;559174,00;240,00;11/02/2026
"EXXON MOBIL";US30231G1022;2XOM;"Trading After Hours";EUR;127,40;130,50;124,82;130,50;"11/02/2026 19:58";CET;46;5874,94;127,72;11/02/2026
"EXXON MOBIL";US30231G1022;4XOM;EuroTLX;EUR;126,38;130,00;126,38;130,00;"11/02/2026 17:07";CET;169;21594,52;131,80;11/02/2026
"EXXON MOBIL";US30231G1022;1XOM;"Euronext Global Equity Market";EUR;128,08;132,04;128,08;132,04;"11/02/2026 15:46";CET;67;8658,16;131,26;11/02/2026
"F5 Inc";US3156161024;1FFIV;"Euronext Global Equity Market";EUR;240,50;240,50;240,50;240,50;"03/02/2026 17:00";CET;20;4810,00;237,20;11/02/2026
FABRINET;KYG3323L1005;1FN;"Euronext Global Equity Market";EUR;400,20;400,20;400,20;400,20;"11/02/2026 15:12";CET;10;4002,00;391,90;11/02/2026
FACEPHI;ES0105029005;ALPHI;"Euronext Growth Paris";EUR;2,41;2,41;2,41;2,41;"11/02/2026 09:00";CET;1;2,41;2,41;11/02/2026
"FactSet Research";US3030751057;1FDS;"Euronext Global Equity Market";EUR;170,70;170,70;170,70;170,70;"09/02/2026 15:46";CET;9;1536,30;162,35;11/02/2026
"FAE TECHNOLOGY";IT0005500688;FAE;"Euronext Growth Milan";EUR;2,57;2,57;2,50;2,54;"11/02/2026 15:00";CET;9052;22813,26;2,54;11/02/2026
FAGRON;BE0003874915;FAGR;"Euronext Brussels, Amsterdam";EUR;21,95;22,00;21,55;21,60;"11/02/2026 17:35";CET;124975;2708601,00;21,60;11/02/2026
FAGRON;BE0003874915;2FAGR;"Trading After Hours";EUR;-;-;-;-;-;CET;-;-;-;-
"FAIFEY INVEST";ES0105553004;MLECE;"Euronext Access Paris";EUR;19,80;19,80;19,80;19,80;"29/07/2021 00:00";CET;-;-;17,40;11/02/2026
"Fair Isaac Corp";US3032501047;1FICO;"Euronext Global Equity Market";EUR;1333,00;1333,00;1333,00;1333,00;"20/01/2026 09:59";CET;1;1333,00;1113,50;11/02/2026
FARMACOSMO;IT0005487670;COSMO;"Euronext Growth Milan";EUR;0,57;0,57;0,55;0,55;"11/02/2026 17:35";CET;44190;24519,98;0,55;11/02/2026
FARMINVESTE;PTFNV1AM0002;MLFMV;"Euronext Access Lisbon";EUR;3,16;3,16;3,16;3,16;"05/02/2026 18:03";BST;120;379,20;3,16;11/02/2026
"Fastenal Co";US3119001044;1FAST;"Euronext Global Equity Market";EUR;35,79;35,79;35,79;35,79;"16/12/2025 12:58";CET;70;2505,30;39,64;11/02/2026
"Fastighets Balder";SE0017832488;1BALD;"Euronext Global Equity Market";EUR;-;-;-;-;-;CET;-;-;-;-
FASTNED;NL0013654809;FAST;"Euronext Amsterdam";EUR;21,50;21,50;21,05;21,05;"11/02/2026 17:35";CET;6598;140236,10;21,05;11/02/2026
"FBD HOLDINGS PLC";IE0003290289;EG7;"Euronext Dublin";EUR;16,65;16,65;16,50;16,50;"11/02/2026 21:00";IST;17615;292157,10;16,50;11/02/2026
FD;FR0012300424;MLFDV;"Euronext Access Paris";EUR;0,424;0,424;0,424;0,424;"11/02/2026 11:30";CET;4;1,69;0,424;11/02/2026
"FDJ UNITED";FR0013451333;FDJU;"Euronext Paris";EUR;23,00;23,20;22,62;22,68;"11/02/2026 17:35";CET;547928;12488017,94;22,68;11/02/2026
"FDJ UNITED";FR0013451333;2FDJU;"Trading After Hours";EUR;-;-;-;-;-;CET;-;-;-;-
FEDEX;US31428X1063;2FDX;"Trading After Hours";EUR;204,80;204,80;204,80;204,80;"08/10/2025 18:00";CET;50;10240,00;313,20;11/02/2026
FEDEX;US31428X1063;4FDX;EuroTLX;EUR;214,90;214,90;214,90;214,90;"24/03/2025 12:02";CET;2;429,80;313,10;11/02/2026
FEDEX;US31428X1063;1FDX;"Euronext Global Equity Market";EUR;308,05;310,20;308,05;310,20;"11/02/2026 14:08";CET;73;22593,15;313,20;11/02/2026
FERM.CAS.MUN.CANNE;FR0000062101;FCMC;"Euronext Paris";EUR;2260,00;2260,00;2260,00;2260,00;"11/02/2026 16:32";CET;3;6780,00;2260,00;11/02/2026
FERMENTALG;FR0011271600;ALGAE;"Euronext Growth Paris";EUR;0,4215;0,43;0,42;0,4215;"11/02/2026 17:26";CET;109389;46494,31;0,4215;11/02/2026
FERRARI;NL0011585146;RACE;"Euronext Milan";EUR;312,70;323,40;308,10;322,80;"11/02/2026 17:39";CET;1815692;578997238,95;322,80;11/02/2026
FERRARI;NL0011585146;2RACE;"Trading After Hours";EUR;327,80;327,80;318,10;323,50;"11/02/2026 20:29";CET;5698;1833980,70;321,90;11/02/2026
"FERRARI GROUP";GB00BN0VZ646;FERGR;"Euronext Amsterdam";EUR;11,26;11,26;10,60;10,60;"11/02/2026 17:35";CET;30345;328274,65;10,60;11/02/2026
FERRETTI;IT0005383291;YACHT;"Euronext Milan";EUR;3,732;3,802;3,69;3,764;"11/02/2026 17:35";CET;884313;3321713,22;3,764;11/02/2026
FERROVIAL;NL0015001FS8;FER;"Euronext Amsterdam";EUR;61,64;62,52;61,42;62,12;"11/02/2026 17:35";CET;11247;694048,06;62,12;11/02/2026
"FI BELGO-TUNISIENN";BE0011238830;-;"Euronext Expert Market";EUR;21,40;21,40;21,40;21,40;"19/03/2024 11:30";CET;14;299,60;21,40;11/02/2026
"Fidelity National";US31620M1062;1FIS;"Euronext Global Equity Market";EUR;42,96;42,96;42,96;42,96;"11/02/2026 14:41";CET;15;644,40;41,25;11/02/2026
FIDIA;IT0005654683;FDA;"Euronext Milan";EUR;0,1151;0,117;0,1139;0,1169;"11/02/2026 17:29";CET;325311;37519,53;0,115;11/02/2026
"FIDUCIAL OFF.SOL.";FR0000061418;SACI;"Euronext Paris";EUR;26,80;26,80;26,80;26,80;"11/02/2026 11:30";CET;1;26,80;26,80;11/02/2026
"FIDUCIAL REAL EST.";FR0000060535;ORIA;"Euronext Paris";EUR;172,00;172,00;172,00;172,00;"11/02/2026 11:30";CET;1;172,00;172,00;11/02/2026
"FIERA MILANO";IT0003365613;FM;"Euronext Milan";EUR;7,04;7,04;6,75;6,85;"11/02/2026 17:35";CET;206743;1423842,21;6,85;11/02/2026
"Fifth Third Banc";US3167731005;1FTHB;"Euronext Global Equity Market";EUR;45,09;45,09;45,09;45,09;"05/02/2026 16:19";CET;304;13707,36;45,935;11/02/2026
"FIGEAC AERO";FR0011665280;FGA;"Euronext Paris";EUR;10,00;10,00;9,74;9,80;"11/02/2026 17:35";CET;17087;168594,44;9,80;11/02/2026
"FIGMA CL A";US3168411052;1FIG;"Euronext Global Equity Market";EUR;20,80;20,80;19,00;19,00;"11/02/2026 17:14";CET;70;1416,40;19,40;11/02/2026
FILA;IT0004967292;FILA;"Euronext Milan";EUR;9,25;9,25;8,95;8,95;"11/02/2026 17:35";CET;223108;2012896,71;8,95;11/02/2026
"FILL UP MEDIA";FR001400AEM6;ALFUM;"Euronext Growth Paris";EUR;6,55;6,60;6,40;6,40;"11/02/2026 13:09";CET;595;3884,55;6,40;11/02/2026
FIMMOBEL;BE0945246784;-;"Euronext Expert Market";EUR;450,00;450,00;450,00;450,00;"06/06/2023 11:30";CET;1;450,00;450,00;11/02/2026
"FIN.OUEST AFRICAIN";SN0000033192;FOAF;"Euronext Paris";EUR;20,20;20,20;20,20;20,20;"05/02/2026 16:30";CET;6;121,20;20,20;11/02/2026
Financiere;BE0003823409;1TUB;"Euronext Global Equity Market";EUR;219,00;219,00;219,00;219,00;"08/12/2025 13:59";CET;5;1095,00;228,00;11/02/2026
"FINANCIERE MARJOS";FR0000060824;FINM;"Euronext Paris";EUR;0,795;0,795;0,795;0,795;"09/02/2026 16:30";CET;137;108,92;0,795;11/02/2026
FINANZA.TECH;IT0005475162;FTC;"Euronext Growth Milan";EUR;0,294;0,298;0,294;0,298;"11/02/2026 17:35";CET;7000;2070,00;0,298;11/02/2026
FINASUCRE;BE0012544319;-;"Euronext Expert Market";EUR;3620,00;3620,00;3620,00;3620,00;"05/03/2024 11:30";CET;3;10860,00;3620,00;11/02/2026
FINAXO;FR0010487272;MLFXO;"Euronext Access Paris";EUR;4,30;4,30;4,30;4,30;"11/02/2026 11:30";CET;90;387,00;4,30;11/02/2026
FINCANTIERI;IT0005599938;FCT;"Euronext Milan";EUR;16,02;16,48;15,91;16,04;"11/02/2026 17:35";CET;2307737;37285961,11;16,04;11/02/2026
"FINE FOODS & PHARM";IT0005215329;FF;"Euronext Milan";EUR;10,65;10,70;10,50;10,55;"11/02/2026 17:35";CET;45565;483536,15;10,55;11/02/2026
FINECOBANK;IT0000072170;FBK;"Euronext Milan";EUR;22,01;22,07;20,00;20,11;"11/02/2026 17:38";CET;11783703;240677314,18;20,11;11/02/2026
FINECOBANK;IT0000072170;2FBK;"Trading After Hours";EUR;20,23;20,35;20,11;20,23;"11/02/2026 20:29";CET;32795;662332,27;20,20;11/02/2026
FIPP;FR0000038184;FIPP;"Euronext Paris";EUR;0,103;0,111;0,102;0,111;"11/02/2026 12:43";CET;23943;2531,91;0,111;11/02/2026
"FIRST CAPITAL";IT0005252736;FIC;"Euronext Growth Milan";EUR;19,60;19,70;19,60;19,70;"11/02/2026 17:28";CET;3638;71531,60;19,70;11/02/2026
"FIRST HORIZON CORP";US3205171057;1FHN;"Euronext Global Equity Market";EUR;-;-;-;-;-;CET;-;-;-;-
"FIRST SOLAR";US3364331070;2FSLR;"Trading After Hours";EUR;201,30;201,30;197,66;197,66;"03/02/2026 19:18";CET;200;39897,60;191,40;11/02/2026
"FIRST SOLAR";US3364331070;4FSLR;EuroTLX;EUR;194,94;196,00;192,00;196,00;"06/02/2026 13:05";CET;285;55354,00;191,40;11/02/2026
"FIRST SOLAR";US3364331070;1FSLR;"Euronext Global Equity Market";EUR;192,68;192,68;188,56;192,00;"11/02/2026 16:57";CET;188;36148,08;191,40;11/02/2026
FIRSTCAUTION;CH0120879058;MLFIR;"Euronext Access Paris";EUR;27,00;27,00;27,00;27,00;"23/01/2026 16:36";CET;210;5670,00;27,00;11/02/2026
"FirstEnergy Corp";US3379321074;1FEU;"Euronext Global Equity Market";EUR;38,40;39,20;38,40;39,00;"20/01/2026 13:27";CET;923;35887,80;40,40;11/02/2026
FISERV;US3377381088;2FISV;"Trading After Hours";EUR;49,915;49,915;49,525;49,525;"05/02/2026 18:52";CET;193;9560,67;52,80;11/02/2026
FISERV;US3377381088;4FISV;EuroTLX;EUR;52,23;52,23;52,23;52,23;"30/01/2026 10:12";CET;85;4439,55;53,07;11/02/2026
FISERV;US3377381088;1FISV;"Euronext Global Equity Market";EUR;52,46;52,46;52,46;52,46;"11/02/2026 11:32";CET;13;681,98;52,80;11/02/2026
"FIVE BELOW";US33829M1018;1FIVE;"Euronext Global Equity Market";EUR;166,90;166,90;166,90;166,90;"21/01/2026 16:05";CET;50;8345,00;172,85;11/02/2026
"FIVE9 INC";US3383071012;1FIVN;"Euronext Global Equity Market";EUR;15,975;15,975;14,41;14,41;"03/02/2026 16:05";CET;1299;19110,46;14,165;11/02/2026
"FJORD DEFENCE GR";NO0013647693;DFENS;"Oslo Børs";NOK;15,958;16,10;15,806;15,98;"11/02/2026 16:34";CET;182398;2918302,19;15,98;11/02/2026
"FLEKKEFJORD SPAREB";NO0013209858;FFSB;"Euronext Growth Oslo";NOK;120,00;120,00;120,00;120,00;"11/02/2026 16:06";CET;1;120,00;120,00;11/02/2026
"FLEURY MICHON";FR0000074759;ALFLE;"Euronext Growth Paris";EUR;24,80;24,90;24,30;24,90;"11/02/2026 17:35";CET;761;18778,10;24,90;11/02/2026
FLEXDEAL;PTFXD0AM0018;FLEXD;"Euronext Lisbon";EUR;4,76;4,76;4,76;4,76;"26/01/2026 21:02";BST;200;952,00;4,76;11/02/2026
FLORENTAISE;FR001400GO75;ALFLO;"Euronext Growth Paris";EUR;0,438;0,439;0,438;0,439;"11/02/2026 16:49";CET;321;140,80;0,439;11/02/2026
FLORIDIENNE;BE0974502347;FLOB;"Euronext Brussels";EUR;65,00;65,00;65,00;65,00;"11/02/2026 16:30";CET;4;260,00;65,00;11/02/2026
"FLOW TRADERS";BMG3602E1084;FLOW;"Euronext Amsterdam";EUR;26,98;26,98;25,68;25,80;"11/02/2026 17:36";CET;211942;5519467,70;25,80;11/02/2026
FLOWSPARKS;BE0003847648;FLSP;"Euronext Access Brussels";EUR;21,00;21,00;21,00;21,00;"05/02/2026 16:30";CET;5;105,00;21,00;11/02/2026
"FLUENCE ENERGY INC";US34379V1035;1FLNC;"Euronext Global Equity Market";EUR;17,00;17,00;16,65;16,65;"10/02/2026 16:01";CET;1400;23590,00;15,00;11/02/2026
"FLUGHAFEN ZUERICH";CH0319416936;1FHZN;"Euronext Global Equity Market";EUR;274,00;274,00;274,00;274,00;"11/02/2026 11:38";CET;10;2740,00;258,00;11/02/2026
"Fluidra SA";ES0137650018;1FDR;"Euronext Global Equity Market";EUR;24,88;25,94;24,88;25,94;"09/01/2026 09:04";CET;378;9435,38;23,62;11/02/2026
"FLUXYS BELGIUM D";BE0974265945;FLUX;"Euronext Brussels";EUR;19,20;19,35;19,20;19,20;"11/02/2026 17:29";CET;6058;116932,85;19,20;11/02/2026
"FMC Corp";US3024913036;1FMC;"Euronext Global Equity Market";EUR;13,70;13,70;13,485;13,485;"11/02/2026 17:29";CET;980;13362,08;13,525;11/02/2026
"FNAC DARTY";FR0011476928;2FNAC;"Trading After Hours";EUR;-;-;-;-;-;CET;-;-;-;-
"FNAC DARTY";FR0011476928;FNAC;"Euronext Paris";EUR;35,40;35,50;35,40;35,50;"11/02/2026 17:35";CET;67562;2394352,85;35,50;11/02/2026
FNM;IT0000060886;FNM;"Euronext Milan";EUR;0,506;0,506;0,50;0,502;"11/02/2026 17:35";CET;152373;76879,52;0,502;11/02/2026
FNPTECHNOLOGIESSA;FR0013230067;MLFNP;"Euronext Access Paris";EUR;0,17;0,17;0,17;0,17;"18/12/2025 16:30";CET;30000;5100,00;0,17;11/02/2026
"FONCIERE 7 INVEST";FR0000065930;LEBL;"Euronext Paris";EUR;0,30;0,30;0,30;0,30;"07/01/2026 16:30";CET;3652;1095,60;0,30;11/02/2026
"FONCIERE INEA";FR0010341032;INEA;"Euronext Paris";EUR;33,80;34,00;33,80;34,00;"11/02/2026 17:35";CET;119;4042,90;34,00;11/02/2026
"FONCIERE VINDI";FR0011605617;MLVIN;"Euronext Access Paris";EUR;4,58;4,58;4,58;4,58;"22/01/2026 16:30";CET;2;9,16;4,58;11/02/2026
"FONCIERE VOLTA";FR0000053944;SPEL;"Euronext Paris";EUR;9,10;9,10;9,10;9,10;"10/02/2026 11:30";CET;40;364,00;9,10;11/02/2026
FOPE;IT0005203424;FPE;"Euronext Growth Milan";EUR;41,20;41,20;41,20;41,20;"11/02/2026 13:48";CET;250;10300,00;41,20;11/02/2026
"FORD MOTOR";US3453708600;1F;"Euronext Global Equity Market";EUR;11,528;11,528;11,524;11,524;"11/02/2026 12:18";CET;72;829,78;11,298;11/02/2026
"FORD MOTOR";US3453708600;2F;"Trading After Hours";EUR;11,558;11,558;11,558;11,558;"13/11/2025 19:12";CET;15;173,37;11,298;11/02/2026
"FORD MOTOR";US3453708600;4F;EuroTLX;EUR;11,136;11,136;11,136;11,136;"05/12/2025 10:41";CET;300;3340,80;11,552;11/02/2026
"FORESTIERE EQUAT.";CI0000053161;FORE;"Euronext Paris";EUR;675,00;675,00;675,00;675,00;"23/10/2025 13:42";CET;2;1350,00;-;-
FORFARMERS;NL0011832811;FFARM;"Euronext Amsterdam";EUR;5,66;5,68;5,59;5,65;"11/02/2026 17:35";CET;117186;661745,53;5,65;11/02/2026
"FORSEE POWER";FR0014005SB3;FORSE;"Euronext Paris";EUR;0,2405;0,245;0,24;0,24;"11/02/2026 17:35";CET;24445;5885,09;0,24;11/02/2026
"Fortinet Inc";US34959E1091;1FTNT;"Euronext Global Equity Market";EUR;72,15;72,15;71,93;72,11;"11/02/2026 15:39";CET;191;13742,85;72,68;11/02/2026
"Fortive Corp";US34959J1088;1FTV;"Euronext Global Equity Market";EUR;50,42;50,42;50,42;50,42;"05/02/2026 15:34";CET;60;3025,20;51,86;11/02/2026
FORTUM;FI0009007132;1FORT;"Euronext Global Equity Market";EUR;19,405;19,405;19,405;19,405;"05/02/2026 10:48";CET;25;485,13;20,48;11/02/2026
FORTUM;FI0009007132;2FORT;"Trading After Hours";EUR;13,54;13,54;13,54;13,54;"28/01/2025 18:25";CET;3;40,62;20,48;11/02/2026
FORTUM;FI0009007132;4FORT;EuroTLX;EUR;15,595;15,595;15,595;15,595;"29/09/2025 10:55";CET;200;3119,00;20,55;11/02/2026
FORVIA;FR0000121147;2FRVIA;"Trading After Hours";EUR;14,07;14,71;14,07;14,71;"11/02/2026 20:00";CET;7;99,13;14,16;11/02/2026
FORVIA;FR0000121147;4FRVIA;EuroTLX;EUR;14,32;14,32;14,25;14,30;"11/02/2026 15:12";CET;90;1288,15;14,415;11/02/2026
FORVIA;FR0000121147;FRVIA;"Euronext Paris";EUR;14,78;14,805;14,10;14,45;"11/02/2026 17:35";CET;573591;8253882,21;14,45;11/02/2026
FORVIA;FR0000121147;1FRVIA;"Euronext Global Equity Market";EUR;14,80;14,83;14,105;14,50;"11/02/2026 17:35";CET;26521;379699,90;14,50;11/02/2026
FOUNTAIN;BE0003752665;FOU;"Euronext Brussels";EUR;1,50;1,52;1,50;1,52;"10/02/2026 16:30";CET;9859;14808,06;1,52;11/02/2026
"FOUNTAINE PAJOT";FR0010485268;ALFPC;"Euronext Growth Paris";EUR;93,20;93,60;92,10;92,80;"11/02/2026 17:29";CET;1792;166197,90;92,80;11/02/2026
"Fox Corp";US35137L1052;1FOXA;"Euronext Global Equity Market";EUR;59,00;62,50;59,00;62,50;"23/12/2025 15:30";CET;56;3382,00;53,00;11/02/2026
"Fox Corp B";US35137L2043;1FOX;"Euronext Global Equity Market";EUR;49,40;49,40;49,40;49,40;"10/02/2026 17:26";CET;1;49,40;47,80;11/02/2026
FOYER;NSCEX0000018;-;"Euronext Expert Market";EUR;64,01;64,01;64,01;64,01;"15/03/2022 11:30";CET;100;6401,00;64,00;11/02/2026
"FRANCAISE ENERGIE";FR0013030152;FDE;"Euronext Paris";EUR;34,70;34,70;33,85;34,10;"11/02/2026 17:35";CET;9168;313054,23;34,10;11/02/2026
"FRANCE TOURISME";FR0010823724;MLFTI;"Euronext Access Paris";EUR;0,04;0,05;0,04;0,05;"11/02/2026 16:30";CET;14320;616,00;0,05;11/02/2026
FRANCHETTI;IT0005508574;FCH;"Euronext Growth Milan";EUR;5,80;5,85;5,65;5,80;"11/02/2026 14:28";CET;3500;20200,00;5,80;11/02/2026
"FRANCHI UMB MARMI";IT0005335754;FUM;"Euronext Growth Milan";EUR;3,65;3,65;3,56;3,61;"11/02/2026 16:52";CET;6400;22953,00;3,61;11/02/2026
Franklin;US3546131018;1BEN;"Euronext Global Equity Market";EUR;21,55;21,55;21,55;21,55;"21/01/2026 17:24";CET;20;431,00;23,48;11/02/2026
FRAPORT;DE0005773303;4FRA;EuroTLX;EUR;71,25;71,25;71,25;71,25;"12/12/2025 13:02";CET;300;21375,00;80,40;11/02/2026
FRAPORT;DE0005773303;1FRA;"Euronext Global Equity Market";EUR;82,30;82,30;82,30;82,30;"09/02/2026 11:37";CET;3;246,90;80,50;11/02/2026
FRAPORT;DE0005773303;2FRA;"Trading After Hours";EUR;-;-;-;-;-;CET;-;-;-;-
FREELANCE.COM;FR0004187367;ALFRE;"Euronext Growth Paris";EUR;2,33;2,33;2,18;2,20;"11/02/2026 17:35";CET;25559;56539,38;2,20;11/02/2026
"Freenet AG";DE000A0Z2ZZ5;1FNTN;"Euronext Global Equity Market";EUR;32,00;33,46;32,00;33,46;"06/02/2026 10:29";CET;63;2020,38;32,28;11/02/2026
FREEPORT-MCMORAN;US35671D8570;2FCX;"Trading After Hours";EUR;53,43;53,43;53,43;53,43;"09/02/2026 18:06";CET;100;5343,00;54,01;11/02/2026
FREEPORT-MCMORAN;US35671D8570;1FCX;"Euronext Global Equity Market";EUR;54,35;54,35;53,83;54,01;"11/02/2026 17:35";CET;1079;58545,35;54,01;11/02/2026
FREEPORT-MCMORAN;US35671D8570;4FCX;EuroTLX;EUR;54,17;54,17;54,17;54,17;"04/02/2026 17:22";CET;30;1625,10;54,02;11/02/2026
"FRENDY ENERGY";IT0004819857;FRE;"Euronext Growth Milan";EUR;0,216;0,216;0,216;0,216;"11/02/2026 13:56";CET;10800;2332,80;0,216;11/02/2026
FRESENIUS;DE0005785604;2FRE;"Trading After Hours";EUR;47,66;47,66;47,66;47,66;"05/02/2026 18:52";CET;134;6386,44;50,02;11/02/2026
FRESENIUS;DE0005785604;4FRE;EuroTLX;EUR;48,20;48,20;48,20;48,20;"06/01/2026 16:15";CET;234;11278,80;50,08;11/02/2026
FRESENIUS;DE0005785604;1FRE;"Euronext Global Equity Market";EUR;50,12;50,12;49,45;50,00;"11/02/2026 15:01";CET;268;13390,45;50,02;11/02/2026
"FRESENIUS MED CARE";DE0005785802;2FME;"Trading After Hours";EUR;48,69;48,69;48,69;48,69;"05/06/2025 19:04";CET;1;48,69;39,99;11/02/2026
"FRESENIUS MED CARE";DE0005785802;4FME;EuroTLX;EUR;38,60;38,60;38,60;38,60;"03/02/2026 15:32";CET;32;1235,20;40,12;11/02/2026
"FRESENIUS MED CARE";DE0005785802;1FME;"Euronext Global Equity Market";EUR;40,75;40,75;40,75;40,75;"06/02/2026 15:03";CET;80;3260,00;39,99;11/02/2026
"FRESHPET INC";US3580391056;1FRPT;"Euronext Global Equity Market";EUR;57,26;57,26;57,26;57,26;"11/02/2026 13:12";CET;200;11452,00;57,08;11/02/2026
"FRESHWORKS INC-CL";US3580541049;1FRSH;"Euronext Global Equity Market";EUR;7,05;7,05;6,45;6,45;"11/02/2026 16:00";CET;900;6225,00;6,60;11/02/2026
FREY;FR0010588079;FREY;"Euronext Paris";EUR;30,20;30,20;30,20;30,20;"11/02/2026 11:30";CET;251;7580,20;30,20;11/02/2026
FRIENDS;IT0005664641;AMI;"Euronext Growth Milan";EUR;1,30;1,34;1,30;1,335;"11/02/2026 17:29";CET;24000;31525,00;1,335;11/02/2026
FRONTLINE;CY0200352116;FRO;"Oslo Børs";NOK;275,30;290,00;274,50;281,60;"11/02/2026 16:28";CET;1448377;409398632,70;281,60;11/02/2026
FSDV;FR0000031973;FSDV;"Euronext Paris";EUR;17,80;17,80;17,60;17,60;"11/02/2026 17:16";CET;224;3946,60;17,60;11/02/2026
"FUCHS SE";DE000A3E5D64;1FPE;"Euronext Global Equity Market";EUR;39,24;39,24;39,24;39,24;"21/01/2026 10:22";CET;500;19620,00;34,98;11/02/2026
"FUELCELL ENERGY";US35952H7008;2FEY2;"Trading After Hours";EUR;6,53;6,53;6,499;6,499;"02/02/2026 19:09";CET;240;1565,96;6,036;11/02/2026
"FUELCELL ENERGY";US35952H7008;4FEY2;EuroTLX;EUR;5,688;5,688;5,683;5,683;"06/02/2026 15:24";CET;231;1313,81;6,044;11/02/2026
"FUELCELL ENERGY";US35952H7008;1FEY2;"Euronext Global Equity Market";EUR;6,272;6,272;6,272;6,272;"11/02/2026 14:07";CET;74;464,13;6,036;11/02/2026
FUGRO;NL00150003E1;2FUR;"Trading After Hours";EUR;-;-;-;-;-;CET;-;-;-;-
FUGRO;NL00150003E1;FUR;"Euronext Amsterdam";EUR;11,65;11,65;11,43;11,43;"11/02/2026 17:35";CET;228906;2631894,61;11,43;11/02/2026
"FUT.CLUBE PORTO";PTFCP0AM0008;FCP;"Euronext Lisbon";EUR;3,14;3,14;3,14;3,14;"10/02/2026 16:30";BST;50;157,00;3,14;11/02/2026
G.A.I.;FR0000053415;MLGAI;"Euronext Access Paris";EUR;145,00;145,00;145,00;145,00;"05/01/2026 16:30";CET;5;725,00;145,00;11/02/2026
"G.M. LEATHER";IT0005498610;GML;"Euronext Growth Milan";EUR;0,75;0,75;0,75;0,75;"11/02/2026 14:28";CET;1000;750,00;0,75;11/02/2026
GABETTI;IT0005023038;GAB;"Euronext Milan";EUR;0,626;0,636;0,626;0,636;"11/02/2026 17:35";CET;2801;1761,44;0,636;11/02/2026
"GAIASHOPPING - SIC";PTGHP0AM0005;MLGSH;"Euronext Access Lisbon";EUR;-;-;-;-;-;BST;-;-;-;-
gAIn360;IT0005672461;GAIN;"Euronext Growth Milan";EUR;1,561;1,561;1,561;1,561;"03/02/2026 17:35";CET;3500;5463,50;1,561;11/02/2026
GALAPAGOS;BE0003818359;2GLPG;"Trading After Hours";EUR;24,30;24,30;24,30;24,30;"06/06/2024 18:00";CET;80;1944,00;28,40;11/02/2026
GALAPAGOS;BE0003818359;4GLPG;EuroTLX;EUR;27,50;27,50;27,50;27,50;"29/08/2025 09:17";CET;100;2750,00;28,52;11/02/2026
GALAPAGOS;BE0003818359;GLPG;"Euronext Amsterdam, Brussels";EUR;28,42;28,64;28,24;28,40;"11/02/2026 17:37";CET;40811;1160268,12;28,40;11/02/2026
"GALAXY DIGITAL A";US36317J2096;1GLXY;"Euronext Global Equity Market";EUR;16,10;16,10;16,10;16,10;"05/02/2026 15:06";CET;1400;22540,00;17,80;11/02/2026
"Galderma Group";CH1335392721;1GALD;"Euronext Global Equity Market";EUR;164,00;165,00;164,00;165,00;"10/02/2026 16:14";CET;8;1318,00;163,00;11/02/2026
GALENICA;CH0360674466;1GALE;"Euronext Global Equity Market";EUR;106,00;106,00;106,00;106,00;"28/01/2026 12:48";CET;16;1696,00;110,00;11/02/2026
GALEO;FR0011100759;MLGAL;"Euronext Access Paris";EUR;2,16;2,16;2,16;2,16;"23/01/2026 11:30";CET;64;138,24;2,16;11/02/2026
"GALP ENERGIA-NOM";PTGAL0AM0009;GALP;"Euronext Lisbon";EUR;17,57;18,12;17,57;17,985;"11/02/2026 22:39";BST;2201138;39530715,01;17,985;11/02/2026
"GALP ENERGIA-NOM";PTGAL0AM0009;2GALP;"Trading After Hours";EUR;-;-;-;-;-;CET;-;-;-;-
"GAMBERO ROSSO";IT0005122392;GAMB;"Euronext Growth Milan";EUR;0,244;0,25;0,242;0,25;"11/02/2026 15:42";CET;55000;13356,00;0,25;11/02/2026
"GAMESTOP CORP";US36467W1099;1GME;"Euronext Global Equity Market";EUR;20,705;20,79;20,705;20,76;"11/02/2026 15:45";CET;105;2179,82;20,48;11/02/2026
"GAMESTOP CORP";US36467W1099;2GME;"Trading After Hours";EUR;21,27;21,57;21,27;21,57;"04/02/2026 20:27";CET;100;2134,50;20,48;11/02/2026
"Garmin Ltd";CH0114405324;1GRMN;"Euronext Global Equity Market";EUR;176,00;176,00;176,00;176,00;"04/02/2026 17:19";CET;1;176,00;169,00;11/02/2026
"GAROF HEALTH CARE";IT0005345233;GHC;"Euronext Milan";EUR;5,45;5,52;5,45;5,45;"11/02/2026 17:35";CET;6899;37726,43;5,45;11/02/2026
"Gartner Inc";US3666511072;1IT;"Euronext Global Equity Market";EUR;133,00;133,00;133,00;133,00;"10/02/2026 15:44";CET;16;2128,00;129,60;11/02/2026
"GAS PLUS";IT0004098510;GSP;"Euronext Milan";EUR;6,50;6,56;6,32;6,44;"11/02/2026 17:35";CET;37933;244426,02;6,44;11/02/2026
GASCOGNE;FR0000124414;ALBI;"Euronext Growth Paris";EUR;2,34;2,34;2,16;2,26;"10/02/2026 17:35";CET;4159;9185,14;2,26;11/02/2026
GAUMONT;FR0000034894;GAM;"Euronext Paris";EUR;100,00;106,00;100,00;106,00;"11/02/2026 17:14";CET;488;50565,00;106,00;11/02/2026
GBL;BE0003797140;2GBLB;"Trading After Hours";EUR;-;-;-;-;-;CET;-;-;-;-
GBL;BE0003797140;GBLB;"Euronext Brussels";EUR;83,85;83,85;82,90;83,25;"11/02/2026 17:35";CET;90505;7538675,90;83,25;11/02/2026
"GE AEROSPACE";US3696043013;2GE;"Trading After Hours";EUR;259,50;259,50;259,50;259,50;"30/01/2026 19:02";CET;10;2595,00;267,50;11/02/2026
"GE AEROSPACE";US3696043013;1GE;"Euronext Global Equity Market";EUR;270,00;270,00;270,00;270,00;"11/02/2026 15:31";CET;16;4320,00;267,50;11/02/2026
"GE HealthCare T";US36266G1076;1GEHC;"Euronext Global Equity Market";EUR;70,20;70,20;70,20;70,20;"06/02/2026 09:59";CET;12;842,40;66,30;11/02/2026
"GE Vernova Inc";US36828A1016;1GEV;"Euronext Global Equity Market";EUR;697,00;732,00;663,00;691,00;"11/02/2026 17:36";CET;169;116882,00;693,00;11/02/2026
"GEA GRENOBL.ELECT.";FR0000053035;GEA;"Euronext Paris";EUR;87,50;88,00;87,00;88,00;"11/02/2026 15:57";CET;29;2544,00;88,00;11/02/2026
"GEA GROUP";DE0006602006;4G;EuroTLX;EUR;61,00;61,00;61,00;61,00;"03/11/2025 12:02";CET;35;2135,00;63,65;11/02/2026
"GEA GROUP";DE0006602006;2GG;"Trading After Hours";EUR;65,30;65,30;65,30;65,30;"09/02/2026 18:57";CET;2;130,60;63,50;11/02/2026
"GEA GROUP";DE0006602006;1G;"Euronext Global Equity Market";EUR;63,75;63,75;63,75;63,75;"10/02/2026 16:18";CET;2;127,50;63,50;11/02/2026
Geberit;CH0030170408;1GEBN;"Euronext Global Equity Market";EUR;695,00;695,00;695,00;695,00;"11/02/2026 13:33";CET;15;10425,00;695,00;11/02/2026
"GECI INTL";FR001400M1R1;ALGEC;"Euronext Growth Paris";EUR;2,60;2,68;2,60;2,68;"11/02/2026 17:35";CET;297;792,96;2,68;11/02/2026
GECINA;FR0010040865;GFC;"Euronext Paris";EUR;78,30;79,65;77,50;77,50;"11/02/2026 17:35";CET;250204;19543353,84;77,50;11/02/2026
GECINA;FR0010040865;2GFC;"Trading After Hours";EUR;-;-;-;-;-;CET;-;-;-;-
GEFRAN;IT0003203947;GE;"Euronext Milan";EUR;10,90;11,05;10,75;10,75;"11/02/2026 17:35";CET;25445;277617,10;10,75;11/02/2026
GEL;IT0005312365;GEL;"Euronext Growth Milan";EUR;2,44;2,44;2,44;2,44;"04/02/2026 13:51";CET;3750;9150,00;2,44;11/02/2026
"GEN DIGITAL";US6687711084;1NLOK;"Euronext Global Equity Market";EUR;20,40;20,40;20,40;20,40;"09/02/2026 15:32";CET;50;1020,00;20,80;11/02/2026
"GEN DIGITAL";US6687711084;4NLOK;EuroTLX;EUR;20,80;20,80;20,40;20,40;"06/02/2026 17:13";CET;140;2888,00;20,80;11/02/2026
"GEN DIGITAL";US6687711084;2NLOK;"Trading After Hours";EUR;23,00;23,00;23,00;23,00;"31/10/2025 19:11";CET;83;1909,00;20,80;11/02/2026
"Generac Hold";US3687361044;1GNRC;"Euronext Global Equity Market";EUR;150,85;152,50;150,85;152,50;"11/02/2026 12:17";CET;175;26542,30;180,30;11/02/2026
"GENERAL DYNAMICS";US3695501086;1GD;"Euronext Global Equity Market";EUR;304,00;304,00;304,00;304,00;"10/02/2026 09:59";CET;12;3648,00;298,40;11/02/2026
"GENERAL DYNAMICS";US3695501086;4GD;EuroTLX;EUR;273,95;273,95;273,95;273,95;"19/08/2025 17:28";CET;1;273,95;298,40;11/02/2026
"GENERAL DYNAMICS";US3695501086;2GD;"Trading After Hours";EUR;293,30;293,30;293,30;293,30;"20/11/2025 19:44";CET;2;586,60;298,40;11/02/2026
"General Mills Inc";US3703341046;1GIS;"Euronext Global Equity Market";EUR;41,12;41,12;41,12;41,12;"11/02/2026 16:29";CET;50;2056,00;40,99;11/02/2026
"GENERAL MOTORS";US37045V1008;2GM;"Trading After Hours";EUR;71,58;71,58;71,58;71,58;"02/02/2026 19:17";CET;22;1574,76;67,86;11/02/2026
"GENERAL MOTORS";US37045V1008;1GM;"Euronext Global Equity Market";EUR;72,35;72,69;72,35;72,58;"05/02/2026 13:39";CET;199;14425,81;67,86;11/02/2026
"GENERAL MOTORS";US37045V1008;4GM;EuroTLX;EUR;56,83;56,83;56,83;56,83;"22/10/2025 11:35";CET;5;284,15;68,06;11/02/2026
GENERALFINANCE;IT0005144784;GF;"Euronext Milan";EUR;25,70;26,00;25,30;25,60;"11/02/2026 17:35";CET;11072;284607,80;25,60;11/02/2026
GENERALI;IT0000062072;2G;"Trading After Hours";EUR;34,86;34,86;34,42;34,75;"11/02/2026 20:29";CET;3663;127141,19;34,71;11/02/2026
GENERALI;IT0000062072;G;"Euronext Milan";EUR;35,40;35,51;34,26;34,50;"11/02/2026 17:35";CET;4221990;145983109,87;34,50;11/02/2026
GENESIS;ES0105807004;MLGNS;"Euronext Access Paris";EUR;1,58;1,58;1,58;1,58;"20/12/2024 00:00";CET;-;-;1,58;11/02/2026
GENEURO;CH0308403085;GNRO;"Euronext Paris";EUR;0,0306;0,0328;0,0306;0,0308;"22/01/2026 16:48";CET;67716;2184,05;0,0308;11/02/2026
GENFIT;FR0004163111;GNFT;"Euronext Paris";EUR;6,55;6,73;6,51;6,72;"11/02/2026 17:35";CET;530041;3517924,91;6,72;11/02/2026
GENOWAY;FR0004053510;ALGEN;"Euronext Growth Paris";EUR;2,40;2,53;2,39;2,53;"11/02/2026 15:45";CET;5654;13922,37;2,53;11/02/2026
"GENSIGHT BIOLOGICS";FR0013183985;SIGHT;"Euronext Paris";EUR;0,082;0,0848;0,078;0,0784;"11/02/2026 17:35";CET;1799502;145650,81;0,0784;11/02/2026
"GENSIGHT BSA";FR0014010IB4;SIGBS;"Euronext Growth Paris";EUR;-;-;-;-;-;CET;-;-;-;-
"GENTIAN DIAGNOSTIC";NO0010748866;GENT;"Oslo Børs";NOK;53,00;54,80;52,00;54,00;"11/02/2026 16:25";CET;20540;1096040,80;54,00;11/02/2026
"GENTILI MOSCONI";IT0005531261;GM;"Euronext Growth Milan";EUR;3,47;3,47;3,38;3,46;"11/02/2026 10:45";CET;179;608,12;3,46;11/02/2026
"GENTLEMENS EQUITY";PTGVE1AE0009;MLGEQ;"Euronext Access Paris";EUR;0,023;0,023;0,023;0,023;"10/02/2026 11:30";CET;434;9,98;0,023;11/02/2026
"Genuine Parts Co";US3724601055;1GPC;"Euronext Global Equity Market";EUR;121,05;121,05;121,05;121,05;"03/02/2026 15:59";CET;18;2178,90;122,45;11/02/2026
"GEORG FISCHER";CH1169151003;1GF;"Euronext Global Equity Market";EUR;58,50;58,50;58,50;58,50;"05/02/2026 14:07";CET;180;10530,00;60,50;11/02/2026
GEOX;IT0003697080;GEO;"Euronext Milan";EUR;0,3035;0,3085;0,299;0,30;"11/02/2026 17:35";CET;411917;124240,71;0,30;11/02/2026
"GERON CORP";US3741631036;1GERN;"Euronext Global Equity Market";EUR;1,427;1,427;1,416;1,427;"11/02/2026 14:23";CET;143;203,79;1,343;11/02/2026
Gerresheimer;DE000A0LD6E6;1GXI;"Euronext Global Equity Market";EUR;28,34;28,34;28,34;28,34;"29/12/2025 09:05";CET;5;141,70;24,88;11/02/2026
"Getinge AB";SE0000202624;1GETI;"Euronext Global Equity Market";EUR;19,80;19,80;19,80;19,80;"30/12/2025 12:33";CET;20;396,00;19,00;11/02/2026
"GETLINK SE";FR0010533075;2GET;"Trading After Hours";EUR;-;-;-;-;-;CET;-;-;-;-
"GETLINK SE";FR0010533075;GET;"Euronext Paris";EUR;17,26;17,46;17,20;17,40;"11/02/2026 17:35";CET;657912;11439314,38;17,40;11/02/2026
GEVELOT;FR0000033888;ALGEV;"Euronext Growth Paris";EUR;175,00;175,00;175,00;175,00;"11/02/2026 11:30";CET;12;2100,00;175,00;11/02/2026
GIG;GG00BMB5XZ39;CABLE;"Euronext Amsterdam";GBP;2,72;2,72;2,72;2,72;"03/10/2025 16:10";CET;2;5,44;2,72;11/02/2026
"GIGANTE SALMON";NO0011013765;GIGA;"Euronext Growth Oslo";NOK;8,28;8,38;8,08;8,30;"11/02/2026 16:25";CET;214751;1754999,22;8,30;11/02/2026
GIGLIO.COM;IT0005453003;GCOM;"Euronext Growth Milan";EUR;0,80;0,805;0,80;0,80;"11/02/2026 14:29";CET;1600;1284,00;0,80;11/02/2026
"GILEAD SCIENCES";US3755581036;4GILD;EuroTLX;EUR;96,88;96,88;96,88;96,88;"25/09/2025 09:09";CET;35;3390,80;131,00;11/02/2026
"GILEAD SCIENCES";US3755581036;1GILD;"Euronext Global Equity Market";EUR;122,78;131,38;122,78;131,38;"11/02/2026 16:32";CET;386;49001,56;131,10;11/02/2026
"GILEAD SCIENCES";US3755581036;2GILD;"Trading After Hours";EUR;128,54;128,72;128,54;128,72;"06/02/2026 18:53";CET;41;5277,34;131,10;11/02/2026
GIMV;BE0003699130;GIMB;"Euronext Brussels";EUR;45,10;45,20;44,25;45,15;"11/02/2026 17:36";CET;31933;1431871,68;45,15;11/02/2026
"GIOCAMONDO STUDY";IT0005652489;GMS;"Euronext Growth Milan";EUR;1,75;1,80;1,75;1,80;"11/02/2026 14:33";CET;2000;3550,00;1,80;11/02/2026
"GISMONDI 1754";IT0005391138;GIS;"Euronext Growth Milan";EUR;1,37;1,435;1,36;1,435;"11/02/2026 16:59";CET;8800;12220,00;1,435;11/02/2026
"GITLAB INC-CL A";US37637K1088;1GTLB;"Euronext Global Equity Market";EUR;25,50;25,50;25,00;25,00;"11/02/2026 16:47";CET;453;11461,50;25,00;11/02/2026
Givaudan;CH0010645932;1GIVN;"Euronext Global Equity Market";EUR;3380,00;3380,00;3360,00;3360,00;"21/01/2026 14:17";CET;8;26940,00;3380,00;11/02/2026
"GJENSIDIGE FORSIKR";NO0010582521;GJF;"Oslo Børs";NOK;276,00;276,00;273,60;275,80;"11/02/2026 16:25";CET;421043;115994935,00;275,80;11/02/2026
"GL EVENTS";FR0000066672;GLO;"Euronext Paris";EUR;34,30;34,45;32,75;32,75;"11/02/2026 17:35";CET;20078;673141,78;32,75;11/02/2026
"GLANBIA PLC";IE0000669501;GL9;"Euronext Dublin";EUR;16,96;17,07;16,84;16,84;"11/02/2026 21:00";IST;305703;5161974,61;16,84;11/02/2026
"GLASS TO POWER";IT0005613739;MLGL;"Euronext Access Paris";EUR;-;-;-;-;-;CET;-;-;-;-
GLENCORE;JE00B4T3BW64;4GLEN;EuroTLX;EUR;5,65;5,688;5,65;5,688;"11/02/2026 13:52";CET;4510;25500,88;5,757;11/02/2026
"GLENVEAGH PROP.PLC";IE00BD6JX574;GVR;"Euronext Dublin";EUR;2,11;2,115;2,065;2,115;"11/02/2026 21:00";IST;912607;1923016,06;2,115;11/02/2026
GLINTT;PTPAD0AM0007;GLINT;"Euronext Lisbon";EUR;1,41;1,41;1,38;1,39;"11/02/2026 22:12";BST;13147;18235,62;1,39;11/02/2026
"GLOBAL PAYMENTS";US37940X1028;1GPN;"Euronext Global Equity Market";EUR;62,08;62,08;60,54;60,54;"06/02/2026 16:06";CET;215;13324,10;60,88;11/02/2026
"GLOBAL PAYMENTS";US37940X1028;4GPN;EuroTLX;EUR;69,44;69,44;69,44;69,44;"15/07/2025 12:44";CET;15;1041,60;60,84;11/02/2026
"GLOBAL PAYMENTS";US37940X1028;2GPN;"Trading After Hours";EUR;108,75;108,75;108,75;108,75;"06/02/2025 18:25";CET;1;108,75;60,88;11/02/2026
"GLOBAL PIELAGO";ES0105537007;MLNDG;"Euronext Access Paris";EUR;4,92;4,92;4,92;4,92;"16/04/2021 00:00";CET;-;-;4,92;11/02/2026
GLOBALFOUNDRIES;KYG393871085;1GFS;"Euronext Global Equity Market";EUR;35,25;39,98;35,24;39,98;"11/02/2026 17:29";CET;6806;254760,41;39,92;11/02/2026
"GoDaddy Inc";US3802371076;1GDDY;"Euronext Global Equity Market";EUR;94,50;94,50;94,50;94,50;"14/01/2026 15:53";CET;62;5859,00;80,00;11/02/2026
"GOLD BY GOLD";FR0011208693;ALGLD;"Euronext Growth Paris";EUR;4,69;4,69;4,69;4,69;"11/02/2026 16:34";CET;2866;13441,54;4,69;11/02/2026
"GOLDEN ENERGY OFF";NO0013228585;GEOS;"Euronext Growth Oslo";NOK;8,48;8,60;8,40;8,40;"11/02/2026 16:27";CET;14516;122358,16;8,40;11/02/2026
"GOLDMAN SACHS GR";US38141G1040;2GSG;"Trading After Hours";EUR;775,20;775,20;775,20;775,20;"04/02/2026 18:00";CET;2;1550,40;793,90;11/02/2026
"GOLDMAN SACHS GR";US38141G1040;4GS;EuroTLX;EUR;800,00;800,00;800,00;800,00;"29/01/2026 16:19";CET;10;8000,00;791,80;11/02/2026
"GOLDMAN SACHS GR";US38141G1040;1GS;"Euronext Global Equity Market";EUR;808,50;811,60;791,40;793,90;"11/02/2026 17:35";CET;11;8845,00;793,90;11/02/2026
GOODTECH;NO0004913609;GOD;"Oslo Børs";NOK;9,54;9,58;9,34;9,46;"11/02/2026 16:28";CET;96502;915511,46;9,46;11/02/2026
"GOODYEAR TIRE & RU";US3825501014;1GT;"Euronext Global Equity Market";EUR;7,754;7,768;7,644;7,768;"11/02/2026 17:35";CET;1970;15141,88;7,768;11/02/2026
"GOPRO - CLASSE A";US38268T1034;2GPRO;"Trading After Hours";EUR;1,323;1,323;1,323;1,323;"20/11/2025 18:03";CET;2250;2976,75;0,80;11/02/2026
"GOPRO - CLASSE A";US38268T1034;1GPRO;"Euronext Global Equity Market";EUR;0,85;0,85;0,85;0,85;"11/02/2026 15:29";CET;100;85,00;0,80;11/02/2026
"GOPRO - CLASSE A";US38268T1034;4GPRO;EuroTLX;EUR;1,93;1,93;1,93;1,93;"22/10/2025 10:27";CET;2200;4246,00;0,7985;11/02/2026
"GOSSON KESSALES";BE0011395465;-;"Euronext Expert Market";EUR;55,11;55,11;55,11;55,11;"09/06/2015 11:30";CET;1;55,11;55,00;11/02/2026
"GPE GROUP PIZZORNO";FR0010214064;GPE;"Euronext Paris";EUR;61,60;61,60;61,40;61,40;"11/02/2026 17:27";CET;883;54218,80;61,40;11/02/2026
GPI;IT0005221517;GPI;"Euronext Milan";EUR;16,30;16,30;15,90;15,90;"11/02/2026 17:35";CET;43298;695857,44;15,90;11/02/2026
"GRAINES VOLTZ";FR0000065971;GRVO;"Euronext Paris";EUR;20,20;20,50;20,20;20,20;"11/02/2026 17:27";CET;174;3550,50;20,20;11/02/2026
"GREAT WESTERN MIN.";IE000T78CHJ8;8GW;"Euronext Growth Dublin";EUR;0,018;0,018;0,0141;0,0141;"03/02/2026 14:45";IST;43000;609,12;0,0141;11/02/2026
"GREEN EARTH GROUP";NL0009169515;EARTH;"Euronext Amsterdam";EUR;1,325;1,33;1,28;1,315;"11/02/2026 17:00";CET;5123;6690,22;1,315;11/02/2026
"GREEN MINERALS";NO0010907744;GEM;"Euronext Growth Oslo";NOK;1,255;1,345;1,165;1,345;"11/02/2026 13:04";CET;10040;12895,41;1,345;11/02/2026
"GREEN OLEO";IT0005549768;GRN;"Euronext Growth Milan";EUR;0,705;0,705;0,645;0,645;"11/02/2026 17:01";CET;33000;21967,50;0,645;11/02/2026
"GREENCOAT REN.";IE00BF2NR112;GRP;"Euronext Growth Dublin";EUR;0,69;0,697;0,69;0,692;"11/02/2026 21:03";IST;1019550;707087,01;0,692;11/02/2026
"GRIEG SEAFOOD";NO0010365521;GSF;"Oslo Børs";NOK;72,30;73,50;72,30;73,30;"11/02/2026 16:25";CET;139923;10220123,80;73,30;11/02/2026
GRIFAL;IT0005332595;GRAL;"Euronext Growth Milan";EUR;1,02;1,04;1,02;1,04;"11/02/2026 15:29";CET;5000;5110,00;1,04;11/02/2026
Grifols;ES0171996087;1GRF;"Euronext Global Equity Market";EUR;10,92;10,92;10,375;10,75;"29/01/2026 17:23";CET;608;6424,86;10,895;11/02/2026
Grifols;ES0171996087;4GRF;EuroTLX;EUR;10,915;10,915;10,915;10,915;"05/12/2025 15:20";CET;190;2073,85;10,955;11/02/2026
GROLLEAU;FR0014005ZM5;ALGRO;"Euronext Growth Paris";EUR;2,60;3,00;2,60;2,96;"11/02/2026 17:35";CET;49138;134530,10;2,96;11/02/2026
"GRONG SPAREBANK";NO0010636491;GRONG;"Euronext Growth Oslo";NOK;177,00;179,80;177,00;179,80;"11/02/2026 16:19";CET;299;53169,34;179,80;11/02/2026
"GROTTES DE HAN";BE0057677594;-;"Euronext Expert Market";EUR;122,00;122,00;122,00;122,00;"21/11/2017 11:30";CET;63;7686,00;122,00;11/02/2026
"GROUPE CARNIVOR";FR0000076960;MLGRC;"Euronext Access Paris";EUR;23,00;23,00;23,00;23,00;"11/02/2026 11:30";CET;14;322,00;23,00;11/02/2026
"GROUPE CRIT";FR0000036675;CEN;"Euronext Paris";EUR;65,40;65,40;64,80;64,80;"11/02/2026 17:35";CET;3269;213104,60;64,80;11/02/2026
"GROUPE GUILLIN";FR0012819381;ALGIL;"Euronext Growth Paris";EUR;24,00;24,10;23,60;23,80;"11/02/2026 17:35";CET;16372;392425,89;23,80;11/02/2026
"GROUPE JAJ";FR0004010338;GJAJ;"Euronext Paris";EUR;1,23;1,23;1,23;1,23;"28/01/2026 11:30";CET;123;151,29;1,23;11/02/2026
"GROUPE JOSI";BE0011606630;-;"Euronext Expert Market";EUR;1432,00;1432,00;1432,00;1432,00;"21/04/2015 12:00";CET;91;130312,00;1430,00;11/02/2026
"GROUPE LDLC";FR0000075442;ALLDL;"Euronext Growth Paris";EUR;16,25;16,25;15,80;15,80;"11/02/2026 17:35";CET;5928;94653,05;15,80;11/02/2026
"GROUPE OKWIND";FR0013439627;ALOKW;"Euronext Growth Paris";EUR;0,411;0,411;0,3925;0,41;"11/02/2026 17:35";CET;6105;2470,23;0,41;11/02/2026
"GROUPE PARTOUCHE";FR0012612646;PARP;"Euronext Paris";EUR;17,55;18,55;17,55;18,30;"11/02/2026 17:35";CET;6275;114209,10;18,30;11/02/2026
"GROUPE PLUS-VALUES";FR0010529719;MLPVG;"Euronext Access Paris";EUR;0,01;0,01;0,01;0,01;"18/03/2013 15:00";CET;20000;200,00;0,01;11/02/2026
"GROUPE SFPI";FR0004155000;SFPI;"Euronext Paris";EUR;1,70;1,705;1,70;1,70;"11/02/2026 17:29";CET;4074;6927,95;1,70;11/02/2026
"GROUPE TERA";FR0013429404;ALGTR;"Euronext Growth Paris";EUR;6,00;6,00;6,00;6,00;"11/02/2026 16:37";CET;2196;13176,00;6,00;11/02/2026
GROUPIMO;FR0014000RP6;ALIMO;"Euronext Growth Paris";EUR;0,266;0,266;0,266;0,266;"10/02/2026 13:16";CET;60;15,96;0,266;11/02/2026
GROWENS;IT0005040354;GROW;"Euronext Growth Milan";EUR;2,61;2,64;2,59;2,60;"11/02/2026 17:35";CET;39539;102950,60;2,60;11/02/2026
GROWNERS;BE0003861789;-;"Euronext Expert Market";EUR;8,00;8,00;8,00;8,00;"26/10/2021 11:30";CET;1065;8520,00;8,00;11/02/2026
"GT TALENT GROUP";IT0005607699;GT;"Euronext Growth Milan";EUR;0,155;0,16;0,147;0,16;"23/05/2025 17:35";CET;40875;6315,01;0,16;11/02/2026
GTT;FR0011726835;2GTT;"Trading After Hours";EUR;-;-;-;-;-;CET;-;-;-;-
GTT;FR0011726835;GTT;"Euronext Paris";EUR;178,40;179,30;175,10;176,90;"11/02/2026 17:35";CET;79839;14122532,65;176,90;11/02/2026
"GUARDANT HEALTH IN";US40131M1099;1GH;"Euronext Global Equity Market";EUR;90,62;90,84;90,56;90,84;"29/01/2026 16:27";CET;278;25196,44;85,96;11/02/2026
GUERBET;FR0000032526;GBT;"Euronext Paris";EUR;14,16;14,16;13,90;14,04;"11/02/2026 17:35";CET;7032;98354,12;14,04;11/02/2026
"GUIDEWIRE SOFTWARE";US40171V1008;1GWRE;"Euronext Global Equity Market";EUR;118,75;118,75;118,75;118,75;"02/02/2026 15:30";CET;178;21137,50;107,75;11/02/2026
GUILLEMOT;FR0000066722;GUI;"Euronext Paris";EUR;4,50;4,50;4,28;4,28;"11/02/2026 17:35";CET;7218;31928,20;4,28;11/02/2026
GVS;IT0005411209;GVS;"Euronext Milan";EUR;4,225;4,225;4,10;4,10;"11/02/2026 17:35";CET;77808;323994,36;4,10;11/02/2026
GYLDENDAL;NO0004288200;GYL;"Oslo Børs";NOK;440,00;440,00;440,00;440,00;"09/02/2026 09:52";CET;7;3080,00;440,00;11/02/2026
H-FARM;IT0004674666;FARM;"Euronext Growth Milan";EUR;0,201;0,205;0,188;0,198;"11/02/2026 17:35";CET;580500;115207,50;0,198;11/02/2026
"HAFFNER ENERGY";FR0014007ND6;ALHAF;"Euronext Growth Paris";EUR;0,0361;0,0361;0,0325;0,0325;"11/02/2026 17:35";CET;1366211;46367,12;0,0325;11/02/2026
"HAFFNER ENERGY BSA";FR001400Y4X9;HAFBS;"Euronext Growth Paris";EUR;0,005;0,006;0,005;0,006;"11/02/2026 14:35";CET;78551;470,66;0,006;11/02/2026
"HAFNIA LIMITED";SGXZ53070850;HAFNI;"Oslo Børs";NOK;62,50;63,50;61,76;62,48;"11/02/2026 16:29";CET;594293;37185974,68;62,48;11/02/2026
HAIKI+;IT0005628778;HIK;"Euronext Growth Milan";EUR;0,582;0,588;0,571;0,588;"11/02/2026 17:35";CET;112471;65460,12;0,588;11/02/2026
"HAL TRUST";BMG455841020;HAL;"Euronext Amsterdam";EUR;162,60;162,60;160,20;162,00;"11/02/2026 17:35";CET;23590;3801459,60;162,00;11/02/2026
HALLIBURTON;US4062161017;4HAL;EuroTLX;EUR;21,12;21,12;21,12;21,12;"25/09/2025 16:24";CET;1200;25344,00;29,41;11/02/2026
HALLIBURTON;US4062161017;2HAL;"Trading After Hours";EUR;29,745;29,745;29,745;29,745;"06/02/2026 18:48";CET;4;118,98;29,405;11/02/2026
HALLIBURTON;US4062161017;1HAL;"Euronext Global Equity Market";EUR;28,34;29,435;28,34;29,435;"11/02/2026 15:46";CET;8;231,10;29,405;11/02/2026
"HALOZYME THERAPEUT";US40637H1095;1HALO;"Euronext Global Equity Market";EUR;68,76;68,76;68,76;68,76;"09/02/2026 16:50";CET;20;1375,20;67,20;11/02/2026
"HAMILTON GLOBAL OP";GB00BMDXQ672;ALHGO;"Euronext Growth Paris";EUR;43,00;43,00;43,00;43,00;"11/02/2026 09:00";CET;1;43,00;43,00;11/02/2026
"HAMMERSON PLC";GB00BRJQ8J25;HMSO;"Euronext Dublin";GBP;2,85;2,85;2,758;2,758;"21/05/2025 16:44";IST;6640;18773,12;2,6785;11/02/2026
"HANNOVER RUCK";DE0008402215;2HANN;"Trading After Hours";EUR;-;-;-;-;-;CET;-;-;-;-
"HANNOVER RUCK";DE0008402215;1HANN;"Euronext Global Equity Market";EUR;238,40;238,40;238,40;238,40;"14/01/2026 15:05";CET;10;2384,00;228,20;11/02/2026
HAPAG-LLOYD;DE000HLAG475;1HLAG;"Euronext Global Equity Market";EUR;118,60;121,50;118,60;121,50;"10/02/2026 14:36";CET;207;24840,20;119,00;11/02/2026
HAPAG-LLOYD;DE000HLAG475;2HLAG;"Trading After Hours";EUR;132,40;135,00;132,40;135,00;"10/07/2025 18:42";CET;150;20094,00;119,00;11/02/2026
HAPAG-LLOYD;DE000HLAG475;4HLAG;EuroTLX;EUR;118,30;118,30;118,30;118,30;"21/01/2026 09:39";CET;7;828,10;118,90;11/02/2026
HARLEY-DAVIDSON;US4128221086;1HOG;"Euronext Global Equity Market";EUR;17,435;17,435;15,34;17,40;"10/02/2026 17:15";CET;2878;46565,07;17,355;11/02/2026
HARLEY-DAVIDSON;US4128221086;2HOG;"Trading After Hours";EUR;23,65;23,65;23,65;23,65;"30/09/2025 18:44";CET;15;354,75;17,355;11/02/2026
HARLEY-DAVIDSON;US4128221086;4HOG;EuroTLX;EUR;17,665;17,665;17,665;17,665;"19/01/2026 17:12";CET;19;335,64;17,37;11/02/2026
"Hartford Finan";US4165151048;1HIG;"Euronext Global Equity Market";EUR;114,00;114,00;114,00;114,00;"15/01/2026 13:00";CET;7;798,00;118,00;11/02/2026
HASBRO;US4180561072;2HAS;"Trading After Hours";EUR;41,75;41,75;41,75;41,75;"28/11/2023 18:40";CET;10;417,50;89,44;11/02/2026
HASBRO;US4180561072;4HAS;EuroTLX;EUR;65,37;65,37;65,37;65,37;"03/10/2025 16:29";CET;45;2941,65;89,39;11/02/2026
HASBRO;US4180561072;1HAS;"Euronext Global Equity Market";EUR;87,26;88,19;87,26;88,19;"11/02/2026 16:06";CET;114;9960,66;89,44;11/02/2026
"HAUGESUND SPB";NO0010764053;HGSB;"Oslo Børs";NOK;164,80;165,78;160,02;160,02;"11/02/2026 16:17";CET;456;75441,24;160,02;11/02/2026
"HAULOTTE GROUP";FR0000066755;PIG;"Euronext Paris";EUR;2,27;2,46;2,26;2,35;"11/02/2026 16:20";CET;31085;73543,04;2,35;11/02/2026
"HAV GROUP";NO0010931918;HAV;"Euronext Growth Oslo";NOK;10,05;10,05;9,76;9,82;"11/02/2026 13:22";CET;24690;244254,37;9,82;11/02/2026
HAVAS;NL0015002K83;HAVAS;"Euronext Amsterdam";EUR;15,666;15,698;14,72;14,724;"11/02/2026 17:37";CET;159785;2387698,91;14,724;11/02/2026
"HAVILA KYSTRUTEN";NO0013696799;HKY;"Euronext Growth Oslo";NOK;53,40;53,40;53,40;53,40;"11/02/2026 09:00";CET;8;427,20;53,40;11/02/2026
"HAVILA SHIPPING";NO0010257728;HAVI;"Oslo Børs";NOK;0,914;0,988;0,914;0,978;"11/02/2026 16:25";CET;83331;80774,84;0,978;11/02/2026
"HAWICK DATA NV";NL0010556726;HWK;"Euronext Amsterdam";EUR;2,20;2,20;2,20;2,20;"10/02/2026 11:30";CET;975;2145,00;2,20;11/02/2026
HCA-HEALTHCARE;US40412C1018;1HCA;"Euronext Global Equity Market";EUR;405,70;407,20;405,70;407,20;"30/01/2026 16:40";CET;11;4470,20;437,40;11/02/2026
HCA-HEALTHCARE;US40412C1018;4HCA;EuroTLX;EUR;408,80;408,80;408,80;408,80;"31/10/2025 11:11";CET;1;408,80;437,30;11/02/2026
HCA-HEALTHCARE;US40412C1018;2HCA;"Trading After Hours";EUR;438,70;438,70;438,70;438,70;"28/11/2025 18:25";CET;1;438,70;437,40;11/02/2026
HDF;FR0014003VY4;HDF;"Euronext Paris";EUR;3,49;3,50;3,34;3,41;"11/02/2026 17:19";CET;10468;35766,59;3,41;11/02/2026
"HEALTH ITALIA";IT0005585861;HI;"Euronext Growth Milan";EUR;298,00;298,00;298,00;298,00;"11/02/2026 17:00";CET;282;84036,00;298,00;11/02/2026
"HEALTHCARE ACTIVOS";ES0105498002;MLHAY;"Euronext Access Paris";EUR;1,28141;1,28141;1,28141;1,28141;"30/09/2020 00:00";CET;-;-;1,40;11/02/2026
"HECLA MINING";US4227041062;2HL;"Trading After Hours";EUR;18,845;18,845;18,50;18,50;"04/02/2026 20:00";CET;242;4487,32;19,31;11/02/2026
"HECLA MINING";US4227041062;4HL;EuroTLX;EUR;19,835;19,835;19,835;19,835;"10/02/2026 10:08";CET;329;6525,72;19,31;11/02/2026
"HECLA MINING";US4227041062;1HL;"Euronext Global Equity Market";EUR;19,91;20,24;19,185;19,28;"11/02/2026 17:22";CET;5538;109955,49;19,31;11/02/2026
"HEIDELBERG MAT";DE0006047004;4HEI;EuroTLX;EUR;212,70;212,70;212,70;212,70;"11/02/2026 16:24";CET;60;12762,00;213,80;11/02/2026
"HEIDELBERG MAT";DE0006047004;1HEI;"Euronext Global Equity Market";EUR;214,80;216,60;213,80;213,80;"11/02/2026 16:42";CET;400;86012,80;213,80;11/02/2026
"HEIDELBERG MAT";DE0006047004;2HEI;"Trading After Hours";EUR;227,30;227,30;227,30;227,30;"12/01/2026 18:36";CET;10;2273,00;213,80;11/02/2026
"HEIJMANS KON";NL0009269109;HEIJM;"Euronext Amsterdam";EUR;71,05;72,25;70,60;70,60;"11/02/2026 17:35";CET;52984;3764446,24;70,60;11/02/2026
HEINEKEN;NL0000009165;4HEIA;EuroTLX;EUR;73,48;73,48;73,48;73,48;"06/02/2026 17:24";CET;5;367,40;77,74;11/02/2026
HEINEKEN;NL0000009165;2HEIA;"Trading After Hours";EUR;69,22;69,56;69,22;69,56;"09/01/2025 18:06";CET;100;6932,20;77,86;11/02/2026
HEINEKEN;NL0000009165;HEIA;"Euronext Amsterdam";EUR;75,50;78,66;75,30;77,86;"11/02/2026 17:36";CET;2096688;162660425,30;77,86;11/02/2026
"HEINEKEN HOLDING";NL0000008977;HEIO;"Euronext Amsterdam";EUR;66,60;70,30;66,60;70,00;"11/02/2026 17:35";CET;359367;25011222,69;70,00;11/02/2026
"Hella KGaA";DE000A13SX22;1HLE;"Euronext Global Equity Market";EUR;85,10;87,00;85,10;87,00;"07/11/2025 17:13";CET;14;1204,70;86,10;11/02/2026
HELLOFRESH;DE000A161408;1HFG;"Euronext Global Equity Market";EUR;6,05;6,164;6,05;6,164;"09/02/2026 16:41";CET;177;1079,63;5,518;11/02/2026
HELLOFRESH;DE000A161408;4HFG;EuroTLX;EUR;6,154;6,166;6,154;6,166;"09/02/2026 16:41";CET;1508;9280,35;5,53;11/02/2026
HELLOFRESH;DE000A161408;2HFG;"Trading After Hours";EUR;7,888;7,888;7,888;7,888;"14/10/2025 19:44";CET;400;3155,20;5,518;11/02/2026
"HELVETIA BALOISE H";CH0466642201;1HELN;"Euronext Global Equity Market";EUR;208,00;210,00;208,00;210,00;"26/01/2026 16:44";CET;22;4596,00;210,00;11/02/2026
"HELYX INDUSTRIES";IT0005451213;HLX;"Euronext Growth Milan";EUR;0,78;0,796;0,766;0,776;"11/02/2026 17:00";CET;80000;62416,00;0,776;11/02/2026
"Hemnet Group";SE0015671995;1HEM;"Euronext Global Equity Market";EUR;13,11;13,11;13,11;13,11;"09/02/2026 13:54";CET;150;1966,50;13,16;11/02/2026
HENKEL;DE0006048408;4HEN;EuroTLX;EUR;72,55;72,55;72,55;72,55;"06/02/2026 11:01";CET;20;1451,00;75,55;11/02/2026
HENKEL;DE0006048408;1HEN;"Euronext Global Equity Market";EUR;74,60;74,60;74,60;74,60;"11/02/2026 09:00";CET;16;1193,60;75,55;11/02/2026
HENKEL;DE0006048408;2HEN;"Trading After Hours";EUR;61,60;61,60;60,25;60,25;"23/09/2025 20:23";CET;170;10350,50;75,55;11/02/2026
"HENKEL VZ";DE0006048432;4HEN3;EuroTLX;EUR;70,42;70,42;70,42;70,42;"16/12/2025 14:38";CET;100;7042,00;81,80;11/02/2026
"HENKEL VZ";DE0006048432;2HEN3;"Trading After Hours";EUR;68,14;68,14;67,42;67,42;"19/11/2025 19:36";CET;2;135,56;81,88;11/02/2026
"HENKEL VZ";DE0006048432;1HEN3;"Euronext Global Equity Market";EUR;81,46;81,90;81,46;81,90;"11/02/2026 10:32";CET;27;2206,44;81,88;11/02/2026
"Hennes & Mauritz";SE0000106270;1HMB;"Euronext Global Equity Market";EUR;16,47;16,47;16,47;16,47;"21/01/2026 09:00";CET;225;3705,75;18,33;11/02/2026
"Henry Schein Inc";US8064071025;1HSIC;"Euronext Global Equity Market";EUR;57,92;57,92;57,92;57,92;"05/08/2025 15:04";CET;59;3417,28;66,76;11/02/2026
HENSOLDT;DE000HAG0005;2HENS;"Trading After Hours";EUR;77,65;77,65;77,65;77,65;"02/02/2026 18:05";CET;7;543,55;79,40;11/02/2026
HENSOLDT;DE000HAG0005;1HENS;"Euronext Global Equity Market";EUR;81,50;81,50;79,90;79,90;"10/02/2026 11:54";CET;25;2013,50;79,40;11/02/2026
HERA;IT0001250932;HER;"Euronext Milan";EUR;4,196;4,324;4,186;4,306;"11/02/2026 17:36";CET;3804466;16283958,68;4,306;11/02/2026
HERA;IT0001250932;2HER;"Trading After Hours";EUR;4,30;4,358;4,252;4,33;"11/02/2026 19:11";CET;6462;27588,62;4,27;11/02/2026
HERIGE;FR0000066540;ALHRG;"Euronext Growth Paris";EUR;21,30;22,00;21,20;22,00;"11/02/2026 17:35";CET;383;8266,30;22,00;11/02/2026
"HERMANA HOLDING";NO0013401380;HERMA;"Oslo Børs";NOK;17,90;18,05;17,90;17,90;"11/02/2026 16:04";CET;19497;349078,80;17,90;11/02/2026
"HERMES INTERN";FR0000052292;4RMS;EuroTLX;EUR;2127,00;2127,00;2127,00;2127,00;"11/02/2026 13:56";CET;1;2127,00;2127,00;11/02/2026
"HERMES INTL";FR0000052292;2RMS;"Trading After Hours";EUR;1978,50;1978,50;1978,50;1978,50;"24/07/2024 19:19";CET;1;1978,50;2120,00;11/02/2026
"HERMES INTL";FR0000052292;RMS;"Euronext Paris";EUR;2115,00;2140,00;2102,00;2120,00;"11/02/2026 17:35";CET;55669;118191254,50;2120,00;11/02/2026
"Hershey Co/The";US4278661081;1HSY;"Euronext Global Equity Market";EUR;194,70;194,70;194,70;194,70;"09/02/2026 15:23";CET;39;7593,30;198,90;11/02/2026
"HEWLETT PACKARD EN";US42824C1099;4HPE;EuroTLX;EUR;21,36;21,36;21,36;21,36;"16/09/2025 12:03";CET;12;256,32;20,02;11/02/2026
"HEWLETT PACKARD EN";US42824C1099;1HPE;"Euronext Global Equity Market";EUR;20,165;20,165;20,085;20,085;"09/02/2026 17:12";CET;146;2933,21;20,02;11/02/2026
"HEWLETT PACKARD EN";US42824C1099;2HPE;"Trading After Hours";EUR;17,59;17,59;17,59;17,59;"20/01/2026 18:25";CET;400;7036,00;20,02;11/02/2026
"Hexagon AB";SE0015961909;1HEXA;"Euronext Global Equity Market";EUR;9,252;9,252;9,252;9,252;"10/02/2026 17:19";CET;10;92,52;9,048;11/02/2026
"HEXAGON COMPOSITES";NO0003067902;HEX;"Oslo Børs";NOK;8,61;8,65;8,30;8,41;"11/02/2026 16:25";CET;1502575;12658676,96;8,41;11/02/2026
"HEXAGON PURUS";NO0010904923;HPUR;"Oslo Børs";NOK;1,35;1,376;1,214;1,282;"11/02/2026 16:25";CET;832543;1083326,77;1,282;11/02/2026
HEXAOM;FR0004159473;ALHEX;"Euronext Growth Paris";EUR;36,20;36,50;35,80;36,40;"11/02/2026 17:15";CET;4316;156253,10;36,40;11/02/2026
Hexpol;SE0007074281;1HPOL;"Euronext Global Equity Market";EUR;7,515;7,62;7,515;7,62;"11/02/2026 11:13";CET;210;1579,20;7,415;11/02/2026
"HF COMPANY";FR0000038531;ALHF;"Euronext Growth Paris";EUR;4,23;4,23;4,21;4,23;"11/02/2026 17:00";CET;472;1993,34;4,23;11/02/2026
"HF SINCLAIR CORP";US4039491000;1DINO;"Euronext Global Equity Market";EUR;-;-;-;-;-;CET;-;-;-;-
HHLA;DE000A0S8488;4HHFA;EuroTLX;EUR;21,30;21,30;21,30;21,30;"19/09/2025 11:21";CET;12;255,60;23,10;11/02/2026
"HIAB CORPORATION";FI4000571013;1HIAB;"Euronext Global Equity Market";EUR;50,70;51,50;50,70;51,50;"09/01/2026 16:10";CET;152;7769,60;51,30;11/02/2026
"HIGH CO";FR0000054231;HCO;"Euronext Paris";EUR;3,65;3,65;3,57;3,59;"11/02/2026 17:35";CET;21886;78886,64;3,59;11/02/2026
"HIGH QUALITY FOOD";IT0005450694;HQF;"Euronext Growth Milan";EUR;0,59;0,59;0,57;0,57;"11/02/2026 16:24";CET;15000;8677,50;0,57;11/02/2026
"HILTON WORLDWIDE H";US43300A2033;2HLT;"Trading After Hours";EUR;187,60;187,60;187,60;187,60;"11/03/2024 20:06";CET;3;562,80;274,10;11/02/2026
"HILTON WORLDWIDE H";US43300A2033;4HLT;EuroTLX;EUR;252,70;252,70;252,70;252,70;"09/01/2026 11:19";CET;1;252,70;273,60;11/02/2026
"HILTON WORLDWIDE H";US43300A2033;1HLT;"Euronext Global Equity Market";EUR;261,80;261,80;261,80;261,80;"05/02/2026 16:25";CET;2;523,60;274,10;11/02/2026
"HIMALAYA SHIPPING";BMG4660A1036;HSHP;"Oslo Børs";NOK;107,60;111,40;104,60;110,00;"11/02/2026 16:25";CET;342507;37075879,40;110,00;11/02/2026
"HIPAY GROUP";FR0012821916;ALHYP;"Euronext Growth Paris";EUR;5,40;5,66;5,40;5,42;"11/02/2026 11:24";CET;174;968,78;5,42;11/02/2026
HITECHPROS;FR0010396309;ALHIT;"Euronext Growth Paris";EUR;14,10;14,10;14,00;14,00;"11/02/2026 16:57";CET;719;10101,10;14,00;11/02/2026
HK;DE000A11Q133;MLHK;"Euronext Access Paris";EUR;30,00;31,00;30,00;31,00;"11/02/2026 17:08";CET;2630;79693,00;31,00;11/02/2026
"HOCHE BAINS L.BAIN";FR0000051302;MLHBB;"Euronext Access Paris";EUR;64,00;64,00;64,00;64,00;"22/01/2026 11:30";CET;10;640,00;64,00;11/02/2026
HOCHTIEF;DE0006070006;4HOT;EuroTLX;EUR;252,60;264,80;252,60;258,00;"06/10/2025 10:40";CET;143;37387,40;373,60;11/02/2026
HOCHTIEF;DE0006070006;1HOT;"Euronext Global Equity Market";EUR;368,20;368,20;368,20;368,20;"09/02/2026 14:42";CET;100;36820,00;373,60;11/02/2026
HOCHTIEF;DE0006070006;2HOT;"Trading After Hours";EUR;348,20;348,20;348,20;348,20;"15/12/2025 18:25";CET;2;696,40;373,60;11/02/2026
HOFFMANN;FR0013451044;ALHGR;"Euronext Growth Paris";EUR;4,70;4,72;4,64;4,655;"11/02/2026 17:35";CET;10425;48805,88;4,655;11/02/2026
"HOFSETH BIOCARE";NO0010598683;HBC;"Oslo Børs";NOK;1,32;1,34;1,32;1,34;"11/02/2026 11:44";CET;11600;15404,00;1,34;11/02/2026
Holcim;CH0012214059;1HOLN;"Euronext Global Equity Market";EUR;84,00;84,00;84,00;84,00;"10/02/2026 09:28";CET;25;2100,00;85,00;11/02/2026
"HOLLAND COLOURS";NL0000440311;HOLCO;"Euronext Amsterdam";EUR;87,00;88,00;86,00;88,00;"10/02/2026 14:01";CET;410;35298,00;88,00;11/02/2026
Holmen;SE0011090018;1HOLM;"Euronext Global Equity Market";EUR;33,00;33,00;33,00;33,00;"08/01/2026 09:32";CET;30;990,00;34,54;11/02/2026
"Hologic Inc";US4364401012;1HOLX;"Euronext Global Equity Market";EUR;63,50;63,50;63,50;63,50;"24/10/2025 16:59";CET;45;2857,50;63,50;11/02/2026
"HOME CONCEPT";FR0012336691;MLHCF;"Euronext Access Paris";EUR;16,40;16,40;16,40;16,40;"06/11/2025 11:35";CET;10;164,00;16,40;11/02/2026
"HOME DEPOT";US4370761029;1HD;"Euronext Global Equity Market";EUR;323,80;324,60;323,80;324,05;"10/02/2026 16:24";CET;27;8757,90;326,20;11/02/2026
"HOME DEPOT";US4370761029;2HD;"Trading After Hours";EUR;325,15;325,15;325,15;325,15;"05/02/2026 20:27";CET;22;7153,30;326,20;11/02/2026
"HOME DEPOT";US4370761029;4HD;EuroTLX;EUR;338,95;339,45;338,95;339,45;"17/10/2025 17:12";CET;225;76326,25;326,10;11/02/2026
"HOME INVEST BE.";BE0974409410;HOMI;"Euronext Brussels";EUR;18,68;18,68;18,40;18,50;"11/02/2026 17:35";CET;9782;181184,56;18,50;11/02/2026
HOMIZY;IT0005468662;HZY;"Euronext Growth Milan";EUR;3,88;3,88;3,88;3,88;"07/11/2024 17:35";CET;12000;46560,00;-;-
"HONEYWELL INTERN";US4385161066;4HON;EuroTLX;EUR;170,30;170,30;167,00;167,00;"22/12/2025 12:17";CET;91;15203,60;203,50;11/02/2026
"HONEYWELL INTERN";US4385161066;1HON;"Euronext Global Equity Market";EUR;205,45;207,40;203,20;207,40;"11/02/2026 14:35";CET;3;616,05;202,90;11/02/2026
"HONEYWELL INTERN";US4385161066;2HON;"Trading After Hours";EUR;179,18;179,18;179,18;179,18;"09/01/2026 18:00";CET;5;895,90;202,90;11/02/2026
HOPENING;FR0010312181;MLHPE;"Euronext Access Paris";EUR;5,50;5,50;5,50;5,50;"11/02/2026 16:30";CET;34;187,00;5,50;11/02/2026
HOPIUM;FR0014010QE1;ALHPI;"Euronext Growth Paris";EUR;0,005;0,0051;0,0049;0,0051;"11/02/2026 17:19";CET;1642572;8238,83;0,0051;11/02/2026
"HOPSCOTCH GROUPE";FR0000065278;ALHOP;"Euronext Growth Paris";EUR;12,60;13,00;12,60;13,00;"11/02/2026 14:54";CET;857;11083,35;13,00;11/02/2026
"Hormel Foods Corp";US4404521001;1HRL;"Euronext Global Equity Market";EUR;20,86;20,86;20,86;20,86;"03/02/2026 13:03";CET;100;2086,00;20,22;11/02/2026
"HOSTELWORLD GROUP";GB00BYYN4225;HSW;"Euronext Dublin";EUR;1,34;1,34;1,34;1,34;"11/02/2026 21:00";IST;500;670,00;1,34;11/02/2026
"HOT.MAJESTIC CANNE";FR0006226791;MLHMC;"Euronext Access Paris";EUR;6350,00;6350,00;6350,00;6350,00;"30/01/2026 16:30";CET;3;19050,00;6350,00;11/02/2026
"HOTELES BESTPRICE";ES0105664009;MLHBP;"Euronext Access Paris";EUR;3,20;3,20;3,20;3,20;"30/01/2026 16:30";CET;25;80,00;3,20;11/02/2026
HOTELIM;FR0000053738;MLHOT;"Euronext Access Paris";EUR;47,40;47,40;47,40;47,40;"11/02/2026 16:30";CET;163;7726,20;47,40;11/02/2026
"HOTELS DE PARIS";FR0004165801;HDP;"Euronext Paris";EUR;1,73;1,73;1,73;1,73;"11/02/2026 16:30";CET;566;979,18;1,73;11/02/2026
HOTL.IMMOB.NICE;FR0006563904;MLHIN;"Euronext Access Paris";EUR;216,00;216,00;216,00;216,00;"11/02/2026 16:33";CET;4;864,00;216,00;11/02/2026
"Howmet Aerospace";US4432011082;1HWM;"Euronext Global Equity Market";EUR;187,05;187,05;187,05;187,05;"11/02/2026 13:17";CET;16;2992,80;195,45;11/02/2026
HP;US40434L1052;2HPQ;"Trading After Hours";EUR;16,608;16,608;16,608;16,608;"21/01/2026 18:04";CET;180;2989,44;16,636;11/02/2026
HP;US40434L1052;4HPQ;EuroTLX;EUR;23,33;23,33;23,33;23,33;"06/11/2025 09:26";CET;550;12831,50;16,69;11/02/2026
HP;US40434L1052;1HPQ;"Euronext Global Equity Market";EUR;16,928;16,928;16,696;16,696;"11/02/2026 15:41";CET;1100;18388,80;16,636;11/02/2026
"HUBSPOT INC";US4435731009;1HUBS;"Euronext Global Equity Market";EUR;195,40;200,10;195,40;200,10;"10/02/2026 17:13";CET;8;1586,70;173,90;11/02/2026
"HUDDLESTOCK FINTEC";NO0010859648;HUDL;"Euronext Growth Oslo";NOK;0,63;0,63;0,592;0,60;"11/02/2026 16:25";CET;154595;92850,85;0,60;11/02/2026
HUDDLY;NO0013470534;HDLY;"Euronext Growth Oslo";NOK;25,00;25,00;23,00;23,00;"11/02/2026 16:25";CET;4098;100332,20;23,00;11/02/2026
"HUGO BOSS";DE000A1PHFF7;4BOSS;EuroTLX;EUR;34,37;34,37;34,37;34,37;"03/12/2025 14:42";CET;50;1718,50;36,62;11/02/2026
"HUGO BOSS";DE000A1PHFF7;2BOSS;"Trading After Hours";EUR;36,27;36,27;36,27;36,27;"12/01/2026 19:05";CET;28;1015,56;36,65;11/02/2026
"HUGO BOSS";DE000A1PHFF7;1BOSS;"Euronext Global Equity Market";EUR;36,63;36,63;36,58;36,58;"11/02/2026 17:16";CET;51;1865,63;36,65;11/02/2026
"Huhtamaki Oyj";FI0009000459;1HUH;"Euronext Global Equity Market";EUR;32,40;32,40;32,40;32,40;"11/06/2025 09:00";CET;15;486,00;32,98;11/02/2026
"Humana Inc";US4448591028;1HUM;"Euronext Global Equity Market";EUR;152,70;152,70;143,45;143,45;"11/02/2026 15:17";CET;144;21054,00;150,45;11/02/2026
"HUNTER GROUP";NO0012953720;HUNT;"Euronext Expand Oslo";NOK;2,645;2,74;2,635;2,69;"11/02/2026 16:28";CET;1336546;3585621,57;2,69;11/02/2026
"HUNTINGTON BANCSH";US4461501045;2HU3;"Trading After Hours";EUR;14,776;14,776;14,776;14,776;"23/09/2025 18:30";CET;1158;17110,61;15,352;11/02/2026
"HUNTINGTON BANCSH";US4461501045;1HU3;"Euronext Global Equity Market";EUR;15,764;15,764;15,764;15,764;"05/02/2026 09:12";CET;68;1071,95;15,352;11/02/2026
"HUNTINGTON BANCSH";US4461501045;4HU3;EuroTLX;EUR;15,346;15,346;15,346;15,346;"11/09/2025 15:04";CET;3;46,04;15,366;11/02/2026
"Huntington Ing";US4464131063;1HII;"Euronext Global Equity Market";EUR;339,80;339,80;339,80;339,80;"11/02/2026 09:00";CET;50;16990,00;330,50;11/02/2026
HUNYVERS;FR0014007LQ2;ALHUN;"Euronext Growth Paris";EUR;7,30;7,30;7,30;7,30;"11/02/2026 09:08";CET;125;912,50;7,30;11/02/2026
Husqvarna;SE0001662230;1HUSQ;"Euronext Global Equity Market";EUR;4,147;4,147;4,147;4,147;"03/11/2025 09:00";CET;50;207,35;4,262;11/02/2026
"HUT 8 CORP. O.N.";US44812J1043;2HUT;"Trading After Hours";EUR;53,20;53,20;53,20;53,20;"28/01/2026 20:19";CET;100;5320,00;44,70;11/02/2026
"HUT 8 CORP. O.N.";US44812J1043;1HUT;"Euronext Global Equity Market";EUR;49,05;49,05;49,05;49,05;"10/02/2026 09:00";CET;15;735,75;44,70;11/02/2026
"HYBRID SOFTWARE GR";GB00BYN5BY03;HYSG;"Euronext Brussels";EUR;3,86;3,86;3,86;3,86;"11/02/2026 11:32";CET;376;1451,36;3,86;11/02/2026
HYDRATEC;NL0009391242;HYDRA;"Euronext Amsterdam";EUR;189,00;189,00;189,00;189,00;"10/02/2026 11:30";CET;1;189,00;189,00;11/02/2026
HYDRAULIQUEHOLDING;FR0000064735;MLHYD;"Euronext Access Paris";EUR;760,00;760,00;760,00;760,00;"30/01/2026 11:30";CET;2;1520,00;760,00;11/02/2026
HYDRO-EXPLOIT.;FR0005843125;MLHYE;"Euronext Access Paris";EUR;125,00;125,00;125,00;125,00;"23/10/2025 11:30";CET;2;250,00;-;-
"HYDROGEN REFUELING";FR0014001PM5;ALHRS;"Euronext Growth Paris";EUR;1,51;1,55;1,47;1,47;"11/02/2026 17:36";CET;63494;94982,24;1,47;11/02/2026
HYDROGENPRO;NO0010892359;HYPRO;"Oslo Børs";NOK;1,694;1,75;1,68;1,702;"11/02/2026 16:25";CET;109152;186898,16;1,702;11/02/2026
HYLORIS;BE0974363955;HYL;"Euronext Brussels";EUR;7,42;7,60;7,42;7,54;"11/02/2026 16:20";CET;5663;42624,34;7,54;11/02/2026
HYNION;NO0010920945;HYN;"Euronext Growth Oslo";NOK;0,0198;0,0198;0,0178;0,0196;"16/01/2026 16:27";CET;943571;17880,98;0,0196;11/02/2026
"Hypoport SE";DE0005493365;1HYQ;"Euronext Global Equity Market";EUR;177,20;177,20;177,20;177,20;"11/08/2025 09:24";CET;68;12049,60;93,70;11/02/2026
"HÖEGH AUTOLINERS";NO0011082075;HAUTO;"Oslo Børs";NOK;108,50;111,80;107,50;111,20;"11/02/2026 16:25";CET;501189;55102404,10;111,20;11/02/2026
"HØLAND OG SETSKOG";NO0010012636;HSPG;"Oslo Børs";NOK;148,00;150,00;148,00;150,00;"06/02/2026 16:03";CET;415;62233,96;150,00;11/02/2026
"I GRANDI VIAGGI";IT0005108219;IGV;"Euronext Milan";EUR;2,45;2,45;2,39;2,39;"11/02/2026 16:04";CET;9264;22490,55;2,39;11/02/2026
I.CO.P.;IT0001214433;ICOP;"Euronext Growth Milan";EUR;19,90;20,40;19,90;20,40;"11/02/2026 17:35";CET;8750;176762,50;20,40;11/02/2026
I.M.D.;IT0005549255;IMD;"Euronext Growth Milan";EUR;1,39;1,42;1,39;1,42;"11/02/2026 14:55";CET;3750;5302,50;1,42;11/02/2026
I2S;FR0005854700;ALI2S;"Euronext Growth Paris";EUR;6,45;6,45;6,45;6,45;"06/02/2026 16:30";CET;88;567,60;6,45;11/02/2026
"IAC INC";US44891N2080;1IAC;"Euronext Global Equity Market";EUR;34,47;34,47;34,47;34,47;"15/01/2026 15:45";CET;50;1723,50;29,30;11/02/2026
"IANTE INVESTMENTS";ES0105479002;MLINT;"Euronext Access Paris";EUR;4,62;4,62;4,62;4,62;"20/05/2022 16:30";CET;700;3234,00;4,62;11/02/2026
IBA;BE0003766806;IBAB;"Euronext Brussels";EUR;15,32;15,34;15,12;15,20;"11/02/2026 17:35";CET;30427;463145,48;15,20;11/02/2026
IBERDROLA;ES0144580Y14;1IBE;"Euronext Global Equity Market";EUR;19,805;20,00;19,705;19,97;"11/02/2026 16:48";CET;4974;98908,78;20,04;11/02/2026
IBERDROLA;ES0144580Y14;4IBE;EuroTLX;EUR;19,785;19,785;19,785;19,785;"11/02/2026 11:30";CET;15;296,78;20,04;11/02/2026
IBERDROLA;ES0144580Y14;2IBE;"Trading After Hours";EUR;17,835;17,835;17,835;17,835;"20/01/2026 18:22";CET;195;3477,83;20,04;11/02/2026
IBERSOL,SGPS;PTIBS0AM0008;IBS;"Euronext Lisbon";EUR;11,10;11,25;11,10;11,10;"11/02/2026 22:35";BST;13091;145857,00;11,10;11/02/2026
IBM;US4592001014;2IBM;"Trading After Hours";EUR;242,60;242,60;242,60;242,60;"03/02/2026 19:01";CET;10;2426,00;237,45;11/02/2026
IBM;US4592001014;1IBM;"Euronext Global Equity Market";EUR;244,90;246,75;238,00;238,00;"11/02/2026 17:20";CET;132;31925,85;237,45;11/02/2026
IBM;US4592001014;4IBM;EuroTLX;EUR;244,70;244,70;244,70;244,70;"06/02/2026 15:10";CET;10;2447,00;237,50;11/02/2026
ICADE;FR0000035081;2ICAD;"Trading After Hours";EUR;-;-;-;-;-;CET;-;-;-;-
ICADE;FR0000035081;ICAD;"Euronext Paris";EUR;22,02;22,06;21,54;21,54;"11/02/2026 17:35";CET;108267;2355848,61;21,54;11/02/2026
"ICAPE HOLDING";FR001400A3Q3;ALICA;"Euronext Growth Paris";EUR;6,64;6,64;6,50;6,50;"11/02/2026 17:35";CET;1395;9138,43;6,50;11/02/2026
"ICELANDIC SALMON";NO0010724701;ISLAX;"Euronext Growth Oslo";NOK;76,60;79,20;75,80;76,60;"11/02/2026 16:28";CET;3930;300827,40;76,60;11/02/2026
"ID LOGISTICS GROUP";FR0010929125;IDL;"Euronext Paris";EUR;412,00;412,00;396,50;404,00;"11/02/2026 17:35";CET;4178;1686016,25;404,00;11/02/2026
"IDEX BIOMETRICS";NO0013536078;IDEX;"Oslo Børs";NOK;5,60;5,999;5,60;5,848;"11/02/2026 16:25";CET;55093;319234,70;5,848;11/02/2026
"IDEX Corp";US45167R1041;1IEX;"Euronext Global Equity Market";EUR;167,35;167,35;160,50;160,50;"13/01/2026 16:00";CET;4;655,70;170,00;11/02/2026
"IDEXX Lab";US45168D1046;1IDXX;"Euronext Global Equity Market";EUR;547,20;547,20;547,20;547,20;"06/02/2026 10:29";CET;9;4924,80;540,00;11/02/2026
IDI;FR0000051393;IDIP;"Euronext Paris";EUR;73,40;73,60;73,40;73,40;"11/02/2026 17:35";CET;265;19458,80;73,40;11/02/2026
IDNTT;CH1118852594;IDNTT;"Euronext Growth Milan";EUR;2,72;2,72;2,64;2,64;"09/02/2026 11:03";CET;2000;5360,00;2,64;11/02/2026
IDS;FR0000079691;MLIDS;"Euronext Access Paris";EUR;0,432;0,47;0,432;0,47;"09/02/2026 16:30";CET;1987;859,14;0,47;11/02/2026
"IEP INVEST";BE0003748622;IEP;"Euronext Brussels";EUR;5,05;5,05;5,05;5,05;"11/02/2026 14:36";CET;45;227,25;5,05;11/02/2026
"IES HOLDINGS INC";US44951W1062;1IESC;"Euronext Global Equity Market";EUR;297,00;297,00;297,00;297,00;"23/10/2025 09:00";CET;3;891,00;437,00;11/02/2026
IGD;IT0005322612;IGD;"Euronext Milan";EUR;3,74;3,74;3,635;3,695;"11/02/2026 17:35";CET;172053;632560,47;3,695;11/02/2026
"IGIS NEPTUNE";ES0105551008;MLABC;"Euronext Access Paris";EUR;11,43;11,43;11,43;11,43;"31/08/2021 00:00";CET;-;-;9,80;11/02/2026
IKONISYS;FR00140048X2;ALIKO;"Euronext Growth Paris";EUR;1,55;1,64;1,55;1,59;"11/02/2026 17:35";CET;23433;37292,88;1,59;11/02/2026
ILLA;IT0005578395;ILLA;"Euronext Growth Milan";EUR;0,0001;0,0001;0,0001;0,0001;"07/06/2024 16:49";CET;102260000;10226,00;0,0002;11/02/2026
"Illinois Tool W";US4523081093;1ITW;"Euronext Global Equity Market";EUR;246,00;246,00;246,00;246,00;"11/02/2026 12:06";CET;17;4182,00;251,20;11/02/2026
ILLUMINA;US4523271090;4ILMN;EuroTLX;EUR;65,50;65,50;65,50;65,50;"22/04/2025 09:00";CET;17;1113,50;99,70;11/02/2026
ILLUMINA;US4523271090;1ILMN;"Euronext Global Equity Market";EUR;102,10;102,10;98,84;98,84;"09/02/2026 15:33";CET;14;1401,88;99,53;11/02/2026
ILLUMINA;US4523271090;2ILMN;"Trading After Hours";EUR;99,21;99,21;99,21;99,21;"09/02/2026 19:12";CET;30;2976,30;99,53;11/02/2026
ILPRA;IT0005359101;ILP;"Euronext Growth Milan";EUR;5,45;5,50;5,45;5,50;"11/02/2026 14:58";CET;36000;197970,00;5,50;11/02/2026
IMALLIANCE;FR0010086371;MLIML;"Euronext Access Paris";EUR;0,25;0,25;0,25;0,25;"11/02/2026 11:30";CET;269;67,25;0,25;11/02/2026
"IMBAKIN HOLDING";BE6264882406;-;"Euronext Expert Market";EUR;0,10;0,10;0,10;0,10;"10/02/2026 11:30";CET;60;6,00;0,10;11/02/2026
IMCD;NL0010801007;IMCD;"Euronext Amsterdam";EUR;92,96;94,96;92,00;94,96;"11/02/2026 17:35";CET;649522;61177495,39;94,96;11/02/2026
IMCD;NL0010801007;2IMCD;"Trading After Hours";EUR;-;-;-;-;-;CET;-;-;-;-
"IMEON ENERGY";FR001400QW73;MLIME;"Euronext Access Paris";EUR;-;-;-;-;-;CET;-;-;-;-
IMERYS;FR0000120859;2NK;"Trading After Hours";EUR;-;-;-;-;-;CET;-;-;-;-
IMERYS;FR0000120859;NK;"Euronext Paris";EUR;28,50;28,54;27,48;27,82;"11/02/2026 17:36";CET;285394;7979196,65;27,82;11/02/2026
IMM.PARIS.PERLE;FR0006859039;MLIPP;"Euronext Access Paris";EUR;55,50;55,50;55,50;55,50;"08/05/2025 16:30";CET;1;55,50;55,50;11/02/2026
IMMAGRIFOR;BE0020932779;-;"Euronext Expert Market";EUR;396,00;396,00;396,00;396,00;"04/08/2015 11:30";CET;1550;613800,00;396,00;11/02/2026
IMMERSION;FR0013060100;ALIMR;"Euronext Growth Paris";EUR;2,50;2,50;2,50;2,50;"10/02/2026 11:30";CET;183;457,50;2,50;11/02/2026
"IMMO MCC";BE0974287196;MCC;"Euronext Brussels";EUR;540,00;540,00;540,00;540,00;"11/02/2026 11:30";CET;5;2700,00;540,00;11/02/2026
"IMMO MOURY";BE0003893139;IMMOU;"Euronext Brussels";EUR;33,20;33,20;33,20;33,20;"11/02/2026 11:30";CET;4;132,80;33,20;11/02/2026
IMMOB.DASSAULT;FR0000033243;IMDA;"Euronext Paris";EUR;51,00;51,40;51,00;51,40;"11/02/2026 15:35";CET;90;4621,40;51,40;11/02/2026
IMMOBEL;BE0003599108;IMMO;"Euronext Brussels";EUR;25,00;25,00;24,80;24,90;"11/02/2026 17:35";CET;999;24867,55;24,90;11/02/2026
IMMSI;IT0001413837;IMS;"Euronext Milan";EUR;0,555;0,555;0,541;0,541;"11/02/2026 17:35";CET;295623;162140,24;0,541;11/02/2026
IMPIANTI;IT0005518953;MPT;"Euronext Growth Milan";EUR;0,83;0,83;0,83;0,83;"11/02/2026 17:35";CET;3000;2490,00;0,83;11/02/2026
"IMPINJ INC";US4532041096;1PI;"Euronext Global Equity Market";EUR;95,46;95,46;92,72;92,72;"11/02/2026 16:49";CET;111;10459,16;91,60;11/02/2026
IMPLANET;FR0013470168;ALIMP;"Euronext Growth Paris";EUR;0,233;0,233;0,223;0,228;"11/02/2026 17:35";CET;62665;14139,07;0,228;11/02/2026
IMPRESA,SGPS;PTIPR0AM0000;IPR;"Euronext Lisbon";EUR;0,192;0,194;0,192;0,1935;"11/02/2026 21:42";BST;35321;6797,91;0,1935;11/02/2026
"IMPRIMERIE CHIRAT";FR0000065773;MLIMP;"Euronext Access Paris";EUR;4,38;4,38;4,38;4,38;"11/02/2026 11:30";CET;1;4,38;4,38;11/02/2026
"IMPULSE FITNESS";ES0105590006;MLIFS;"Euronext Access Paris";EUR;7,00;7,00;7,00;7,00;"03/02/2026 11:30";CET;1;7,00;7,00;11/02/2026
"INCLUSIO SA/NV";BE0974374069;INCLU;"Euronext Brussels";EUR;18,25;18,80;18,05;18,75;"11/02/2026 16:07";CET;2599;47807,10;18,75;11/02/2026
INCYTE;US45337C1027;2INCY;"Trading After Hours";EUR;92,16;92,16;92,16;92,16;"14/11/2025 18:58";CET;10;921,60;83,20;11/02/2026
INCYTE;US45337C1027;4INCY;EuroTLX;EUR;85,86;85,86;85,86;85,86;"03/02/2026 10:32";CET;17;1459,62;83,48;11/02/2026
INCYTE;US45337C1027;1INCY;"Euronext Global Equity Market";EUR;91,84;91,84;87,84;87,84;"10/02/2026 13:20";CET;183;16633,32;83,20;11/02/2026
"IND CHIMICHE FORES";IT0005416281;ICF;"Euronext Growth Milan";EUR;6,08;6,08;5,98;5,98;"10/02/2026 17:35";CET;3605;21623,96;5,98;11/02/2026
"INDEL B";IT0005245508;INDB;"Euronext Milan";EUR;19,65;19,65;19,65;19,65;"11/02/2026 16:54";CET;363;7132,95;19,65;11/02/2026
INDITEX;ES0148396007;1ITX;"Euronext Global Equity Market";EUR;56,94;56,94;56,94;56,94;"11/02/2026 10:58";CET;26;1480,44;56,90;11/02/2026
INDITEX;ES0148396007;2ITX;"Trading After Hours";EUR;59,00;59,00;59,00;59,00;"09/02/2026 18:59";CET;2;118,00;56,90;11/02/2026
INDITEX;ES0148396007;4ITX;EuroTLX;EUR;56,12;56,12;56,12;56,12;"30/12/2025 09:07";CET;10;561,20;56,90;11/02/2026
"Indra Sistemas";ES0118594417;1IDR;"Euronext Global Equity Market";EUR;50,45;50,45;50,45;50,45;"11/02/2026 09:00";CET;194;9787,30;51,60;11/02/2026
INDUCT;NO0010536048;INDCT;"Euronext Growth Oslo";NOK;4,12;4,16;3,66;3,86;"11/02/2026 16:25";CET;194451;756834,06;3,86;11/02/2026
"INDUS HOLDING";DE0006200108;2INH;"Trading After Hours";EUR;23,80;23,80;23,80;23,80;"31/03/2025 20:11";CET;20;476,00;32,20;11/02/2026
"INDUS HOLDING";DE0006200108;4INH;EuroTLX;EUR;23,70;23,70;23,70;23,70;"28/07/2025 10:58";CET;11;260,70;32,25;11/02/2026
"INDUS HOLDING";DE0006200108;1INH;"Euronext Global Equity Market";EUR;33,25;33,25;33,25;33,25;"10/02/2026 11:25";CET;8;266,00;32,20;11/02/2026
"INDUSTRIE DE NORA";IT0005186371;DNR;"Euronext Milan";EUR;7,09;7,09;6,975;6,975;"11/02/2026 17:35";CET;87545;614966,08;6,975;11/02/2026
Industrivarden;SE0000107203;1INDU;"Euronext Global Equity Market";EUR;-;-;-;-;-;CET;-;-;-;-
Indutrade;SE0001515552;1INDT;"Euronext Global Equity Market";EUR;22,00;22,00;22,00;22,00;"11/02/2026 12:56";CET;1;22,00;22,10;11/02/2026
"INFINEON TECHNOLOG";DE0006231004;4IFX;EuroTLX;EUR;40,995;40,995;40,995;40,995;"05/02/2026 14:48";CET;100;4099,50;43,585;11/02/2026
"INFINEON TECHNOLOG";DE0006231004;2IFX;"Trading After Hours";EUR;43,16;43,16;43,16;43,16;"09/02/2026 18:58";CET;2;86,32;43,59;11/02/2026
"INFINEON TECHNOLOG";DE0006231004;1IFX;"Euronext Global Equity Market";EUR;42,055;43,835;42,055;43,61;"11/02/2026 17:29";CET;1748;75006,84;43,59;11/02/2026
INFOCLIP;FR0011158823;MLIFC;"Euronext Access Paris";EUR;2,00;2,00;2,00;2,00;"02/02/2026 12:49";CET;15;30,00;2,00;11/02/2026
INFOTEL;FR0000071797;INF;"Euronext Paris";EUR;37,80;37,80;36,60;36,60;"11/02/2026 17:35";CET;3418;127610,10;36,60;11/02/2026
INFRABEL;BE6265912038;-;"Euronext Expert Market";EUR;6,70;6,70;6,70;6,70;"16/09/2025 11:30";CET;1723;11544,10;6,70;11/02/2026
"ING GROEP";NL0011821202;4INGA;EuroTLX;EUR;24,705;24,705;24,705;24,705;"23/01/2026 09:14";CET;200;4941,00;25,385;11/02/2026
"ING GROEP";NL0011821202;2INGA;"Trading After Hours";EUR;25,495;25,99;25,495;25,99;"30/01/2026 18:00";CET;475;12198,25;25,39;11/02/2026
"ING GROEP";NL0011821202;1INGA;"Euronext Global Equity Market";EUR;25,64;25,78;25,49;25,49;"11/02/2026 16:03";CET;2741;70080,57;25,39;11/02/2026
"ING GROEP N.V.";NL0011821202;INGA;"Euronext Amsterdam, Brussels";EUR;26,25;26,375;25,275;25,36;"11/02/2026 17:38";CET;8196489;209289362,11;25,36;11/02/2026
"INIFY LABORATORIES";SE0017486103;INIFY;"Euronext Growth Oslo";NOK;3,50;3,98;3,50;3,54;"09/02/2026 16:02";CET;15931;63008,26;3,54;11/02/2026
"ININ GROUP";NO0010864036;ININ;"Euronext Growth Oslo";NOK;2,81;3,06;2,81;3,06;"11/02/2026 10:00";CET;6250;19033,25;3,06;11/02/2026
"INIZIAT BRESCIANE";IT0005037905;IB;"Euronext Growth Milan";EUR;12,10;12,30;12,10;12,10;"11/02/2026 16:17";CET;500;6100,00;12,10;11/02/2026
INMARK;ES0105511002;MLINM;"Euronext Access Paris";EUR;17,90;17,90;17,90;17,90;"08/04/2021 00:00";CET;-;-;17,70;11/02/2026
INMOLECULE;ES0105908000;MLINA;"Euronext Access Paris";EUR;3,98;3,98;3,98;3,98;"29/10/2025 11:30";CET;603;2399,94;3,98;11/02/2026
INMOSUPA;ES0105473005;MLISP;"Euronext Access Paris";EUR;1,62;1,62;1,62;1,62;"06/04/2020 00:00";CET;-;-;1,62;11/02/2026
"INNATE PHARMA";FR0010331421;4IPH;EuroTLX;EUR;1,442;1,442;1,442;1,442;"09/02/2026 11:41";CET;176;253,79;1,404;11/02/2026
"INNATE PHARMA";FR0010331421;IPH;"Euronext Paris";EUR;1,428;1,432;1,38;1,40;"11/02/2026 17:35";CET;202924;284966,55;1,40;11/02/2026
"INNELEC MULTIMEDIA";FR0000064297;ALINN;"Euronext Growth Paris";EUR;3,08;3,09;3,04;3,04;"11/02/2026 17:35";CET;1114;3419,05;3,04;11/02/2026
"INNODATA INC";US4576422053;1INOD;"Euronext Global Equity Market";EUR;39,66;41,14;38,38;38,60;"11/02/2026 16:46";CET;280;10943,42;38,62;11/02/2026
INNOVATEC;IT0005412298;INC;"Euronext Growth Milan";EUR;0,216;0,22;0,215;0,22;"11/02/2026 17:35";CET;81738;17723,08;0,22;11/02/2026
"INNOVATIVE RFK SPA";IT0005391161;MLIRF;"Euronext Access Paris";EUR;1,68;1,68;1,68;1,68;"11/02/2026 16:30";CET;2;3,36;1,68;11/02/2026
INPOST;LU2290522684;2INPST;"Trading After Hours";EUR;10,93;10,93;10,93;10,93;"20/10/2025 18:04";CET;100;1093,00;15,33;11/02/2026
INPOST;LU2290522684;INPST;"Euronext Amsterdam";EUR;15,29;15,33;15,22;15,33;"11/02/2026 17:36";CET;3836582;58689379,25;15,33;11/02/2026
"INSIGHT ENTERPRISE";US45765U1034;1NSIT;"Euronext Global Equity Market";EUR;75,84;75,84;75,84;75,84;"09/02/2026 09:00";CET;27;2047,68;76,46;11/02/2026
"INSMED INC";US4576693075;1INSM;"Euronext Global Equity Market";EUR;125,00;125,00;125,00;125,00;"10/02/2026 16:07";CET;300;37500,00;123,00;11/02/2026
INSTABANK;NO0010762792;INSTA;"Euronext Growth Oslo";NOK;4,14;4,17;4,07;4,17;"11/02/2026 16:25";CET;210590;870446,04;4,17;11/02/2026
INSTALLUX;FR0000060451;ALLUX;"Euronext Growth Paris";EUR;298,00;300,00;298,00;300,00;"11/02/2026 16:30";CET;7;2096,00;300,00;11/02/2026
"Insulet Corp";US45784P1012;1PODD;"Euronext Global Equity Market";EUR;214,80;214,80;214,80;214,80;"10/02/2026 16:25";CET;4;859,20;211,80;11/02/2026
INTEGRAGEN;FR0010908723;ALINT;"Euronext Growth Paris";EUR;0,1725;0,18;0,17;0,18;"11/02/2026 17:35";CET;22222;3889,26;0,18;11/02/2026
"INTEGRATED WIND SO";NO0013461350;IWS;"Oslo Børs";NOK;53,20;54,50;52,81;54,00;"11/02/2026 16:25";CET;12363;660716,61;54,00;11/02/2026
"INTEGRITAS VIAGER";FR0014003FN0;MLVIE;"Euronext Access Paris";EUR;115,00;115,00;115,00;115,00;"14/08/2023 11:30";CET;2;230,00;115,00;11/02/2026
INTEL;US4581401001;1INTC;"Euronext Global Equity Market";EUR;39,86;41,785;39,56;40,505;"11/02/2026 17:38";CET;59023;2385670,08;40,505;11/02/2026
INTEL;US4581401001;4INTC;EuroTLX;EUR;39,70;39,70;39,70;39,70;"11/02/2026 12:09";CET;239;9488,30;40,40;11/02/2026
INTEL;US4581401001;2INTC;"Trading After Hours";EUR;40,31;40,47;40,26;40,26;"11/02/2026 18:57";CET;2320;93595,60;40,345;11/02/2026
Interactive;US45841N1072;1IBKR;"Euronext Global Equity Market";EUR;60,68;60,68;60,68;60,68;"06/02/2026 15:30";CET;60;3640,80;63,96;11/02/2026
Intercontinental;US45866F1049;1ICE;"Euronext Global Equity Market";EUR;139,76;139,76;139,76;139,76;"11/02/2026 15:15";CET;35;4891,60;133,72;11/02/2026
INTERCOS;IT0005455875;ICOS;"Euronext Milan";EUR;12,42;12,66;12,20;12,20;"11/02/2026 17:36";CET;63623;783793,66;12,20;11/02/2026
"INTERDIGITAL INC";US45867G1013;1IDCC;"Euronext Global Equity Market";EUR;310,00;310,00;310,00;310,00;"10/02/2026 15:38";CET;20;6200,00;302,00;11/02/2026
"INTERNAT CARE COMP";IT0005469371;ICC;"Euronext Growth Milan";EUR;1,32;1,32;1,30;1,30;"11/02/2026 12:56";CET;2250;2940,00;1,30;11/02/2026
"INTERNATIONAL C A";ES0177542018;4IAG;EuroTLX;EUR;4,70;4,70;4,70;4,70;"09/10/2025 12:30";CET;15000;70500,00;4,906;11/02/2026
"INTERNATIONAL C A";ES0177542018;1IAG;"Euronext Global Equity Market";EUR;5,00;5,00;5,00;5,00;"11/02/2026 09:03";CET;50;250,00;4,912;11/02/2026
"INTERNATIONAL C A";ES0177542018;2IAG;"Trading After Hours";EUR;5,142;5,142;5,142;5,142;"03/02/2026 18:00";CET;120;617,04;4,912;11/02/2026
"International F&F";US4595061015;1IFF;"Euronext Global Equity Market";EUR;58,96;58,96;58,96;58,96;"02/12/2025 17:02";CET;57;3360,72;64,96;11/02/2026
"International P";US4601461035;1IP;"Euronext Global Equity Market";EUR;37,04;37,04;37,04;37,04;"05/02/2026 15:38";CET;1000;37040,00;41,04;11/02/2026
"INTEROIL EXPL PROD";NO0013119255;IOX;"Oslo Børs";NOK;0,955;0,991;0,925;0,974;"11/02/2026 16:25";CET;53958;52562,39;0,974;11/02/2026
INTERPARFUMS;FR0004024222;2ITP;"Trading After Hours";EUR;-;-;-;-;-;CET;-;-;-;-
INTERPARFUMS;FR0004024222;ITP;"Euronext Paris";EUR;25,26;25,30;24,84;24,96;"11/02/2026 17:35";CET;29817;745695,08;24,96;11/02/2026
"INTERPUMP GROUP";IT0001078911;2IP;"Trading After Hours";EUR;50,20;51,35;49,88;50,40;"11/02/2026 19:33";CET;198;10051,83;50,75;11/02/2026
"INTERPUMP GROUP";IT0001078911;IP;"Euronext Milan";EUR;50,20;51,10;49,70;51,00;"11/02/2026 17:35";CET;255025;12952458,94;51,00;11/02/2026
"INTESA SANPAOLO";IT0000072618;2ISP;"Trading After Hours";EUR;5,905;5,905;5,872;5,886;"11/02/2026 20:29";CET;231962;1367603,67;5,896;11/02/2026
"INTESA SANPAOLO";IT0000072618;ISP;"Euronext Milan";EUR;6,023;6,039;5,862;5,889;"11/02/2026 17:39";CET;66211609;391295727,81;5,889;11/02/2026
INTEXA;FR0000064958;ITXT;"Euronext Paris";EUR;2,50;2,50;2,50;2,50;"06/02/2026 16:30";CET;116;290,00;2,50;11/02/2026
INTRASENSE;FR0011179886;ALINS;"Euronext Growth Paris";EUR;0,264;0,275;0,258;0,269;"11/02/2026 16:42";CET;31078;8304,12;0,269;11/02/2026
INTRED;IT0005337818;ITD;"Euronext Growth Milan";EUR;9,50;9,60;9,40;9,56;"11/02/2026 17:35";CET;1597;15104,80;9,56;11/02/2026
INTUIT;US4612021034;2INTU;"Trading After Hours";EUR;371,55;371,55;371,55;371,55;"09/02/2026 18:00";CET;1;371,55;332,35;11/02/2026
INTUIT;US4612021034;4INTU;EuroTLX;EUR;350,05;350,05;350,05;350,05;"11/02/2026 15:49";CET;4;1400,20;332,50;11/02/2026
INTUIT;US4612021034;1INTU;"Euronext Global Equity Market";EUR;355,10;355,10;334,40;334,45;"11/02/2026 17:22";CET;184;62891,30;332,35;11/02/2026
"INTUITIVE SURGICAL";US46120E6023;4ISRG;EuroTLX;EUR;379,80;379,80;379,80;379,80;"14/10/2025 10:17";CET;6;2278,80;415,30;11/02/2026
"INTUITIVE SURGICAL";US46120E6023;1ISRG;"Euronext Global Equity Market";EUR;415,70;415,70;415,70;415,70;"11/02/2026 15:29";CET;3;1247,10;415,20;11/02/2026
"INTUITIVE SURGICAL";US46120E6023;2ISRG;"Trading After Hours";EUR;410,60;410,60;405,70;405,70;"03/02/2026 19:21";CET;6;2453,80;415,20;11/02/2026
INVENTIVA;FR0013233012;IVA;"Euronext Paris";EUR;5,32;5,32;5,06;5,13;"11/02/2026 17:37";CET;395252;2034276,76;5,13;11/02/2026
"Invesco Ltd";BMG491BT1088;1IVZ;"Euronext Global Equity Market";EUR;22,325;22,325;22,325;22,325;"11/02/2026 16:19";CET;13;290,23;22,02;11/02/2026
"Investment Lat";SE0010100958;1LATO;"Euronext Global Equity Market";EUR;-;-;-;-;-;CET;-;-;-;-
"INVESTOR AB CLASS";SE0015811963;1INVEB;"Euronext Global Equity Market";EUR;34,135;34,135;34,135;34,135;"09/02/2026 09:36";CET;300;10240,50;34,615;11/02/2026
"INVESTOR AB CLASS";SE0015811963;2INVEB;"Trading After Hours";EUR;25,16;25,16;25,16;25,16;"23/04/2025 20:21";CET;15;377,40;34,615;11/02/2026
"INVESTOR AB CLASS";SE0015811963;4INVEB;EuroTLX;EUR;24,80;24,80;24,80;24,80;"23/05/2024 15:51";CET;500;12400,00;34,585;11/02/2026
"INVIBES ADVERTSING";BE0974299316;ALINV;"Euronext Growth Paris";EUR;0,818;0,984;0,818;0,91;"11/02/2026 17:35";CET;19673;18323,92;0,91;11/02/2026
INWIT;IT0005090300;2INW;"Trading After Hours";EUR;8,39;8,39;8,16;8,26;"11/02/2026 20:05";CET;2546;20966,34;8,235;11/02/2026
INWIT;IT0005090300;INW;"Euronext Milan";EUR;8,235;8,35;8,205;8,23;"11/02/2026 17:37";CET;4898792;40460609,78;8,23;11/02/2026
"IONIS PHARMACEUTIC";US4622221004;1IONS;"Euronext Global Equity Market";EUR;70,54;70,54;70,54;70,54;"10/02/2026 15:53";CET;34;2398,36;69,70;11/02/2026
"IONQ INC";US46222L1089;1IONQ;"Euronext Global Equity Market";EUR;29,67;30,19;28,02;28,30;"11/02/2026 17:27";CET;7443;213742,40;28,20;11/02/2026
"IOVANCE BIOTHERAPE";US4622601007;1IOVA;"Euronext Global Equity Market";EUR;2,22;2,22;2,22;2,22;"10/02/2026 16:18";CET;5000;11100,00;2,1215;11/02/2026
"IPOSA PROPERTIES";ES0105417002;MLIPO;"Euronext Access Paris";EUR;18,74;18,74;18,74;18,74;"05/08/2019 00:00";CET;-;-;18,70;11/02/2026
IPSEN;FR0010259150;2IPN;"Trading After Hours";EUR;-;-;-;-;-;CET;-;-;-;-
IPSEN;FR0010259150;IPN;"Euronext Paris";EUR;140,00;140,00;137,10;138,80;"11/02/2026 17:35";CET;84602;11731464,25;138,80;11/02/2026
IPSOS;FR0000073298;2IPS;"Trading After Hours";EUR;-;-;-;-;-;CET;-;-;-;-
IPSOS;FR0000073298;IPS;"Euronext Paris";EUR;33,30;33,30;31,26;31,26;"11/02/2026 17:35";CET;146833;4661023,26;31,26;11/02/2026
"IQVIA H";US46266C1053;1IQV;"Euronext Global Equity Market";EUR;151,35;151,35;151,35;151,35;"11/02/2026 15:49";CET;80;12108,00;150,95;11/02/2026
IRCE;IT0001077780;IRC;"Euronext Milan";EUR;2,15;2,18;2,15;2,17;"11/02/2026 17:27";CET;4018;8719,94;2,17;11/02/2026
IREN;IT0003027817;IRE;"Euronext Milan";EUR;2,782;2,856;2,782;2,842;"11/02/2026 17:35";CET;1739415;4917081,96;2,842;11/02/2026
"IRIDIUM COMMUNICAT";US46269C1027;1IRDM;"Euronext Global Equity Market";EUR;16,74;16,74;16,74;16,74;"06/02/2026 17:35";CET;200;3348,00;16,11;11/02/2026
"IRISH CONT. GP.";IE00BLP58571;IR5B;"Euronext Dublin";EUR;6,32;6,32;6,26;6,30;"11/02/2026 21:00";IST;18683;117623,52;6,30;11/02/2026
"IRISH RES. PROP.";IE00BJ34P519;IRES;"Euronext Dublin";EUR;1,07;1,10;1,07;1,09;"11/02/2026 21:00";IST;8138126;8801076,33;1,09;11/02/2026
"ISCC FINTECH";IT0005474108;ISC;"Euronext Growth Milan";EUR;1,00;1,01;0,966;1,01;"11/02/2026 16:19";CET;10250;10145,24;1,01;11/02/2026
ISPD;ES0109429037;ALISP;"Euronext Growth Paris";EUR;1,98;2,02;1,98;2,00;"11/02/2026 14:21";CET;336;668,02;2,00;11/02/2026
"IT LINK";FR0000072597;ALITL;"Euronext Growth Paris";EUR;21,00;21,00;20,30;20,50;"11/02/2026 17:35";CET;1056;21703,70;20,50;11/02/2026
"IT WAY";IT0003057624;ITW;"Euronext Milan";EUR;1,20;1,20;1,19;1,19;"11/02/2026 17:27";CET;12801;15240,19;1,19;11/02/2026
ITALGAS;IT0005211237;IG;"Euronext Milan";EUR;10,48;10,87;10,48;10,80;"11/02/2026 17:39";CET;6060351;65151006,94;10,80;11/02/2026
ITALGAS;IT0005211237;2IG;"Trading After Hours";EUR;10,80;10,80;10,80;10,80;"11/02/2026 19:32";CET;298;3218,40;10,80;11/02/2026
"ITALIAN EXHIBITION";IT0003411417;IEG;"Euronext Milan";EUR;11,55;12,00;11,40;11,40;"11/02/2026 17:35";CET;44861;533399,35;11,40;11/02/2026
"ITALIAN WINE BRAND";IT0005075764;IWB;"Euronext Growth Milan";EUR;21,00;21,00;20,50;20,80;"11/02/2026 17:35";CET;7439;154245,40;20,80;11/02/2026
ITALMOBILIARE;IT0005253205;ITM;"Euronext Milan";EUR;28,55;28,70;27,65;28,10;"11/02/2026 17:35";CET;54180;1523011,80;28,10;11/02/2026
"ITALY INNOVAZIONI";IT0005336521;MLITN;"Euronext Access Paris";EUR;8,05;8,05;8,05;8,05;"22/01/2026 11:30";CET;1;8,05;8,05;11/02/2026
ITERA;NO0010001118;ITERA;"Oslo Børs";NOK;7,40;7,80;7,40;7,80;"11/02/2026 16:28";CET;1596;12408,60;7,80;11/02/2026
"ITRON INC";US4657411066;1ITRI;"Euronext Global Equity Market";EUR;83,00;83,00;83,00;83,00;"05/02/2026 12:36";CET;30;2490,00;86,00;11/02/2026
"IVECO GROUP";NL0015000LU4;2IVG;"Trading After Hours";EUR;18,98;18,98;18,98;18,98;"11/02/2026 20:26";CET;851;16151,98;18,98;11/02/2026
"IVECO GROUP";NL0015000LU4;IVG;"Euronext Milan";EUR;18,955;18,99;18,92;18,92;"11/02/2026 17:36";CET;2063852;39103916,61;18,92;11/02/2026
"IVISION TECH";IT0005554784;IVN;"Euronext Growth Milan";EUR;1,945;1,975;1,86;1,895;"11/02/2026 17:14";CET;43500;83160,00;1,895;11/02/2026
"J M Smucker";US8326964058;1SJM;"Euronext Global Equity Market";EUR;90,34;90,34;90,34;90,34;"04/02/2026 12:29";CET;9;813,06;92,68;11/02/2026
J.MARTINS,SGPS;PTJMT0AE0001;JMT;"Euronext Lisbon";EUR;20,60;20,94;20,56;20,94;"11/02/2026 22:36";BST;1135125;23676077,34;20,94;11/02/2026
J.MARTINS,SGPS;PTJMT0AE0001;2JMT;"Trading After Hours";EUR;-;-;-;-;-;CET;-;-;-;-
"J.P. MORGAN CHASE";US46625H1005;1JPM;"Euronext Global Equity Market";EUR;267,45;267,45;266,40;266,40;"11/02/2026 17:35";CET;19;5072,90;266,40;11/02/2026
"J.P. MORGAN CHASE";US46625H1005;2JPMC;"Trading After Hours";EUR;268,85;268,85;268,85;268,85;"10/02/2026 18:56";CET;5;1344,25;266,40;11/02/2026
"J.P. MORGAN CHASE";US46625H1005;4JPM;EuroTLX;EUR;267,00;267,00;267,00;267,00;"20/01/2026 17:18";CET;5;1335,00;266,25;11/02/2026
"Jabil Inc";US4663131039;1JBL;"Euronext Global Equity Market";EUR;223,50;223,50;223,50;223,50;"11/02/2026 14:33";CET;5;1117,50;217,50;11/02/2026
"Jack Henry & Ass";US4262811015;1JKHY;"Euronext Global Equity Market";EUR;145,50;145,50;145,50;145,50;"09/02/2026 15:19";CET;5;727,50;140,15;11/02/2026
"JACQUES BOGART";FR0012872141;JBOG;"Euronext Paris";EUR;3,62;3,78;3,62;3,62;"11/02/2026 11:07";CET;172;629,36;3,62;11/02/2026
"JACQUET METALS";FR0000033904;JCQ;"Euronext Paris";EUR;25,05;25,40;24,75;25,15;"11/02/2026 17:35";CET;16244;407367,05;25,15;11/02/2026
"JAZZ PHARMACEUTICA";IE00B4Q5ZN47;1JAZZ;"Euronext Global Equity Market";EUR;140,00;140,00;140,00;140,00;"10/02/2026 16:40";CET;5;700,00;138,85;11/02/2026
JCDECAUX;FR0000077919;2DEC;"Trading After Hours";EUR;-;-;-;-;-;CET;-;-;-;-
JCDECAUX;FR0000077919;DEC;"Euronext Paris";EUR;17,10;17,10;16,52;16,52;"11/02/2026 17:35";CET;131085;2187351,54;16,52;11/02/2026
"JDE PEET'S";NL0014332678;2JDEP;"Trading After Hours";EUR;-;-;-;-;-;CET;-;-;-;-
"JDE PEET'S";NL0014332678;JDEP;"Euronext Amsterdam";EUR;31,68;31,72;31,68;31,68;"11/02/2026 17:35";CET;353301;11194269,66;31,68;11/02/2026
JENOPTIK;DE000A2NB601;2JEN;"Trading After Hours";EUR;21,42;21,42;21,42;21,42;"14/02/2025 20:20";CET;110;2356,20;27,36;11/02/2026
JENOPTIK;DE000A2NB601;4JEN;EuroTLX;EUR;21,80;21,80;21,80;21,80;"19/01/2026 09:35";CET;60;1308,00;27,34;11/02/2026
JENOPTIK;DE000A2NB601;1JEN;"Euronext Global Equity Market";EUR;27,66;27,66;27,66;27,66;"11/02/2026 14:34";CET;11;304,26;27,36;11/02/2026
JENSEN-GROUP;BE0003858751;JEN;"Euronext Brussels";EUR;61,80;61,80;61,20;61,60;"11/02/2026 17:35";CET;732;45046,20;61,60;11/02/2026
"JETBLUE AIRWAYS";US4771431016;1JAM;"Euronext Global Equity Market";EUR;5,144;5,144;5,144;5,144;"11/02/2026 17:02";CET;212;1090,53;5,128;11/02/2026
"JETBLUE AIRWAYS";US4771431016;2JAM;"Trading After Hours";EUR;-;-;-;-;-;CET;-;-;-;-
"JETBLUE AIRWAYS";US4771431016;4JAM;EuroTLX;EUR;4,4745;4,4745;4,4745;4,4745;"05/09/2025 11:35";CET;55;246,10;5,143;11/02/2026
"JINHUI SHIPP TRANS";BMG5137R1088;JIN;"Oslo Børs";NOK;5,62;5,74;5,62;5,70;"11/02/2026 16:25";CET;101069;574326,92;5,70;11/02/2026
"JOBY AVIATION INC";KYG651631007;1JOBY;"Euronext Global Equity Market";EUR;8,725;8,764;8,331;8,331;"11/02/2026 16:16";CET;2840;24145,34;8,332;11/02/2026
"JOHNSON & JOHNSON";US4781601046;4JNJ;EuroTLX;EUR;197,54;197,54;197,54;197,54;"10/02/2026 11:26";CET;4;790,16;201,95;11/02/2026
"JOHNSON & JOHNSON";US4781601046;1JNJ;"Euronext Global Equity Market";EUR;200,05;201,80;199,66;201,80;"11/02/2026 17:19";CET;54;10829,45;201,90;11/02/2026
"Johnson Controls";IE00BY7QL619;1JCI;"Euronext Global Equity Market";EUR;115,78;115,78;115,78;115,78;"09/02/2026 14:55";CET;10;1157,80;118,04;11/02/2026
JOHNSON&JOHNSON;US4781601046;2JNJ;"Trading After Hours";EUR;194,66;194,66;190,64;190,64;"09/02/2026 18:00";CET;300;57602,04;201,90;11/02/2026
"JULIUS BAER";CH0102484968;1BAER;"Euronext Global Equity Market";EUR;70,50;70,50;69,00;69,00;"11/02/2026 14:54";CET;25;1740,00;69,50;11/02/2026
"Jungheinrich AG";DE0006219934;1JUN;"Euronext Global Equity Market";EUR;36,10;36,10;36,10;36,10;"14/01/2026 09:02";CET;39;1407,90;35,24;11/02/2026
"JUVENTUS FC";IT0005572778;JUVE;"Euronext Milan";EUR;2,394;2,398;2,362;2,362;"11/02/2026 17:35";CET;561419;1330661,12;2,362;11/02/2026
"JÆREN SPAREBANK";NO0010359433;JAREN;"Oslo Børs";NOK;359,95;360,00;355,05;360,00;"11/02/2026 16:25";CET;245;88192,80;360,00;11/02/2026
K+S;DE000KSAG888;1SDF;"Euronext Global Equity Market";EUR;14,53;14,63;14,53;14,59;"10/02/2026 13:59";CET;524;7624,92;14,57;11/02/2026
K+S;DE000KSAG888;4SDF;EuroTLX;EUR;14,71;14,71;14,48;14,48;"21/07/2025 16:58";CET;1622;23676,64;14,57;11/02/2026
K+S;DE000KSAG888;2SDF;"Trading After Hours";EUR;10,93;10,93;10,70;10,70;"19/11/2025 20:10";CET;3;32,45;14,57;11/02/2026
"KABELWERK EUPEN";BE0049482129;-;"Euronext Expert Market";EUR;384,00;384,00;384,00;384,00;"20/02/2024 11:30";CET;9;3456,00;384,00;11/02/2026
KALDVIK;NO0010884794;KLDVK;"Euronext Growth Oslo";NOK;6,90;7,45;6,85;6,85;"11/02/2026 13:22";CET;48644;338878,40;6,85;11/02/2026
KALEON;IT0005678104;KLN;"Euronext Growth Milan";EUR;4,20;4,25;4,1135;4,20;"11/02/2026 17:35";CET;9857;41269,05;4,20;11/02/2026
KALEON;IT0005678104;ALKLN;"Euronext Growth Paris";EUR;4,178;4,195;4,105;4,1615;"11/02/2026 17:20";CET;3724;15459,21;4,1615;11/02/2026
KALRAY;FR0010722819;ALKAL;"Euronext Growth Paris";EUR;3,55;3,72;3,26;3,45;"11/02/2026 17:35";CET;816290;2803344,12;3,45;11/02/2026
"KAUFMAN ET BROAD";FR0004007813;KOF;"Euronext Paris";EUR;31,90;31,90;31,20;31,40;"11/02/2026 17:35";CET;20962;660460,78;31,40;11/02/2026
KBC;BE0003565737;2KBC;"Trading After Hours";EUR;-;-;-;-;-;CET;-;-;-;-
KBC;BE0003565737;KBC;"Euronext Brussels";EUR;120,95;122,25;119,40;121,30;"11/02/2026 17:38";CET;486616;58932396,70;121,30;11/02/2026
"KBC ANCORA";BE0003867844;KBCA;"Euronext Brussels";EUR;79,00;80,10;78,40;79,00;"11/02/2026 17:35";CET;39581;3130944,70;79,00;11/02/2026
"KBL EPB - ORD";LU0092281103;-;"Euronext Expert Market";EUR;35,62;35,62;35,62;35,62;"10/03/2015 12:00";CET;100;3562,00;35,60;11/02/2026
"KBL EPB - PRIV";LU0092281442;-;"Euronext Expert Market";EUR;32,10;32,10;32,10;32,10;"26/05/2015 12:00";CET;100;3210,00;32,20;11/02/2026
"Kemira Oyj";FI0009004824;1KEMI;"Euronext Global Equity Market";EUR;20,88;20,88;20,88;20,88;"06/02/2026 14:42";CET;1;20,88;21,14;11/02/2026
KENDRION;NL0000852531;KENDR;"Euronext Amsterdam";EUR;15,80;16,00;15,72;15,86;"11/02/2026 17:35";CET;28701;455619,55;15,86;11/02/2026
"KENMARE RESOURCES";IE00BDC5DG00;KMR;"Euronext Dublin";EUR;3,06;3,06;2,98;2,98;"11/02/2026 18:08";IST;856;2551,84;2,98;11/02/2026
"Kenvue Inc";US49177J1025;1KVUE;"Euronext Global Equity Market";EUR;15,292;15,292;15,292;15,292;"11/02/2026 15:31";CET;394;6025,05;15,476;11/02/2026
KERING;FR0000121485;1KER;"Euronext Global Equity Market";EUR;283,85;286,60;276,85;277,95;"11/02/2026 17:29";CET;1144;322085,00;277,90;11/02/2026
KERING;FR0000121485;4KER;EuroTLX;EUR;251,60;251,60;251,60;251,60;"06/02/2026 13:11";CET;30;7548,00;277,70;11/02/2026
KERING;FR0000121485;KER;"Euronext Paris";EUR;284,15;287,70;276,50;279,70;"11/02/2026 17:37";CET;274070;76906096,07;279,70;11/02/2026
KERING;FR0000121485;2KER;"Trading After Hours";EUR;285,05;288,45;285,00;288,00;"10/02/2026 18:54";CET;60;17196,10;277,90;11/02/2026
KERLINK;FR0013156007;ALKLK;"Euronext Growth Paris";EUR;0,87;0,88;0,866;0,87;"11/02/2026 16:53";CET;7795;6805,55;0,87;11/02/2026
"KERRY GROUP PLC";IE0004906560;KRZ;"Euronext Dublin";EUR;77,95;78,30;76,55;77,40;"11/02/2026 21:07";IST;275548;21361089,51;77,40;11/02/2026
"Kesko Oyj";FI0009000202;1KESK;"Euronext Global Equity Market";EUR;-;-;-;-;-;CET;-;-;-;-
"KEURIG DR PEPPER";US49271V1008;2KDP;"Trading After Hours";EUR;24,035;24,035;24,035;24,035;"14/01/2026 18:12";CET;50;1201,75;24,89;11/02/2026
"KEURIG DR PEPPER";US49271V1008;1KDP;"Euronext Global Equity Market";EUR;23,945;23,945;23,945;23,945;"10/02/2026 13:31";CET;100;2394,50;24,89;11/02/2026
"KEURIG DR PEPPER";US49271V1008;4KDP;EuroTLX;EUR;28,805;28,805;28,805;28,805;"24/07/2025 17:04";CET;8;230,44;24,885;11/02/2026
KeyCorp;US4932671088;1KEY;"Euronext Global Equity Market";EUR;18,556;18,556;18,40;18,40;"07/01/2026 15:21";CET;40;739,12;19,244;11/02/2026
KEYRUS;FR0004029411;ALKEY;"Euronext Growth Paris";EUR;8,18;8,22;7,94;7,94;"11/02/2026 17:06";CET;1406;11425,62;7,94;11/02/2026
"Keysight Tech";US49338L1035;1KEYS;"Euronext Global Equity Market";EUR;182,58;182,58;182,58;182,58;"23/01/2026 16:14";CET;10;1825,80;199,84;11/02/2026
"KEYWARE TECH.";BE0003880979;KEYW;"Euronext Brussels";EUR;0,79;0,79;0,77;0,77;"10/02/2026 17:35";CET;3490;2737,10;0,77;11/02/2026
KID;NO0010743545;KID;"Oslo Børs";NOK;122,00;125,00;120,00;121,40;"11/02/2026 16:25";CET;261428;32052788,80;121,40;11/02/2026
Kimberly-Clark;US4943681035;1KMB;"Euronext Global Equity Market";EUR;89,36;89,67;88,59;89,67;"11/02/2026 16:33";CET;424;37794,52;90,19;11/02/2026
"Kinder Morgan Inc";US49456B1017;1KMI;"Euronext Global Equity Market";EUR;25,605;25,605;25,605;25,605;"02/02/2026 09:36";CET;1;25,61;26,46;11/02/2026
"KINEPOLIS GROUP";BE0974274061;KIN;"Euronext Brussels";EUR;27,35;27,35;26,90;26,95;"11/02/2026 17:35";CET;25167;681063,40;26,95;11/02/2026
"KINGSPAN GROUP PLC";IE0004927939;KRX;"Euronext Dublin";EUR;83,00;83,75;81,45;82,55;"11/02/2026 21:00";IST;415487;34404282,32;82,55;11/02/2026
"Kinnevik AB";SE0022060521;1KINV;"Euronext Global Equity Market";EUR;-;-;-;-;-;CET;-;-;-;-
"KION GROUP";DE000KGX8881;2KGX;"Trading After Hours";EUR;54,35;54,35;54,35;54,35;"13/10/2025 18:00";CET;8;434,80;63,40;11/02/2026
"KION GROUP";DE000KGX8881;4KGX;EuroTLX;EUR;61,45;61,45;61,45;61,45;"06/11/2025 16:48";CET;15;921,75;63,35;11/02/2026
"KION GROUP";DE000KGX8881;1KGX;"Euronext Global Equity Market";EUR;63,00;63,00;63,00;63,00;"11/02/2026 10:19";CET;54;3402,00;63,40;11/02/2026
KITRON;NO0003079709;KIT;"Oslo Børs";NOK;85,60;86,40;82,85;82,90;"11/02/2026 16:25";CET;881865;74481664,58;82,90;11/02/2026
"KKO INTERNATIONAL";FR0013374667;ALKKO;"Euronext Growth Paris";EUR;0,101;0,1015;0,095;0,097;"11/02/2026 17:35";CET;203149;19967,89;0,097;11/02/2026
"KKR & Co Inc";US48251W1045;1KKR;"Euronext Global Equity Market";EUR;92,39;92,39;90,99;91,51;"10/02/2026 16:39";CET;111;10217,09;88,48;11/02/2026
KLA-TENCOR;US4824801009;4KLAC;EuroTLX;EUR;1050,00;1050,00;1050,00;1050,00;"15/12/2025 10:00";CET;10;10500,00;1243,60;11/02/2026
KLA-TENCOR;US4824801009;2KLAC;"Trading After Hours";EUR;1229,80;1229,80;1229,80;1229,80;"30/01/2026 18:58";CET;16;19676,80;1245,80;11/02/2026
KLA-TENCOR;US4824801009;1KLAC;"Euronext Global Equity Market";EUR;1203,60;1205,20;1192,40;1205,20;"11/02/2026 13:58";CET;9;10790,80;1245,80;11/02/2026
KLARSEN;FR0011038348;ALKLA;"Euronext Growth Paris";EUR;1,18;1,18;1,035;1,14;"11/02/2026 17:19";CET;10028;10938,22;1,14;11/02/2026
"KLARSEN BSA O";FR0014013TD1;KLBSO;"Euronext Growth Paris";EUR;0,0832;0,139;0,0832;0,139;"11/02/2026 17:24";CET;10287;1322,59;0,139;11/02/2026
"KLARSEN BSA P";FR0014013TC3;KLBSP;"Euronext Growth Paris";EUR;0,30;0,30;0,30;0,30;"10/02/2026 17:35";CET;810;243,00;0,30;11/02/2026
"KLAVENESS COMBINAT";NO0010833262;KCC;"Oslo Børs";NOK;88,80;88,80;86,30;87,30;"11/02/2026 16:28";CET;45795;3986328,00;87,30;11/02/2026
"KLEA HOLDING";FR0013481835;ALKLH;"Euronext Growth Paris";EUR;0,22;0,2225;0,219;0,2215;"11/02/2026 17:35";CET;185085;40875,81;0,2215;11/02/2026
KLEPIERRE;FR0000121964;2LI;"Trading After Hours";EUR;-;-;-;-;-;CET;-;-;-;-
KLEPIERRE;FR0000121964;LI;"Euronext Paris";EUR;32,62;33,12;32,44;32,90;"11/02/2026 17:35";CET;499194;16424693,99;32,90;11/02/2026
"KLEPIERRE REIT";FR0000121964;4LI;EuroTLX;EUR;33,20;33,20;33,20;33,20;"12/01/2026 09:44";CET;30;996,00;32,86;11/02/2026
KLM;NL0000009645;-;"Euronext Expert Market";EUR;1,87;1,87;1,87;1,87;"14/01/2025 11:30";CET;38;71,06;1,87;11/02/2026
"KMC PROPERTIES";NO0013711721;KMCP;"Oslo Børs";NOK;35,00;35,00;30,01;30,515;"11/02/2026 16:28";CET;1870;57717,01;30,515;11/02/2026
"KME GROUP";IT0004552359;KME;"Euronext Milan";EUR;0,876;0,876;0,876;0,876;"11/02/2026 15:22";CET;3593;3147,47;0,876;11/02/2026
"KME GROUP RSP";IT0004552367;KMER;"Euronext Milan";EUR;1,37;1,39;1,34;1,39;"11/02/2026 17:35";CET;9403;12874,28;1,39;11/02/2026
Knorr-Bremse;DE000KBX1006;1KBX;"Euronext Global Equity Market";EUR;96,20;96,20;96,20;96,20;"09/01/2026 16:25";CET;10;962,00;108,40;11/02/2026
"KOENIG & BAUER";DE0007193500;4SKB;EuroTLX;EUR;14,88;14,88;14,88;14,88;"11/07/2025 16:56";CET;18;267,84;9,68;11/02/2026
"KOENIG & BAUER";DE0007193500;1SKB;"Euronext Global Equity Market";EUR;9,31;9,31;9,31;9,31;"09/02/2026 15:32";CET;583;5427,73;9,68;11/02/2026
KOENIG&BAUER;DE0007193500;2SKB;"Trading After Hours";EUR;-;-;-;-;-;CET;-;-;-;-
"Kojamo Oyj";FI4000312251;1KOJA;"Euronext Global Equity Market";EUR;-;-;-;-;-;CET;-;-;-;-
KOMPLETT;NO0011016040;KOMPL;"Oslo Børs";NOK;14,05;14,40;14,00;14,05;"11/02/2026 16:27";CET;158274;2246319,65;14,05;11/02/2026
KOMPUESTOS;ES0105425005;ALKOM;"Euronext Growth Paris";EUR;0,865;0,865;0,865;0,865;"11/02/2026 09:00";CET;1;0,87;0,865;11/02/2026
KONE;FI0009013403;4KNEBV;EuroTLX;EUR;52,22;52,22;52,22;52,22;"08/08/2025 12:08";CET;90;4699,80;59,62;11/02/2026
KONE;FI0009013403;1KNEBV;"Euronext Global Equity Market";EUR;61,30;61,52;61,30;61,52;"02/02/2026 14:22";CET;755;46346,20;60,48;11/02/2026
KONE;FI0009013403;2KNEBV;"Trading After Hours";EUR;49,21;49,21;49,21;49,21;"23/01/2025 18:04";CET;100;4921,00;60,48;11/02/2026
"Konecranes Oyj";FI0009005870;1KCR;"Euronext Global Equity Market";EUR;99,60;99,60;95,50;95,50;"05/02/2026 11:32";CET;200;19510,00;89,45;11/02/2026
"KONGSBERG AUTOMOT";NO0003033102;KOA;"Oslo Børs";NOK;2,185;2,245;2,17;2,23;"11/02/2026 16:25";CET;2050397;4512128,68;2,23;11/02/2026
"KONGSBERG GRUPPEN";NO0013536151;KOG;"Oslo Børs";NOK;375,75;375,75;359,20;360,65;"11/02/2026 16:28";CET;1527606;556552635,25;360,65;11/02/2026
"KONINKLIJKE KPN";NL0000009082;4KPN;EuroTLX;EUR;4,455;4,455;4,419;4,419;"04/02/2026 17:27";CET;359;1595,03;4,651;11/02/2026
"KPN KON";NL0000009082;2KPN;"Trading After Hours";EUR;-;-;-;-;-;CET;-;-;-;-
"KPN KON";NL0000009082;KPN;"Euronext Amsterdam";EUR;4,531;4,679;4,529;4,66;"11/02/2026 17:37";CET;12333886;57260386,54;4,66;11/02/2026
"KRAFT BANK";NO0010815103;KRAB;"Euronext Growth Oslo";NOK;14,40;14,40;14,20;14,30;"11/02/2026 14:58";CET;25544;363876,80;14,30;11/02/2026
"KRATOS DEFENSE & S";US50077B2079;1KTOS;"Euronext Global Equity Market";EUR;78,46;80,46;73,22;74,08;"11/02/2026 17:35";CET;450;34590,64;74,08;11/02/2026
KROGER;US5010441013;1KR;"Euronext Global Equity Market";EUR;57,28;57,56;57,28;57,56;"11/02/2026 17:13";CET;20;1150,75;57,60;11/02/2026
KROGER;US5010441013;4KR;EuroTLX;EUR;59,84;59,84;59,84;59,84;"24/10/2025 15:28";CET;50;2992,00;57,60;11/02/2026
KROGER;US5010441013;2KR;"Trading After Hours";EUR;58,12;58,12;58,12;58,12;"11/09/2025 18:41";CET;10;581,20;57,60;11/02/2026
"Krones AG";DE0006335003;1KRN;"Euronext Global Equity Market";EUR;146,20;146,20;146,20;146,20;"13/01/2026 10:08";CET;1;146,20;140,40;11/02/2026
"KRUSO KAPITAL";IT0005573800;KK;"Euronext Growth Milan";EUR;1,65;1,71;1,65;1,71;"11/02/2026 16:26";CET;15300;25857,00;1,71;11/02/2026
"KRYSTAL BIOTECH IN";US5011471027;1KRYS;"Euronext Global Equity Market";EUR;238,30;238,30;238,30;238,30;"26/01/2026 14:51";CET;51;12153,30;224,80;11/02/2026
"Kuehne Nagel Inter";CH0025238863;1KNIN;"Euronext Global Equity Market";EUR;204,00;204,00;204,00;204,00;"09/02/2026 10:31";CET;6;1224,00;206,00;11/02/2026
"KUMULUS VAPE";FR0013419876;ALVAP;"Euronext Growth Paris";EUR;3,68;3,87;3,68;3,87;"11/02/2026 16:49";CET;400;1487,58;3,87;11/02/2026
"L'AIR LIQUIDE";FR0000120073;4AI;EuroTLX;EUR;167,80;167,80;167,80;167,80;"09/02/2026 17:15";CET;12;2013,60;168,00;11/02/2026
L'OREAL;FR0000120321;4OR;EuroTLX;EUR;393,75;393,75;393,75;393,75;"10/02/2026 17:18";CET;52;20475,00;391,40;11/02/2026
L'OREAL;FR0000120321;OR;"Euronext Paris";EUR;390,60;395,20;389,35;391,90;"11/02/2026 17:37";CET;303825;119163650,78;391,90;11/02/2026
L'OREAL;FR0000120321;2OR;"Trading After Hours";EUR;363,35;363,35;363,35;363,35;"23/04/2025 19:50";CET;7;2543,45;391,90;11/02/2026
"L3Harris Tech";US5024311095;1LHX;"Euronext Global Equity Market";EUR;293,00;293,00;293,00;293,00;"10/02/2026 15:37";CET;17;4981,00;288,80;11/02/2026
"LAB FARMACEUT ERFO";IT0005497885;ERFO;"Euronext Growth Milan";EUR;1,35;1,405;1,33;1,405;"11/02/2026 17:29";CET;104000;142935,00;1,40;11/02/2026
"LABO EUROMEDIS";FR0000075343;ALEMG;"Euronext Growth Paris";EUR;4,34;4,40;4,34;4,40;"11/02/2026 16:36";CET;258;1126,42;4,40;11/02/2026
"Laboratorios Farma";ES0157261019;1ROVI;"Euronext Global Equity Market";EUR;76,75;76,75;76,75;76,75;"06/02/2026 17:07";CET;26;1995,50;72,65;11/02/2026
"LACROIX GROUP";FR0000066607;LACR;"Euronext Paris";EUR;13,75;13,90;13,10;13,80;"11/02/2026 17:35";CET;9150;123398,90;13,80;11/02/2026
"LAGARDERE SA";FR0000130213;MMB;"Euronext Paris";EUR;18,68;18,68;18,36;18,50;"11/02/2026 17:35";CET;9722;179685,44;18,50;11/02/2026
"Lagercrantz G";SE0014990966;1LAGR;"Euronext Global Equity Market";EUR;-;-;-;-;-;CET;-;-;-;-
"LAM RESEARCH";US5128073062;4LRCX;EuroTLX;EUR;211,50;211,50;211,50;211,50;"29/01/2026 11:36";CET;18;3807,00;197,10;11/02/2026
"LAM RESEARCH";US5128073062;2LRCX;"Trading After Hours";EUR;192,50;192,50;192,50;192,50;"09/02/2026 19:11";CET;30;5775,00;197,12;11/02/2026
"LAM RESEARCH";US5128073062;1LRCX;"Euronext Global Equity Market";EUR;197,44;202,00;195,04;196,30;"11/02/2026 17:10";CET;427;84739,66;197,12;11/02/2026
"LANDI RENZO";IT0005619843;LNDR;"Euronext Milan";EUR;0,932;0,94;0,93;0,93;"11/02/2026 17:29";CET;9484;8875,80;0,932;11/02/2026
LANSON-BCC;FR0004027068;ALLAN;"Euronext Growth Paris";EUR;29,50;29,50;29,20;29,20;"11/02/2026 17:11";CET;400;11717,10;29,20;11/02/2026
"LANTHEUS HOLDINGS";US5165441032;1LNTH;"Euronext Global Equity Market";EUR;56,00;56,00;54,84;54,84;"11/02/2026 17:10";CET;117;6477,76;55,06;11/02/2026
LANXESS;DE0005470405;1LXS;"Euronext Global Equity Market";EUR;21,44;21,44;21,44;21,44;"11/02/2026 13:51";CET;250;5360,00;21,40;11/02/2026
LANXESS;DE0005470405;2LXS;"Trading After Hours";EUR;20,02;20,02;20,02;20,02;"06/02/2026 19:26";CET;240;4804,80;21,40;11/02/2026
LANXESS;DE0005470405;4LXS;EuroTLX;EUR;22,85;22,85;22,85;22,85;"05/03/2024 17:25";CET;1500;34275,00;21,44;11/02/2026
LARGO;FR0013308582;ALLGO;"Euronext Growth Paris";EUR;1,68;1,68;1,64;1,68;"11/02/2026 14:10";CET;3268;5418,11;1,68;11/02/2026
"Las Vegas Sands";US5178341070;1LVS;"Euronext Global Equity Market";EUR;42,105;47,70;42,105;47,70;"03/02/2026 17:18";CET;29;1320,14;45,69;11/02/2026
LATECOERE;FR001400JY13;LAT;"Euronext Paris";EUR;0,016;0,0168;0,016;0,0168;"11/02/2026 17:35";CET;3646078;59628,19;0,0168;11/02/2026
"LATTICE SEMICONDUC";US5184151042;1LSCC;"Euronext Global Equity Market";EUR;83,70;89,81;80,28;89,81;"11/02/2026 17:02";CET;1036;87189,92;87,63;11/02/2026
LAURENT-PERRIER;FR0006864484;LPE;"Euronext Paris";EUR;91,60;91,60;90,20;90,40;"11/02/2026 17:35";CET;4635;420877,20;90,40;11/02/2026
"LAVIDE HOLDING";NL0010545679;LVIDE;"Euronext Amsterdam";EUR;0,481;0,481;0,481;0,481;"11/02/2026 09:04";CET;60;28,86;0,481;11/02/2026
LDC;FR001400SF56;LOUP;"Euronext Paris";EUR;95,10;96,30;94,60;94,60;"11/02/2026 17:35";CET;2285;217857,60;94,60;11/02/2026
LEBON;FR0000121295;ALBON;"Euronext Growth Paris";EUR;98,00;100,00;98,00;100,00;"11/02/2026 16:17";CET;329;32744,00;100,00;11/02/2026
LECTRA;FR0000065484;LSS;"Euronext Paris";EUR;23,00;23,00;22,05;22,10;"11/02/2026 17:35";CET;39909;897506,84;22,10;11/02/2026
"LECTRA NV26";FR0014013WP9;LSSNV;"Euronext Paris";EUR;-;-;-;-;-;CET;-;-;-;-
"LEG IMMOBILIEN";DE000LEG1110;2LEG;"Trading After Hours";EUR;77,18;77,92;77,18;77,92;"25/06/2024 18:00";CET;150;11628,80;65,90;11/02/2026
"LEG IMMOBILIEN";DE000LEG1110;1LEG;"Euronext Global Equity Market";EUR;62,10;62,10;62,10;62,10;"10/02/2026 09:26";CET;600;37260,00;65,90;11/02/2026
"LEG IMMOBILIEN";DE000LEG1110;4LEG;EuroTLX;EUR;76,22;76,22;76,22;76,22;"15/01/2025 12:15";CET;4;304,88;65,85;11/02/2026
LEGRAND;FR0010307819;2LR;"Trading After Hours";EUR;-;-;-;-;-;CET;-;-;-;-
LEGRAND;FR0010307819;LR;"Euronext Paris";EUR;140,80;145,60;140,05;144,65;"11/02/2026 17:35";CET;732308;105434445,65;144,65;11/02/2026
"Leidos Hold";US5253271028;1LDOS;"Euronext Global Equity Market";EUR;167,35;167,35;167,35;167,35;"08/01/2026 10:00";CET;10;1673,50;150,55;11/02/2026
"LEMON SISTEMI";IT0005573438;LS;"Euronext Growth Milan";EUR;1,495;1,56;1,495;1,56;"10/02/2026 17:35";CET;9000;13760,00;1,56;11/02/2026
"Lennar Corp";US5260571048;1LEN;"Euronext Global Equity Market";EUR;87,21;91,50;87,21;91,50;"28/01/2026 14:23";CET;70;6254,85;100,24;11/02/2026
"LENNOX INTERNATION";US5261071071;1LII;"Euronext Global Equity Market";EUR;440,00;440,00;440,00;440,00;"06/02/2026 13:40";CET;10;4400,00;465,80;11/02/2026
"Lenzing AG";AT0000644505;1LNZ;"Euronext Global Equity Market";EUR;24,40;24,40;24,40;24,40;"08/01/2026 09:06";CET;200;4880,00;29,35;11/02/2026
LEONARDO;IT0003856405;LDO;"Euronext Milan";EUR;53,26;54,58;52,42;53,60;"11/02/2026 17:35";CET;1563095;83617494,86;53,60;11/02/2026
LEONARDO;IT0003856405;2LDO;"Trading After Hours";EUR;53,90;53,90;53,58;53,80;"11/02/2026 20:29";CET;7617;408755,00;53,66;11/02/2026
"LEONE FILM GROUP";IT0004973696;LFG;"Euronext Growth Milan";EUR;1,29;1,31;1,29;1,31;"10/02/2026 10:29";CET;900;1173,00;1,31;11/02/2026
LEPERMISLIBRE;FR001400F2Z1;ALLPL;"Euronext Growth Paris";EUR;0,0825;0,091;0,081;0,0845;"11/02/2026 15:36";CET;490626;42682,73;0,0845;11/02/2026
"LERØY SEAFOOD GP";NO0003096208;LSG;"Oslo Børs";NOK;48,36;48,72;48,00;48,62;"11/02/2026 16:25";CET;733574;35526651,64;48,62;11/02/2026
"LES HOTELS BAVEREZ";FR0007080254;ALLHB;"Euronext Growth Paris";EUR;72,50;72,50;72,50;72,50;"11/02/2026 16:30";CET;80;5800,00;72,50;11/02/2026
"LEVI STRAUSS & CO";US52736R1023;1LEVI;"Euronext Global Equity Market";EUR;17,10;18,485;17,10;17,775;"10/02/2026 15:47";CET;389;6850,48;19,45;11/02/2026
"LEVI STRAUSS & CO";US52736R1023;4LEVI;EuroTLX;EUR;16,945;16,945;16,945;16,945;"02/02/2026 11:26";CET;60;1016,70;18,695;11/02/2026
"LEVI STRAUSS&CO";US52736R1023;2LEVI;"Trading After Hours";EUR;17,915;17,915;17,915;17,915;"20/01/2026 20:28";CET;100;1791,50;19,45;11/02/2026
"LEXIBOOK LINGUIST.";FR0000033599;ALLEX;"Euronext Growth Paris";EUR;5,18;5,36;5,18;5,36;"11/02/2026 15:44";CET;35;182,02;5,36;11/02/2026
LHYFE;FR0014009YQ1;LHYFE;"Euronext Paris";EUR;2,84;2,84;2,81;2,84;"11/02/2026 17:35";CET;18184;51462,66;2,84;11/02/2026
"LIBERTY MEDIA CORP";US5312297550;1FWON;"Euronext Global Equity Market";EUR;71,76;71,76;71,76;71,76;"11/02/2026 16:27";CET;38;2726,88;71,78;11/02/2026
"Lifco AB";SE0015949201;1LIFC;"Euronext Global Equity Market";EUR;35,70;35,70;33,80;33,80;"31/10/2025 09:59";CET;2100;72713,20;27,90;11/02/2026
LIFECARE;NO0013355859;LIFE;"Oslo Børs";NOK;0,415;0,454;0,415;0,42;"11/02/2026 16:25";CET;1783586;761754,01;0,42;11/02/2026
"LIFECARE TR1";NO0013709196;LIFEJ;"Oslo Børs";NOK;0,024;0,03;0,021;0,027;"10/02/2026 15:00";CET;492654;10994,25;0,027;11/02/2026
"LIFECARE TR2";NO0013709204;LIFES;"Oslo Børs";NOK;0,036;0,05;0,036;0,05;"11/02/2026 10:24";CET;118684;4337,62;0,05;11/02/2026
"LIGHTHOUSE SPANIS";ES0105825006;-;"Euronext Expert Market";EUR;-;-;-;-;-;CET;-;-;-;-
LIGHTON;FR0013230950;ALTAI;"Euronext Growth Paris";EUR;6,05;6,27;6,00;6,045;"11/02/2026 17:35";CET;8315;50634,89;6,045;11/02/2026
LINDBERGH;IT0005469272;LDB;"Euronext Growth Milan";EUR;8,00;8,00;7,70;7,80;"11/02/2026 17:35";CET;12250;95495,00;7,80;11/02/2026
"Linde PLC";IE000S9YS762;2LINUS;"Trading After Hours";EUR;391,20;391,20;391,20;391,20;"09/01/2026 18:10";CET;7;2738,40;391,20;11/02/2026
"Linde PLC";IE000S9YS762;1LINUS;"Euronext Global Equity Market";EUR;386,80;386,80;386,80;386,80;"10/02/2026 16:57";CET;8;3094,40;391,20;11/02/2026
LINDT;CH0010570759;1LISN;"Euronext Global Equity Market";EUR;-;-;-;-;-;CET;-;-;-;-
"LINDT PS";CH0010570767;1LISP;"Euronext Global Equity Market";EUR;13100,00;13100,00;13000,00;13000,00;"01/09/2025 14:02";CET;2;26100,00;13000,00;11/02/2026
"LINEDATA SERVICES";FR0004156297;LIN;"Euronext Paris";EUR;42,80;43,30;42,10;42,30;"11/02/2026 17:35";CET;634;26949,60;42,30;11/02/2026
"LINK MOBILITY GRP";NO0010894231;LINK;"Oslo Børs";NOK;25,70;25,70;25,05;25,30;"11/02/2026 16:31";CET;2071695;52489095,85;25,30;11/02/2026
LISI;FR0000050353;FII;"Euronext Paris";EUR;56,40;56,60;54,90;55,30;"11/02/2026 17:35";CET;32560;1811073,30;55,30;11/02/2026
LITIX;IT0005600801;LTX;"Euronext Growth Milan";EUR;0,82;0,82;0,81;0,81;"10/02/2026 12:57";CET;3000;2444,00;0,81;11/02/2026
"Live Nation Ent";US5380341090;1LYV;"Euronext Global Equity Market";EUR;123,70;123,70;123,70;123,70;"03/02/2026 09:04";CET;1;123,70;126,00;11/02/2026
"LKQ Corp";US5018892084;1LKQ;"Euronext Global Equity Market";EUR;29,80;29,80;29,80;29,80;"22/01/2026 17:15";CET;34;1013,20;29,40;11/02/2026
LLEIDA;ES0105089009;ALLLN;"Euronext Growth Paris";EUR;1,18;1,18;1,18;1,18;"11/02/2026 09:00";CET;1;1,18;1,18;11/02/2026
"LNA SANTE";FR0004170017;LNA;"Euronext Paris";EUR;26,50;27,30;26,30;26,90;"11/02/2026 17:35";CET;8253;220577,80;26,90;11/02/2026
"LOCASYSTEM INTL";FR0004155208;MLLOI;"Euronext Access Paris";EUR;13,00;13,00;13,00;13,00;"10/02/2026 11:30";CET;5;65,00;13,00;11/02/2026
"Loews Corp";US5404241086;1LOE;"Euronext Global Equity Market";EUR;82,50;82,50;82,50;82,50;"29/09/2025 11:59";CET;1;82,50;94,50;11/02/2026
"LOGIC INSTRUMENT";FR0000044943;ALLOG;"Euronext Growth Paris";EUR;1,75;1,75;1,71;1,73;"11/02/2026 17:35";CET;21039;36345,19;1,73;11/02/2026
"Logista Integral";ES0105027009;1LOG;"Euronext Global Equity Market";EUR;35,20;35,20;34,30;34,30;"09/02/2026 12:12";CET;86;2988,50;33,90;11/02/2026
"Logitech Internati";CH0025751329;1LOGN;"Euronext Global Equity Market";EUR;75,00;77,00;75,00;77,00;"06/02/2026 16:21";CET;66;5002,00;80,50;11/02/2026
"LOKOTECH GROUP";NO0010921299;LOKO;"Euronext Growth Oslo";NOK;0,70;0,714;0,682;0,69;"11/02/2026 16:28";CET;1188964;826157,94;0,69;11/02/2026
"LOKOTECH GROUP TR";NO0013554253;LOKOS;"Euronext Growth Oslo";NOK;0,233;0,288;0,225;0,284;"30/01/2026 16:15";CET;85052;19793,73;0,284;11/02/2026
"LOMBARD ET MEDOT";FR0006205019;MLCAC;"Euronext Access Paris";EUR;15,30;15,30;15,30;15,30;"11/02/2026 16:30";CET;3;45,90;15,30;11/02/2026
LONGINO&CARDENAL;IT0005337073;LON;"Euronext Growth Milan";EUR;0,84;0,84;0,84;0,84;"11/02/2026 09:27";CET;500;420,00;0,84;11/02/2026
"Lonza Group";CH0013841017;1LONN;"Euronext Global Equity Market";EUR;560,00;560,00;555,00;555,00;"09/02/2026 09:00";CET;85;47200,00;555,00;11/02/2026
"LOTTOMATICA GROUP";IT0005541336;2LTMC;"Trading After Hours";EUR;20,16;20,34;20,14;20,34;"11/02/2026 19:17";CET;1618;32902,52;20,34;11/02/2026
"LOTTOMATICA GROUP";IT0005541336;LTMC;"Euronext Milan";EUR;20,60;20,76;20,18;20,18;"11/02/2026 17:36";CET;961977;19591632,96;20,18;11/02/2026
"LOTUS BAKERIES";BE0003604155;LOTB;"Euronext Brussels";EUR;10620,00;10740,00;10520,00;10720,00;"11/02/2026 17:35";CET;1155;12314620,00;10720,00;11/02/2026
"LOUIS HACHETTE";FR001400TL40;ALHG;"Euronext Growth Paris";EUR;1,712;1,7355;1,6845;1,704;"11/02/2026 17:38";CET;1112418;1895246,21;1,704;11/02/2026
"LOWES COMPANIES";US5486611073;2LOW;"Trading After Hours";EUR;187,00;187,00;187,00;187,00;"15/07/2025 20:25";CET;4;748,00;240,60;11/02/2026
"LOWES COMPANIES";US5486611073;1LOW;"Euronext Global Equity Market";EUR;234,05;234,05;234,05;234,05;"23/01/2026 16:02";CET;5;1170,25;240,60;11/02/2026
"LOWES COMPANIES";US5486611073;4LOW;EuroTLX;EUR;185,00;185,00;185,00;185,00;"24/04/2025 09:55";CET;4;740,00;239,80;11/02/2026
"LPKF LASER & ELECT";DE0006450000;1LPK;"Euronext Global Equity Market";EUR;7,21;7,21;7,21;7,21;"05/02/2026 16:44";CET;1079;7779,59;7,83;11/02/2026
"LPKF LASER & ELECT";DE0006450000;4LPK;EuroTLX;EUR;8,53;8,53;8,53;8,53;"14/05/2025 17:15";CET;30;255,90;7,83;11/02/2026
"LPKF LASER&ELECT";DE0006450000;2LPK;"Trading After Hours";EUR;-;-;-;-;-;CET;-;-;-;-
"LPL FINANCIAL HOLD";US50212V1008;1LPLA;"Euronext Global Equity Market";EUR;280,00;280,00;280,00;280,00;"16/09/2025 15:30";CET;2;560,00;296,00;11/02/2026
LUCIBEL;FR0014013HG9;ALUCI;"Euronext Growth Paris";EUR;3,88;3,88;3,5005;3,79;"11/02/2026 15:04";CET;565;2111,86;3,79;11/02/2026
"LUCID GROUP INC";US5494982029;1LCID;"Euronext Global Equity Market";EUR;9,008;9,008;9,008;9,008;"09/02/2026 11:10";CET;30;270,24;8,552;11/02/2026
"LUCISANO MEDIA G";IT0004522162;LMG;"Euronext Growth Milan";EUR;1,04;1,04;1,04;1,04;"10/02/2026 13:54";CET;4000;4160,00;1,04;11/02/2026
"Lululemon Athl";US5500211090;1LUL;"Euronext Global Equity Market";EUR;152,74;152,74;152,74;152,74;"11/02/2026 09:39";CET;10;1527,40;151,22;11/02/2026
"LUMEN TECHNOLOGIES";US5502411037;4CYTH;EuroTLX;EUR;6,20;6,20;6,20;6,20;"04/02/2026 15:36";CET;600;3720,00;6,742;11/02/2026
"LUMEN TECHNOLOGIES";US5502411037;2CYTH;"Trading After Hours";EUR;6,60;6,60;6,60;6,60;"06/02/2026 19:35";CET;100;660,00;6,743;11/02/2026
"LUMEN TECHNOLOGIES";US5502411037;1CYTH;"Euronext Global Equity Market";EUR;6,80;6,80;6,631;6,70;"11/02/2026 16:52";CET;9520;63899,42;6,743;11/02/2026
"LUMENTUM HOLDINGS";US55024U1097;4LITE;EuroTLX;EUR;446,00;453,00;446,00;453,00;"06/02/2026 11:53";CET;90;40280,00;462,50;11/02/2026
"LUMENTUM HOLDINGS";US55024U1097;1LITE;"Euronext Global Equity Market";EUR;469,20;500,40;462,70;462,70;"11/02/2026 17:28";CET;272;130062,70;462,70;11/02/2026
"LUMENTUM HOLDINGS";US55024U1097;2LITE;"Trading After Hours";EUR;471,20;471,20;471,20;471,20;"11/02/2026 20:27";CET;8;3769,60;471,20;11/02/2026
"LUMI GRUPPEN";NO0010927288;LUMI;"Euronext Growth Oslo";NOK;18,50;18,50;18,50;18,50;"10/02/2026 12:34";CET;1600;29600,00;18,50;11/02/2026
LUMIBIRD;FR0000038242;LBIRD;"Euronext Paris";EUR;23,30;23,50;22,40;22,70;"11/02/2026 17:35";CET;32773;750116,00;22,70;11/02/2026
Lundbergforetagen;SE0000108847;1LUND;"Euronext Global Equity Market";EUR;-;-;-;-;-;CET;-;-;-;-
LUVE;IT0005107492;LUVE;"Euronext Milan";EUR;38,75;38,80;38,20;38,35;"11/02/2026 17:35";CET;52396;2012975,35;38,35;11/02/2026
LVMH;FR0000121014;2MC;"Trading After Hours";EUR;542,70;542,70;542,70;542,70;"11/02/2026 18:30";CET;1;542,70;542,70;11/02/2026
LVMH;FR0000121014;1MC;"Euronext Global Equity Market";EUR;535,80;536,10;526,00;527,00;"11/02/2026 17:35";CET;1058;561103,70;527,00;11/02/2026
LVMH;FR0000121014;4MC;EuroTLX;EUR;532,90;532,90;532,80;532,80;"11/02/2026 11:33";CET;52;27705,80;529,10;11/02/2026
LVMH;FR0000121014;MC;"Euronext Paris";EUR;536,50;538,20;525,10;525,10;"11/02/2026 17:35";CET;389742;205507522,40;525,10;11/02/2026
LYFT;US55087P1049;2LYFT;"Trading After Hours";EUR;17,686;17,686;17,686;17,686;"10/12/2025 19:23";CET;3;53,06;12,122;11/02/2026
LYFT;US55087P1049;1LYFT;"Euronext Global Equity Market";EUR;12,34;12,34;11,834;12,044;"11/02/2026 17:05";CET;7667;92503,06;12,122;11/02/2026
LYFT;US55087P1049;4LYFT;EuroTLX;EUR;16,618;16,618;16,618;16,618;"20/10/2025 11:41";CET;10;166,18;12,088;11/02/2026
LyondellBasell;NL0009434992;1LYB;"Euronext Global Equity Market";EUR;48,40;48,40;48,38;48,38;"11/02/2026 10:01";CET;45;2177,12;51,32;11/02/2026
"LYTIX BIOPHARMA";NO0010405780;LYTIX;"Euronext Growth Oslo";NOK;9,30;9,96;9,30;9,56;"11/02/2026 16:15";CET;105542;1003099,98;9,56;11/02/2026
"M VEST WATER";NO0010976343;MVW;"Euronext Growth Oslo";NOK;6,12;6,36;6,10;6,36;"11/02/2026 16:25";CET;20152;124460,64;6,36;11/02/2026
"MAAT PHARMA";FR0012634822;MAAT;"Euronext Paris";EUR;7,30;7,30;7,00;7,06;"11/02/2026 17:35";CET;66260;473137,28;7,06;11/02/2026
"MACC1X1 SOCIMI";ES0105665006;MLMAC;"Euronext Access Lisbon";EUR;1,18;1,18;1,18;1,18;"22/06/2022 04:00";BST;-;-;1,18;11/02/2026
MACOMPTA.FR;FR001400NQB6;MLMCA;"Euronext Access Paris";EUR;5,40;5,40;5,40;5,40;"11/02/2026 16:30";CET;750;4050,00;5,40;11/02/2026
MACYS;US55616P1049;4FDO;EuroTLX;EUR;17,576;17,576;17,576;17,576;"10/11/2025 13:56";CET;59;1036,98;18,216;11/02/2026
MACYS;US55616P1049;1FDO;"Euronext Global Equity Market";EUR;18,95;18,95;18,95;18,95;"09/02/2026 09:59";CET;66;1250,70;18,216;11/02/2026
MACYS;US55616P1049;2FDO;"Trading After Hours";EUR;18,77;18,77;18,77;18,77;"28/11/2025 18:00";CET;100;1877,00;18,216;11/02/2026
"MADRIGAL PHARMACEU";US5588681057;1MDGL;"Euronext Global Equity Market";EUR;453,60;453,60;412,00;412,00;"02/02/2026 15:29";CET;14;6059,20;410,30;11/02/2026
MAGILLEM;FR0010827741;MLMGL;"Euronext Access Paris";EUR;3,42;3,42;3,42;3,42;"30/01/2026 16:30";CET;100;342,00;3,42;11/02/2026
MAGIS;IT0005525347;MGS;"Euronext Growth Milan";EUR;9,60;9,60;9,60;9,60;"11/02/2026 16:19";CET;350;3360,00;9,60;11/02/2026
"MAGNITE INC";US55955D1000;1MGNI;"Euronext Global Equity Market";EUR;11,815;11,815;11,815;11,815;"29/01/2026 12:37";CET;100;1181,50;10,10;11/02/2026
MAGNORA;NO0010187032;MGN;"Oslo Børs";NOK;21,40;21,75;21,40;21,45;"11/02/2026 16:25";CET;77165;1660416,60;21,45;11/02/2026
MAGNUM;NL0015002MS2;MICC;"Euronext Amsterdam";EUR;16,10;16,488;15,974;16,398;"11/02/2026 17:35";CET;2029800;33192219,86;16,398;11/02/2026
MAIRE;IT0004931058;MAIRE;"Euronext Milan";EUR;15,60;15,93;15,51;15,93;"11/02/2026 17:35";CET;615901;9715600,73;15,93;11/02/2026
"MAISON CLIO BLUE";FR0011092089;MLCLI;"Euronext Access Paris";EUR;1,90;1,90;1,90;1,90;"21/11/2025 11:30";CET;2;3,80;1,90;11/02/2026
"MAISON POMMERY";FR0000062796;POMRY;"Euronext Paris, Brussels";EUR;11,30;11,40;11,25;11,40;"11/02/2026 17:35";CET;1934;21845,40;11,40;11/02/2026
"MAISONS DU MONDE";FR0013153541;MDM;"Euronext Paris";EUR;1,56;1,572;1,536;1,552;"11/02/2026 17:35";CET;11335;17538,77;1,552;11/02/2026
"MAKING SCIENCE";ES0105463006;ALMKS;"Euronext Growth Paris";EUR;8,65;8,65;8,65;8,65;"11/02/2026 11:30";CET;1;8,65;8,65;11/02/2026
"MALIN CORP. PLC";IE00BVGC3741;MLC;"Euronext Growth Dublin";EUR;7,70;7,70;7,70;7,70;"11/02/2026 20:56";IST;2053;15192,50;7,70;11/02/2026
"MALTERIES FCO-BEL.";FR0000030074;MALT;"Euronext Paris";EUR;925,00;930,00;925,00;930,00;"11/02/2026 16:30";CET;21;19450,00;930,00;11/02/2026
"MANDATUM OYJ";FI4000552526;1MANT;"Euronext Global Equity Market";EUR;6,918;6,918;6,918;6,918;"16/01/2026 09:00";CET;141;975,44;6,952;11/02/2026
"MANITOU BF";FR0000038606;MTU;"Euronext Paris";EUR;22,65;22,70;22,40;22,55;"11/02/2026 17:35";CET;10160;229114,40;22,55;11/02/2026
MAPFRE;ES0124244E34;2MAP;"Trading After Hours";EUR;3,834;3,834;3,756;3,756;"21/10/2025 18:49";CET;2000;7629,00;3,86;11/02/2026
MAPFRE;ES0124244E34;1MAP;"Euronext Global Equity Market";EUR;3,92;3,92;3,92;3,92;"03/02/2026 09:50";CET;170;666,40;3,86;11/02/2026
MAPFRE;ES0124244E34;4MAP;EuroTLX;EUR;4,026;4,026;4,026;4,026;"20/01/2026 16:30";CET;1750;7045,50;3,86;11/02/2026
MAPS;IT0005364333;MAPS;"Euronext Growth Milan";EUR;2,92;2,92;2,83;2,87;"11/02/2026 17:35";CET;17225;49280,91;2,87;11/02/2026
"MAQ ADMON. URBANAS";ES0105447009;MLMAQ;"Euronext Access Paris";EUR;8,30;8,30;8,30;8,30;"27/01/2020 11:30";CET;1;8,30;8,30;11/02/2026
"MARA HOLDINGS";US5657881067;2MARA;"Trading After Hours";EUR;7,166;7,166;7,166;7,166;"09/02/2026 18:22";CET;52;372,63;6,476;11/02/2026
"MARA HOLDINGS";US5657881067;1MARA;"Euronext Global Equity Market";EUR;6,258;6,40;6,198;6,40;"11/02/2026 15:30";CET;2126;13363,93;6,476;11/02/2026
"MARATHON PETROLEUM";US56585A1025;4MPC;EuroTLX;EUR;160,52;160,52;160,52;160,52;"13/10/2025 11:01";CET;2;321,04;174,64;11/02/2026
"MARATHON PETROLEUM";US56585A1025;2MPC;"Trading After Hours";EUR;144,54;144,54;144,54;144,54;"24/01/2025 19:36";CET;7;1011,78;174,78;11/02/2026
"MARATHON PETROLEUM";US56585A1025;1MPC;"Euronext Global Equity Market";EUR;172,40;172,40;172,40;172,40;"11/02/2026 10:00";CET;126;21722,40;174,78;11/02/2026
"MARE ENGINEERING";IT0005588626;MARE;"Euronext Growth Milan";EUR;3,75;3,76;3,67;3,76;"11/02/2026 17:35";CET;4270;15845,64;3,76;11/02/2026
"MARE NOSTRUM";FR0013400835;ALMAR;"Euronext Growth Paris";EUR;0,58;0,638;0,52;0,57;"11/02/2026 17:21";CET;16824;9888,59;0,57;11/02/2026
MARKBASS;IT0005670960;MARK;"Euronext Growth Milan";EUR;2,10;2,10;2,08;2,0845;"10/02/2026 16:07";CET;5000;10429,00;2,0845;11/02/2026
"MAROC TELECOM";MA0000011488;IAM;"Euronext Paris";EUR;9,90;9,90;9,90;9,90;"11/02/2026 09:00";CET;2;19,80;9,90;11/02/2026
MARR;IT0003428445;MARR;"Euronext Milan";EUR;9,30;9,40;9,17;9,40;"11/02/2026 17:35";CET;193022;1802569,63;9,40;11/02/2026
"MARRIOTT INTERN";US5719032022;4MAR;EuroTLX;EUR;235,00;235,00;235,00;235,00;"09/07/2025 17:29";CET;25;5875,00;304,15;11/02/2026
"MARRIOTT INTERN";US5719032022;1MAR;"Euronext Global Equity Market";EUR;310,85;310,85;310,85;310,85;"11/02/2026 16:23";CET;20;6217,00;303,60;11/02/2026
"MARRIOTT INTERN";US5719032022;2MAR;"Trading After Hours";EUR;227,20;227,20;227,20;227,20;"15/10/2025 18:03";CET;1;227,20;303,60;11/02/2026
MARSH;US5717481023;1MMC;"Euronext Global Equity Market";EUR;162,40;162,40;162,40;162,40;"04/02/2026 12:00";CET;4;649,60;149,05;11/02/2026
MARTIFER;PTMFR0AM0003;MAR;"Euronext Lisbon";EUR;2,50;2,53;2,42;2,42;"11/02/2026 22:35";BST;9270;23237,33;2,42;11/02/2026
"Martin Marietta";US5732841060;1MLM;"Euronext Global Equity Market";EUR;-;-;-;-;-;CET;-;-;-;-
"MARVELL TECHNOLOGY";US5738741041;49MW;EuroTLX;EUR;64,60;64,60;64,60;64,60;"06/02/2026 09:18";CET;25;1615,00;68,26;11/02/2026
"MARVELL TECHNOLOGY";US5738741041;29MW;"Trading After Hours";EUR;67,66;67,66;67,66;67,66;"06/02/2026 18:10";CET;10;676,60;68,27;11/02/2026
"MARVELL TECHNOLOGY";US5738741041;19MW;"Euronext Global Equity Market";EUR;68,69;70,20;67,03;68,37;"11/02/2026 17:02";CET;1035;71874,51;68,27;11/02/2026
"MARZOCCHI POMPE";IT0004376858;MARP;"Euronext Growth Milan";EUR;2,30;2,32;2,24;2,24;"11/02/2026 14:46";CET;4000;9115,00;2,24;11/02/2026
"MASI AGRICOLA";IT0004125677;MASI;"Euronext Growth Milan";EUR;4,29;4,41;4,29;4,41;"11/02/2026 12:19";CET;540;2319,00;4,41;11/02/2026
"MASIMO CORP";US5747951003;1MASI;"Euronext Global Equity Market";EUR;130,75;131,25;128,50;128,50;"13/10/2025 15:30";CET;20;2596,00;108,70;11/02/2026
"MASTEC INC";US5763231090;1MTZ;"Euronext Global Equity Market";EUR;210,00;210,00;210,00;210,00;"06/02/2026 12:37";CET;10;2100,00;222,00;11/02/2026
MASTERCARD;US57636Q1040;1MA;"Euronext Global Equity Market";EUR;456,00;456,00;455,45;455,45;"11/02/2026 15:24";CET;3;1366,95;451,50;11/02/2026
MASTERCARD;US57636Q1040;2MA;"Trading After Hours";EUR;466,85;466,85;466,85;466,85;"15/01/2026 19:13";CET;3;1400,55;451,50;11/02/2026
MASTERCARD;US57636Q1040;4MA;EuroTLX;EUR;487,00;487,00;474,00;474,00;"14/01/2026 13:16";CET;12;5766,00;451,60;11/02/2026
MASTRAD;FR0004155687;ALMAS;"Euronext Growth Paris";EUR;0,0066;0,0066;0,0064;0,0064;"11/02/2026 17:35";CET;192507;1238,62;0,0064;11/02/2026
"MASTRAD BS29";FR0013472446;MASBS;"Euronext Growth Paris";EUR;-;-;-;-;-;CET;-;-;-;-
"Match Group Inc";US57667L1070;1MTCH;"Euronext Global Equity Market";EUR;27,54;27,54;27,54;27,54;"09/02/2026 17:17";CET;2;55,08;26,51;11/02/2026
MATERIALISE;BE0974501331;MTLS;"Euronext Brussels";EUR;5,08;5,08;4,73;4,75;"11/02/2026 16:07";CET;5887;28829,13;4,75;11/02/2026
"MATICA FINTEC";IT0005388449;MFT;"Euronext Growth Milan";EUR;1,875;1,875;1,835;1,845;"11/02/2026 17:21";CET;13500;24961,50;1,845;11/02/2026
MATTEL;US5770811025;2MAT;"Trading After Hours";EUR;13,83;13,83;13,745;13,745;"11/02/2026 18:44";CET;83;1147,64;13,825;11/02/2026
MATTEL;US5770811025;4MAT;EuroTLX;EUR;12,30;12,75;12,30;12,75;"11/02/2026 14:12";CET;1248;15448,04;13,42;11/02/2026
MATTEL;US5770811025;1MAT;"Euronext Global Equity Market";EUR;12,40;13,55;12,085;13,47;"11/02/2026 17:29";CET;16107;206613,08;13,435;11/02/2026
MATVAREEXPRESSEN;NO0013008664;MVE;"Euronext Growth Oslo";NOK;208,00;208,00;206,00;206,00;"10/02/2026 09:36";CET;55;11410,00;206,00;11/02/2026
"MAUNA KEA BSA";FR00140140W9;MKTBS;"Euronext Growth Paris";EUR;0,0392;0,049;0,039;0,039;"11/02/2026 17:15";CET;88556;3697,95;0,039;11/02/2026
"MAUNA KEA TECH";FR0010609263;ALMKT;"Euronext Growth Paris";EUR;0,139;0,1438;0,125;0,1252;"11/02/2026 17:35";CET;2733723;366380,09;0,1252;11/02/2026
MAURAGE;BE0011844108;-;"Euronext Expert Market";EUR;350,00;350,00;350,00;350,00;"10/07/2018 11:30";CET;63;22050,00;350,00;11/02/2026
"MAUREL ET PROM";FR0000051070;MAU;"Euronext Paris";EUR;7,22;7,39;7,195;7,39;"11/02/2026 17:35";CET;213934;1565645,15;7,39;11/02/2026
"Mayr Melnhof K";AT0000938204;1MMK;"Euronext Global Equity Market";EUR;-;-;-;-;-;CET;-;-;-;-
MAZARO;BE0974404361;MLMAZ;"Euronext Access Brussels";EUR;0,90;0,90;0,90;0,90;"19/01/2026 14:29";CET;780;702,00;0,90;11/02/2026
MBWS;FR0000060873;MBWS;"Euronext Paris";EUR;2,76;2,82;2,67;2,82;"11/02/2026 17:35";CET;10100;28307,33;2,82;11/02/2026
"MBZ (Gen-Jce)";BE0010342609;-;"Euronext Expert Market";EUR;124,50;124,50;124,50;124,50;"01/09/2015 11:30";CET;7;871,50;125,00;11/02/2026
"McCormick & Co";US5797802064;1MKC;"Euronext Global Equity Market";EUR;57,38;57,38;57,38;57,38;"10/02/2026 16:15";CET;18;1032,84;58,62;11/02/2026
MCDONALD'S;US5801351017;4MCD;EuroTLX;EUR;263,60;263,60;263,60;263,60;"08/01/2026 10:02";CET;1;263,60;272,90;11/02/2026
MCDONALD'S;US5801351017;1MCD;"Euronext Global Equity Market";EUR;275,70;275,70;272,40;272,40;"11/02/2026 15:30";CET;121;33180,30;272,95;11/02/2026
MCDONALD'S;US5801351017;2MCD;"Trading After Hours";EUR;276,60;276,60;276,60;276,60;"06/02/2026 18:15";CET;3;829,80;272,95;11/02/2026
MCEWEN;US58039P3055;2MUX;"Trading After Hours";EUR;19,40;19,40;19,40;19,40;"16/01/2026 20:29";CET;200;3880,00;22,40;11/02/2026
MCEWEN;US58039P3055;4MUX;EuroTLX;EUR;22,60;22,60;22,60;22,60;"11/02/2026 11:44";CET;1000;22600,00;22,20;11/02/2026
MCEWEN;US58039P3055;1MUX;"Euronext Global Equity Market";EUR;21,60;21,60;21,60;21,60;"10/02/2026 10:12";CET;130;2808,00;22,40;11/02/2026
"McKesson Corp";US58155Q1031;1MCK;"Euronext Global Equity Market";EUR;788,40;788,60;788,40;788,60;"11/02/2026 15:19";CET;32;25233,20;766,80;11/02/2026
MECHELEN;BE0101614551;-;"Euronext Expert Market";EUR;105,00;105,00;105,00;105,00;"13/09/2022 11:30";CET;5;525,00;105,00;11/02/2026
"MEDIA 6";FR0000064404;EDI;"Euronext Paris";EUR;8,45;8,45;8,45;8,45;"10/02/2026 11:27";CET;10;84,50;8,45;11/02/2026
"MEDIA CAPITAL";PTGMC0AM0003;MCP;"Euronext Lisbon";EUR;1,90;1,90;1,90;1,90;"29/12/2025 16:30";BST;1;1,90;1,90;11/02/2026
"MEDIA LAB";IT0005324105;MLLAB;"Euronext Access Paris";EUR;3,20;3,20;3,20;3,20;"06/02/2026 11:30";CET;100;320,00;3,20;11/02/2026
"MEDIAN TECH BSA";FR0014011D04;MDTBS;"Euronext Growth Paris";EUR;5,40;5,40;4,32;5,35;"11/02/2026 16:37";CET;6095;29766,24;5,35;11/02/2026
MEDIANTECHNOLOGIES;FR0011049824;ALMDT;"Euronext Growth Paris";EUR;6,22;6,38;6,00;6,25;"11/02/2026 17:35";CET;633886;3931735,91;6,25;11/02/2026
MEDINCELL;FR0004065605;MEDCL;"Euronext Paris";EUR;23,60;24,18;22,88;24,12;"11/02/2026 17:39";CET;129699;3052877,06;24,12;11/02/2026
MEDIOBANCA;IT0000062957;2MB;"Trading After Hours";EUR;18,44;18,70;18,315;18,49;"11/02/2026 20:29";CET;1655;30548,43;18,46;11/02/2026
MEDIOBANCA;IT0000062957;MB;"Euronext Milan";EUR;18,80;18,915;18,26;18,305;"11/02/2026 17:38";CET;2314476;42806651,31;18,305;11/02/2026
MEDISTIM;NO0010159684;MEDI;"Oslo Børs";NOK;218,00;224,00;214,00;215,00;"11/02/2026 16:25";CET;45748;9924546,00;215,00;11/02/2026
"MEDPACE HOLDINGS I";US58506Q1094;1MEDP;"Euronext Global Equity Market";EUR;509,00;509,00;495,00;495,00;"23/01/2026 17:06";CET;13;6505,00;375,60;11/02/2026
MEDTRONIC;IE00BTN1Y115;2MDT;"Trading After Hours";EUR;80,36;80,36;80,36;80,36;"06/11/2025 19:24";CET;1;80,36;83,88;11/02/2026
MEDTRONIC;IE00BTN1Y115;1MDT;"Euronext Global Equity Market";EUR;85,46;85,46;85,46;85,46;"10/02/2026 16:19";CET;70;5982,20;83,88;11/02/2026
MEDTRONIC;IE00BTN1Y115;4MDT;EuroTLX;EUR;89,63;90,00;89,63;90,00;"26/11/2025 10:44";CET;200;17963,00;83,87;11/02/2026
MEGLIOQUESTO;IT0005450173;MQSPA;"Euronext Growth Milan";EUR;0,218;0,22;0,212;0,219;"18/03/2024 17:15";CET;31000;6740,91;0,219;11/02/2026
MELEXIS;BE0165385973;MELE;"Euronext Brussels";EUR;57,10;57,10;55,50;56,50;"11/02/2026 17:35";CET;110887;6227816,25;56,50;11/02/2026
MELEXIS;BE0165385973;2MELE;"Trading After Hours";EUR;-;-;-;-;-;CET;-;-;-;-
"MELHUS SPAREBANK";NO0006001908;MELG;"Oslo Børs";NOK;204,40;204,40;200,00;204,00;"11/02/2026 16:25";CET;1380;281781,95;204,00;11/02/2026
"MEMSCAP REGPT";FR0010298620;MEMS;"Euronext Paris";EUR;4,575;4,94;4,55;4,87;"11/02/2026 17:35";CET;72702;347156,91;4,87;11/02/2026
"MercadoLibre Inc";US58733R1023;1MELI;"Euronext Global Equity Market";EUR;1710,00;1710,00;1668,00;1677,60;"11/02/2026 16:35";CET;13;21852,60;1691,00;11/02/2026
"MERCEDES-BENZ G.";DE0007100000;2MBG;"Trading After Hours";EUR;59,29;59,29;59,29;59,29;"21/01/2026 18:00";CET;100;5929,00;58,25;11/02/2026
"MERCEDES-BENZ G.";DE0007100000;4MBG;EuroTLX;EUR;59,16;59,16;59,16;59,16;"05/02/2026 13:51";CET;600;35496,00;58,24;11/02/2026
"MERCEDES-BENZ G.";DE0007100000;1MBG;"Euronext Global Equity Market";EUR;58,38;58,93;57,75;58,27;"11/02/2026 17:29";CET;2314;134934,29;58,25;11/02/2026
MERCIALYS;FR0010241638;MERY;"Euronext Paris";EUR;11,10;11,16;11,00;11,02;"11/02/2026 17:35";CET;190807;2109010,74;11,02;11/02/2026
MERCIALYS;FR0010241638;2MERY;"Trading After Hours";EUR;-;-;-;-;-;CET;-;-;-;-
MERCK;DE0006599905;1MRK;"Euronext Global Equity Market";EUR;125,60;125,60;125,10;125,10;"10/02/2026 12:34";CET;64;8023,40;125,15;11/02/2026
MERCK;DE0006599905;2MRK;"Trading After Hours";EUR;127,20;127,20;127,20;127,20;"09/02/2026 19:04";CET;1;127,20;125,15;11/02/2026
MERCK;DE0006599905;4MRK;EuroTLX;EUR;126,90;126,90;126,90;126,90;"09/01/2026 12:51";CET;20;2538,00;124,90;11/02/2026
"MERCK & CO.";US58933Y1055;1MRKX;"Euronext Global Equity Market";EUR;98,70;99,70;97,80;99,70;"11/02/2026 16:10";CET;104;10295,80;99,90;11/02/2026
"MERCK & CO.";US58933Y1055;4MRKX;EuroTLX;EUR;95,50;95,50;93,70;93,70;"03/02/2026 13:01";CET;89;8355,50;99,90;11/02/2026
MERCK&CO.;US58933Y1055;2MRKX;"Trading After Hours";EUR;99,30;99,30;99,30;99,30;"10/02/2026 18:00";CET;1;99,30;99,90;11/02/2026
"MERIDIA RE IV";ES0105559001;MLMIV;"Euronext Access Paris";EUR;18,55;18,55;18,55;18,55;"02/07/2021 00:00";CET;-;-;17,60;11/02/2026
"MERLIN PROPERTIES";ES0105025003;MRL;"Euronext Lisbon";EUR;13,40;13,40;13,40;13,40;"11/02/2026 19:21";BST;549;7356,60;13,40;11/02/2026
MERSEN;FR0000039620;2MRN;"Trading After Hours";EUR;-;-;-;-;-;CET;-;-;-;-
MERSEN;FR0000039620;MRN;"Euronext Paris";EUR;27,10;27,35;26,95;27,00;"11/02/2026 17:35";CET;13266;359178,35;27,00;11/02/2026
"MESSER BELGIUM";BE0003222214;-;"Euronext Expert Market";EUR;-;-;-;-;-;CET;-;-;-;-
"MET.EXTRA GROUP";IT0005481855;MET;"Euronext Milan";EUR;1,98;1,98;1,82;1,96;"11/02/2026 15:54";CET;8820;16779,56;1,96;11/02/2026
"META PLATFORMS";US30303M1027;2META;"Trading After Hours";EUR;559,00;559,00;559,00;559,00;"11/02/2026 18:40";CET;2;1118,00;559,00;11/02/2026
"META PLATFORMS";US30303M1027;1FB;"Euronext Global Equity Market";EUR;564,40;571,80;557,80;561,30;"11/02/2026 17:35";CET;2021;1141220,80;561,30;11/02/2026
"META PLATFORMS";US30303M1027;4FB;EuroTLX;EUR;560,00;560,00;560,00;560,00;"06/02/2026 09:06";CET;8;4480,00;563,20;11/02/2026
"METALEN GALLER";BE0038785821;-;"Euronext Expert Market";EUR;400,00;400,00;400,00;400,00;"20/10/2015 11:30";CET;515;206000,00;400,00;11/02/2026
METAVISIO;FR00140066X4;ALTHO;"Euronext Growth Paris";EUR;0,0027;0,0027;0,0022;0,0023;"11/02/2026 17:35";CET;36227543;86285,65;0,0023;11/02/2026
METHANOR;FR0011217710;ALMET;"Euronext Growth Paris";EUR;2,48;2,48;2,48;2,48;"11/02/2026 13:30";CET;342;848,16;2,48;11/02/2026
"MetLife Inc";US59156R1086;1MET;"Euronext Global Equity Market";EUR;66,83;66,83;66,83;66,83;"06/02/2026 10:23";CET;45;3007,35;66,26;11/02/2026
"METRICS IN BALANCE";BE0974328602;MLMIB;"Euronext Access Paris";EUR;0,033;0,033;0,033;0,033;"15/10/2024 12:02";CET;4000;132,00;0,033;11/02/2026
"METRIKS AI";IT0005651481;MTK;"Euronext Growth Milan";EUR;3,47;3,47;3,47;3,47;"11/02/2026 12:59";CET;1000;3470,00;3,47;11/02/2026
"METROPOLE TV";FR0000053225;MMT;"Euronext Paris";EUR;12,22;12,22;12,04;12,06;"11/02/2026 17:35";CET;140538;1703572,64;12,06;11/02/2026
"METROPOLE TV";FR0000053225;2MMT;"Trading After Hours";EUR;-;-;-;-;-;CET;-;-;-;-
"Metsa Board Oyj B";FI0009000665;1MTBB;"Euronext Global Equity Market";EUR;-;-;-;-;-;CET;-;-;-;-
"Metso Oyj";FI0009014575;1METS;"Euronext Global Equity Market";EUR;17,28;17,28;16,73;16,73;"03/02/2026 14:04";CET;400;6802,00;16,82;11/02/2026
"Mettler-Toledo Int";US5926881054;1MTD;"Euronext Global Equity Market";EUR;-;-;-;-;-;CET;-;-;-;-
MEVIM;IT0005586950;MEV;"Euronext Growth Milan";EUR;0,095;0,095;0,095;0,095;"11/02/2026 17:35";CET;6244;593,18;0,095;11/02/2026
MEXEDIA;IT0005450819;ALMEX;"Euronext Growth Paris";EUR;12,10;12,10;11,80;12,10;"11/02/2026 17:35";CET;31358;376133,90;12,10;11/02/2026
"MFE A";NL0015001OI1;2MFEA;"Trading After Hours";EUR;3,026;3,04;3,024;3,04;"11/02/2026 20:23";CET;3000;9091,00;3,03;11/02/2026
"MFE A";NL0015001OI1;MFEA;"Euronext Milan";EUR;3,14;3,152;3,028;3,03;"11/02/2026 17:35";CET;2024941;6234874,05;3,03;11/02/2026
"MFE B";NL0015001OJ9;MFEB;"Euronext Milan";EUR;4,09;4,09;3,956;3,968;"11/02/2026 17:35";CET;415714;1662457,83;3,968;11/02/2026
"MFE B";NL0015001OJ9;2MFEB;"Trading After Hours";EUR;3,968;4,028;3,968;4,028;"11/02/2026 18:44";CET;870;3478,26;3,998;11/02/2026
"MG INTERNATIONAL";FR0010204453;ALMGI;"Euronext Growth Paris";EUR;2,30;2,30;2,30;2,30;"10/02/2026 11:30";CET;47;108,10;2,30;11/02/2026
"MGI DIGITAL GRAPHI";FR0010353888;ALMDG;"Euronext Growth Paris";EUR;9,02;9,03;8,70;8,70;"11/02/2026 17:35";CET;14985;133250,21;8,70;11/02/2026
"MGM Resorts Int";US5529531015;1MGM;"Euronext Global Equity Market";EUR;29,385;29,385;29,385;29,385;"03/02/2026 16:30";CET;460;13517,10;30,815;11/02/2026
MICHELIN;FR001400AJ45;ML;"Euronext Paris";EUR;32,80;32,81;32,15;32,37;"11/02/2026 17:38";CET;2238773;72481447,38;32,37;11/02/2026
"MICROCHIP TECHNOL";US5950171042;4MCHP;EuroTLX;EUR;59,00;59,00;59,00;59,00;"12/12/2025 10:58";CET;5;295,00;67,47;11/02/2026
"MICROCHIP TECHNOL";US5950171042;2MCHP;"Trading After Hours";EUR;68,00;68,00;68,00;68,00;"28/01/2026 18:49";CET;100;6800,00;67,49;11/02/2026
"MICROCHIP TECHNOL";US5950171042;1MCHP;"Euronext Global Equity Market";EUR;64,90;64,90;64,90;64,90;"11/02/2026 09:59";CET;65;4218,50;67,49;11/02/2026
"MICRON TECHNOLOGY";US5951121038;2MT;"Trading After Hours";EUR;335,35;343,80;335,35;343,80;"11/02/2026 20:27";CET;182;61679,50;338,90;11/02/2026
"MICRON TECHNOLOGY";US5951121038;1MU;"Euronext Global Equity Market";EUR;314,50;343,90;312,75;331,50;"11/02/2026 17:35";CET;14227;4693700,30;331,50;11/02/2026
"MICRON TECHNOLOGY";US5951121038;4MU;EuroTLX;EUR;346,00;346,00;345,25;345,25;"02/02/2026 12:02";CET;261;90118,50;331,85;11/02/2026
"MICROSOFT CORP";US5949181045;4MSFT;EuroTLX;EUR;349,00;350,00;348,00;350,00;"10/02/2026 16:01";CET;33;11523,00;340,30;11/02/2026
"MICROSOFT CORP";US5949181045;2MSFT;"Trading After Hours";EUR;338,10;346,85;337,65;346,85;"11/02/2026 20:27";CET;117;39621,20;338,65;11/02/2026
"MICROSOFT CORP";US5949181045;1MSFT;"Euronext Global Equity Market";EUR;348,45;351,75;339,10;339,10;"11/02/2026 17:35";CET;9552;3296210,65;339,10;11/02/2026
"MICS PARTNERS";BE0010610377;-;"Euronext Expert Market";EUR;-;-;-;-;-;CET;-;-;-;-
"MIGUET ET ASSOCIES";FR0010500363;MLNMA;"Euronext Access Paris";EUR;0,08;0,08;0,08;0,08;"10/02/2026 13:17";CET;11165;893,20;0,08;11/02/2026
MIKO;BE0003731453;MIKO;"Euronext Brussels";EUR;58,40;58,40;58,40;58,40;"11/02/2026 11:30";CET;82;4788,80;58,40;11/02/2026
MILIBOO;FR0013053535;ALMLB;"Euronext Growth Paris";EUR;1,93;1,93;1,93;1,93;"11/02/2026 09:00";CET;1;1,93;1,93;11/02/2026
"MINCON GROUP PLC";IE00BD64C665;MIO;"Euronext Growth Dublin";EUR;0,60;0,60;0,58;0,58;"11/02/2026 21:01";IST;28;16,44;0,58;11/02/2026
MINT;FR0004172450;ALMIN;"Euronext Growth Paris";EUR;5,82;5,82;5,68;5,80;"11/02/2026 17:35";CET;2013;11588,76;5,80;11/02/2026
"MISITANO STRACUZZI";IT0005603078;MS;"Euronext Growth Milan";EUR;1,975;1,975;1,975;1,975;"11/02/2026 14:40";CET;51;100,73;1,975;11/02/2026
"MIT SIM";IT0005427510;MTS;"Euronext Growth Milan";EUR;1,86;1,86;1,78;1,78;"11/02/2026 16:04";CET;1800;3220,00;1,78;11/02/2026
"MKB Nedsense";NL0009312842;NEDSE;"Euronext Amsterdam";EUR;0,184;0,184;0,172;0,174;"11/02/2026 12:50";CET;19303;3429,54;0,174;11/02/2026
"MKS INSTRUMENTS IN";US55306N1046;1MKSI;"Euronext Global Equity Market";EUR;215,10;215,10;215,10;215,10;"10/02/2026 11:15";CET;15;3226,50;211,20;11/02/2026
MODERNA;US60770K1079;4MRNA;EuroTLX;EUR;32,00;32,00;31,50;31,88;"11/02/2026 16:09";CET;460;14644,50;32,31;11/02/2026
MODERNA;US60770K1079;2MRNA;"Trading After Hours";EUR;31,775;32,215;31,775;32,215;"11/02/2026 19:29";CET;110;3499,65;31,815;11/02/2026
MODERNA;US60770K1079;1MRNA;"Euronext Global Equity Market";EUR;31,795;32,54;31,00;32,51;"11/02/2026 17:35";CET;62073;1979357,17;32,51;11/02/2026
"MODINE MANUFACTURI";US6078281002;1MOD;"Euronext Global Equity Market";EUR;193,60;193,60;193,60;193,60;"11/02/2026 15:33";CET;67;12971,20;187,00;11/02/2026
"Mohawk Ind";US6081901042;1MHK;"Euronext Global Equity Market";EUR;103,00;103,00;103,00;103,00;"25/07/2025 13:57";CET;20;2060,00;113,00;11/02/2026
"Molina Healthcare";US60855R1005;1MOH;"Euronext Global Equity Market";EUR;105,35;105,35;104,30;104,30;"11/02/2026 16:40";CET;175;18411,40;105,65;11/02/2026
"Molson Coors Bev";US60871R2094;1TAP;"Euronext Global Equity Market";EUR;40,28;42,14;40,28;42,14;"23/01/2026 10:03";CET;350;14423,50;45,22;11/02/2026
"MOLTIPLY GROUP";IT0004195308;MOL;"Euronext Milan";EUR;34,45;34,50;32,00;32,60;"11/02/2026 17:35";CET;245470;8054380,40;32,60;11/02/2026
"MON COURTIER ENERG";FR001400H3A0;ALMCE;"Euronext Growth Paris";EUR;4,52;4,56;4,52;4,56;"11/02/2026 09:05";CET;56;254,12;4,56;11/02/2026
"MONCEY (FIN.) NOM.";FR001400SU99;FMONC;"Euronext Paris";EUR;119,50;120,00;117,00;117,50;"11/02/2026 14:40";CET;46;5431,50;117,50;11/02/2026
MONCLER;IT0004965148;MONC;"Euronext Milan";EUR;50,50;51,36;50,38;51,34;"11/02/2026 17:39";CET;907030;46328793,01;51,34;11/02/2026
MONCLER;IT0004965148;2MONC;"Trading After Hours";EUR;51,34;51,34;51,20;51,20;"11/02/2026 20:02";CET;304;15586,36;51,28;11/02/2026
"MONDADORI EDIT";IT0001469383;MN;"Euronext Milan";EUR;2,13;2,13;2,09;2,12;"11/02/2026 17:35";CET;380048;801686,83;2,12;11/02/2026
"MONDELEZ INTERN";US6092071058;2MDLZ;"Trading After Hours";EUR;60,39;60,39;60,39;60,39;"18/07/2025 18:22";CET;74;4468,86;51,84;11/02/2026
"MONDELEZ INTERN";US6092071058;4MDLZ;EuroTLX;EUR;54,28;54,28;54,28;54,28;"26/09/2025 14:12";CET;1;54,28;51,83;11/02/2026
"MONDELEZ INTERN";US6092071058;1MDLZ;"Euronext Global Equity Market";EUR;51,00;51,00;50,62;51,00;"11/02/2026 14:30";CET;18;914,20;51,84;11/02/2026
"MONDO TV";IT0001447785;MTV;"Euronext Milan";EUR;0,0518;0,054;0,0518;0,052;"11/02/2026 17:35";CET;178699;9550,99;0,052;11/02/2026
"MONDO TV FRANCE";FR0014011ND8;MTVFR;"Euronext Growth Milan";EUR;0,023;0,023;0,022;0,022;"11/02/2026 16:12";CET;257400;5734,95;0,022;11/02/2026
"MongoDB Inc";US60937P1066;1MDB;"Euronext Global Equity Market";EUR;310,15;322,15;310,15;322,15;"10/02/2026 16:06";CET;77;24262,95;298,85;11/02/2026
MONNALISA;IT0005338139;MNL;"Euronext Growth Milan";EUR;0,886;0,886;0,886;0,886;"10/02/2026 09:12";CET;2350;2082,10;0,886;11/02/2026
"Monolithic Power";US6098391054;1MPWR;"Euronext Global Equity Market";EUR;974,40;974,40;974,40;974,40;"11/02/2026 15:31";CET;5;4872,00;995,60;11/02/2026
"Monster Beverage";US61174X1090;1MNST;"Euronext Global Equity Market";EUR;67,22;67,70;67,22;67,70;"11/02/2026 16:04";CET;285;19294,02;67,87;11/02/2026
MONTEA;BE0003853703;MONT;"Euronext Brussels, Paris";EUR;74,90;75,40;74,00;74,20;"11/02/2026 17:35";CET;46173;3439662,15;74,20;11/02/2026
"MONTEPINO LOGISTIC";ES0105549002;MLMTP;"Euronext Access Paris";EUR;10,40;10,40;10,40;10,40;"06/02/2026 11:30";CET;1190;12376,00;10,40;11/02/2026
"MONUMENTAL RES";PTMNN0AE0006;MLMR;"Euronext Access Lisbon";EUR;0,994;0,994;0,994;0,994;"23/05/2019 04:00";BST;-;-;0,995;11/02/2026
"Moody's Corp";US6153691059;1MCO;"Euronext Global Equity Market";EUR;351,40;355,40;351,40;355,40;"11/02/2026 15:14";CET;23;8094,20;339,90;11/02/2026
MOPOLI;NL0000488153;MOP;"Euronext Brussels";EUR;230,00;230,00;230,00;230,00;"09/02/2026 11:30";CET;5;1150,00;230,00;11/02/2026
"MOPOLI FOND";NL0000488161;MOPF;"Euronext Brussels";EUR;7700,00;7700,00;7700,00;7700,00;"05/02/2026 12:43";CET;1;7700,00;7700,00;11/02/2026
"MOREFIELD GROUP";CWN814651014;MORE;"Euronext Amsterdam";EUR;0,77;0,78;0,765;0,78;"11/02/2026 11:10";CET;620;475,25;0,78;11/02/2026
MORELD;NO0013325506;MORLD;"Oslo Børs";NOK;17,00;17,38;16,90;16,98;"11/02/2026 16:25";CET;224789;3836957,30;16,98;11/02/2026
"MORGAN STANLEY";US6174464486;1MS;"Euronext Global Equity Market";EUR;146,96;146,96;146,96;146,96;"11/02/2026 17:09";CET;15;2204,40;147,86;11/02/2026
"MORGAN STANLEY";US6174464486;2MS;"Trading After Hours";EUR;151,74;151,74;151,74;151,74;"28/01/2026 18:19";CET;33;5007,42;147,86;11/02/2026
"MORGAN STANLEY";US6174464486;4MS;EuroTLX;EUR;150,92;150,92;150,92;150,92;"11/02/2026 13:52";CET;15;2263,80;147,96;11/02/2026
"Mosaic Co/The";US61945C1036;1MOS;"Euronext Global Equity Market";EUR;24,895;24,895;24,895;24,895;"10/02/2026 14:37";CET;45;1120,28;25,955;11/02/2026
"MOTA ENGIL";PTMEN0AE0005;2EGL;"Trading After Hours";EUR;-;-;-;-;-;CET;-;-;-;-
"MOTA ENGIL";PTMEN0AE0005;EGL;"Euronext Lisbon";EUR;4,956;5,03;4,906;4,97;"11/02/2026 22:35";BST;1279280;6364543,53;4,97;11/02/2026
MOTORK;GB00BMXH3352;MTRK;"Euronext Amsterdam";EUR;3,79;3,80;3,78;3,80;"11/02/2026 17:35";CET;6286;23844,15;3,80;11/02/2026
"MOTOROLA SOLUTIONS";US6200763075;2MSI;"Trading After Hours";EUR;459,60;459,60;459,60;459,60;"19/11/2024 18:00";CET;10;4596,00;353,20;11/02/2026
"MOTOROLA SOLUTIONS";US6200763075;4MSI;EuroTLX;EUR;365,90;365,90;365,90;365,90;"09/05/2025 11:57";CET;1;365,90;354,80;11/02/2026
"MOTOROLA SOLUTIONS";US6200763075;1MSI;"Euronext Global Equity Market";EUR;335,50;335,50;335,50;335,50;"02/02/2026 12:25";CET;3;1006,50;353,20;11/02/2026
MOULINVEST;FR0011033083;ALMOU;"Euronext Growth Paris";EUR;25,90;25,90;25,30;25,50;"11/02/2026 15:19";CET;730;18781,50;25,50;11/02/2026
"MOURY CONSTRUCT";BE0003602134;MOUR;"Euronext Brussels";EUR;650,00;654,00;650,00;654,00;"11/02/2026 17:00";CET;156;101476,00;654,00;11/02/2026
MOWI;NO0003054108;MOWI;"Oslo Børs";NOK;225,60;230,60;224,60;229,60;"11/02/2026 16:29";CET;1783209;407109278,30;229,60;11/02/2026
"MP MATERIALS CORP";US5533681012;1MP;"Euronext Global Equity Market";EUR;55,00;55,00;52,20;52,60;"10/02/2026 16:00";CET;208;10951,20;50,60;11/02/2026
"MPC CONTAINER SHIP";NO0010791353;MPCC;"Oslo Børs";NOK;18,43;18,64;18,17;18,585;"11/02/2026 16:28";CET;1387812;25570127,81;18,585;11/02/2026
"MPC ENERGY SOLUTIO";NL0015268814;MPCES;"Euronext Growth Oslo";NOK;13,90;13,90;13,50;13,60;"11/02/2026 16:19";CET;14866;202805,25;13,60;11/02/2026
"MR BRICOLAGE";FR0004034320;ALMRB;"Euronext Growth Paris";EUR;5,34;5,44;5,28;5,28;"11/02/2026 17:35";CET;2091;11175,00;5,28;11/02/2026
"MSCI Inc";US55354G1004;1MSCI;"Euronext Global Equity Market";EUR;433,80;433,80;428,70;428,70;"11/02/2026 17:28";CET;33;14278,80;427,80;11/02/2026
"MTU AERO ENGINES";DE000A0D9PT0;4MTX;EuroTLX;EUR;384,60;384,60;384,60;384,60;"21/01/2026 09:10";CET;20;7692,00;379,50;11/02/2026
"MTU AERO ENGINES";DE000A0D9PT0;1MTX;"Euronext Global Equity Market";EUR;378,80;384,30;378,80;384,30;"11/02/2026 14:57";CET;6;2289,30;379,70;11/02/2026
"MTU AERO ENGINES";DE000A0D9PT0;2MTX;"Trading After Hours";EUR;387,60;387,60;387,60;387,60;"02/02/2026 18:39";CET;1;387,60;379,70;11/02/2026
MULTICONSULT;NO0010734338;MULTI;"Oslo Børs";NOK;165,50;165,50;158,50;158,50;"11/02/2026 16:28";CET;18382;2964889,50;158,50;11/02/2026
MUNIC;FR0013462231;ALMUN;"Euronext Growth Paris";EUR;0,634;0,648;0,622;0,622;"11/02/2026 16:28";CET;7393;4688,22;0,622;11/02/2026
"MUNICH RE";DE0008430026;2MUV2;"Trading After Hours";EUR;593,40;599,40;593,40;599,40;"24/07/2025 19:54";CET;20;11898,00;534,20;11/02/2026
"MUNICH RE";DE0008430026;4MUV2;EuroTLX;EUR;518,40;518,40;518,40;518,40;"25/09/2025 10:40";CET;8;4147,20;534,00;11/02/2026
"MUNICH RE";DE0008430026;1MUV2;"Euronext Global Equity Market";EUR;524,80;534,40;524,80;534,40;"11/02/2026 15:07";CET;34;18007,60;534,20;11/02/2026
"Munters Group";SE0009806607;1MTRS;"Euronext Global Equity Market";EUR;17,30;17,30;17,30;17,30;"11/02/2026 09:55";CET;41;709,30;18,24;11/02/2026
"MUTTER VENTURES";ES0105697009;MLMUT;"Euronext Access Paris";EUR;2,20;2,20;2,20;2,20;"09/02/2026 16:30";CET;1;2,20;2,20;11/02/2026
Mycronic;SE0025158629;1MYCR;"Euronext Global Equity Market";EUR;18,828;19,772;18,828;19,772;"05/02/2026 12:46";CET;5325;100331,67;17,90;11/02/2026
MYHOTELMATCH;FR001400IE67;MHM;"Euronext Paris";EUR;0,25;0,252;0,249;0,252;"11/02/2026 17:35";CET;2499;623,89;0,252;11/02/2026
MÅSØVAL;NO0010974983;MAS;"Euronext Growth Oslo";NOK;24,40;24,40;24,40;24,40;"11/02/2026 16:25";CET;276;6734,40;24,40;11/02/2026
NACON;FR0013482791;NACON;"Euronext Paris";EUR;0,40;0,4055;0,384;0,397;"11/02/2026 17:35";CET;194047;76383,88;0,397;11/02/2026
"NAI ORD SHARES";NL0015000CG2;NAI;"Euronext Amsterdam";EUR;8,80;8,80;8,80;8,80;"09/02/2026 10:15";CET;604;5315,20;8,80;11/02/2026
"NAI TREAS SHARES";NL0015000CF4;NAITR;"Euronext Amsterdam";EUR;-;-;-;-;-;CET;-;-;-;-
"NAI WARRANTS";NL0015000CH0;NAIW;"Euronext Amsterdam";EUR;0,0119;0,0119;0,0119;0,0119;"05/02/2026 09:43";CET;45;0,54;0,0119;11/02/2026
NAMR;FR0014003J32;ALNMR;"Euronext Growth Paris";EUR;0,225;0,23;0,225;0,23;"16/06/2025 17:20";CET;1183;271,66;0,23;11/02/2026
NANOBIOTIX;FR0011341205;NANO;"Euronext Paris";EUR;21,40;21,95;20,05;20,10;"11/02/2026 17:35";CET;256224;5385104,49;20,10;11/02/2026
NAPATECH;DK0060520450;NAPA;"Oslo Børs";NOK;32,40;33,20;31,25;32,00;"11/02/2026 16:25";CET;382841;12406674,30;32,00;11/02/2026
"Nasdaq Inc";US6311031081;1NDAQ;"Euronext Global Equity Market";EUR;69,64;69,64;67,85;67,85;"11/02/2026 16:12";CET;305;21024,20;67,60;11/02/2026
"NATURGY ENERGY GR";ES0116870314;2NTGY;"Trading After Hours";EUR;22,66;22,66;22,66;22,66;"29/10/2024 19:16";CET;9;203,94;26,46;11/02/2026
"NATURGY ENERGY GR";ES0116870314;1NTGY;"Euronext Global Equity Market";EUR;26,38;26,38;26,38;26,38;"03/02/2026 16:06";CET;80;2110,40;26,46;11/02/2026
"NATURGY ENERGY GR";ES0116870314;4NTGY;EuroTLX;EUR;24,74;24,74;24,74;24,74;"12/12/2025 10:54";CET;21;519,54;26,46;11/02/2026
NAVAMEDIC;NO0010205966;NAVA;"Oslo Børs";NOK;22,10;22,30;22,00;22,30;"11/02/2026 13:47";CET;3809;84795,60;22,30;11/02/2026
NEDAP;NL0000371243;NEDAP;"Euronext Amsterdam";EUR;87,50;87,50;86,20;86,20;"11/02/2026 17:35";CET;3251;281732,30;86,20;11/02/2026
NEKKAR;NO0003049405;NKR;"Oslo Børs";NOK;12,10;12,35;11,95;12,05;"11/02/2026 16:25";CET;168593;2032267,85;12,05;11/02/2026
NEL;NO0010081235;NEL;"Oslo Børs";NOK;2,20;2,22;2,17;2,17;"11/02/2026 16:25";CET;2376018;5220149,71;2,17;11/02/2026
NEMETSCHEK;DE0006452907;2NEMX;"Trading After Hours";EUR;68,80;68,80;68,80;68,80;"09/02/2026 18:21";CET;35;2408,00;68,05;11/02/2026
NEMETSCHEK;DE0006452907;4NEMX;EuroTLX;EUR;124,80;124,80;124,80;124,80;"19/08/2025 16:26";CET;2;249,60;68,20;11/02/2026
NEMETSCHEK;DE0006452907;1NEMX;"Euronext Global Equity Market";EUR;70,50;70,50;69,30;69,30;"06/02/2026 09:49";CET;786;54486,60;68,05;11/02/2026
NEODECORTECH;IT0005275778;NDT;"Euronext Milan";EUR;3,80;3,80;3,76;3,78;"11/02/2026 17:35";CET;8743;32926,40;3,78;11/02/2026
NEOLIFE;FR0011636083;ALNLF;"Euronext Growth Paris";EUR;0,0578;0,058;0,0564;0,0578;"11/02/2026 16:41";CET;76900;4419,29;0,0578;11/02/2026
NEOSPERIENCE;IT0005497018;NSP;"Euronext Growth Milan";EUR;0,443;0,445;0,42;0,44;"20/06/2025 17:26";CET;44000;19192,00;0,44;11/02/2026
NEOVACS;FR0014010856;ALNEV;"Euronext Growth Paris";EUR;0,0022;0,0022;0,0019;0,0019;"11/02/2026 17:35";CET;8146883;16489,37;0,0019;11/02/2026
"NEPI ROCKCASTLE";NL0015000RT3;NRP;"Euronext Amsterdam";EUR;7,78;7,84;7,66;7,84;"11/02/2026 16:58";CET;3371;26303,86;7,84;11/02/2026
NESTE;FI0009013296;4NESTE;EuroTLX;EUR;21,85;21,85;21,85;21,85;"04/02/2026 16:38";CET;90;1966,50;20,90;11/02/2026
NESTE;FI0009013296;1NESTE;"Euronext Global Equity Market";EUR;20,78;21,14;20,70;20,90;"11/02/2026 14:54";CET;479;10027,26;20,29;11/02/2026
NESTE;FI0009013296;2NESTE;"Trading After Hours";EUR;19,96;19,96;19,96;19,96;"05/02/2026 18:53";CET;100;1996,00;20,29;11/02/2026
Nestle;CH0038863350;1NESN;"Euronext Global Equity Market";EUR;87,00;87,00;83,50;85,00;"11/02/2026 16:19";CET;493;41955,50;85,00;11/02/2026
"NetApp Inc";US64110D1046;1NTAP;"Euronext Global Equity Market";EUR;88,60;88,85;88,60;88,85;"11/02/2026 15:41";CET;59;5241,15;88,29;11/02/2026
NETFLIX;US64110L1061;2NFLX;"Trading After Hours";EUR;66,95;66,95;66,95;66,95;"11/02/2026 18:21";CET;25;1673,75;66,95;11/02/2026
NETFLIX;US64110L1061;4NFLX;EuroTLX;EUR;67,98;67,98;67,98;67,98;"09/02/2026 12:05";CET;120;8157,60;67,53;11/02/2026
NETFLIX;US64110L1061;1NFLX;"Euronext Global Equity Market";EUR;69,37;69,64;67,50;67,50;"11/02/2026 17:36";CET;2900;198455,44;67,59;11/02/2026
NETGEM;FR0004154060;ALNTG;"Euronext Growth Paris";EUR;0,758;0,766;0,746;0,746;"11/02/2026 17:00";CET;15876;11994,39;0,746;11/02/2026
"NETMEDIA GROUP";FR001400RF99;ALNMG;"Euronext Growth Paris";EUR;0,62;0,68;0,586;0,632;"11/02/2026 17:35";CET;13512;8222,01;0,632;11/02/2026
NEUFCOUR-FIN.;BE0003680916;MLNEU;"Euronext Access Brussels";EUR;11,20;11,20;11,20;11,20;"10/02/2026 16:30";CET;180;2016,00;11,20;11/02/2026
"NEUROCRINE BIOSCIE";US64125C1099;1NBIX;"Euronext Global Equity Market";EUR;119,85;119,85;119,85;119,85;"06/02/2026 17:29";CET;110;13183,50;114,50;11/02/2026
NEURONES;FR0004050250;NRO;"Euronext Paris";EUR;39,15;39,15;36,40;36,40;"11/02/2026 17:35";CET;70480;2645455,40;36,40;11/02/2026
NEUROSOFT;GRS802003004;NRST;"Euronext Growth Milan";EUR;0,635;0,635;0,63;0,63;"09/02/2026 16:28";CET;9000;5690,00;0,63;11/02/2026
"NEW SOURCES ENERGY";NL0009822014;NSE;"Euronext Amsterdam";EUR;0,039;0,039;0,039;0,039;"11/02/2026 11:30";CET;30000;1170,00;0,039;11/02/2026
"NEWELL BRANDS INC";US6512291062;1NWL;"Euronext Global Equity Market";EUR;3,806;3,806;3,806;3,806;"05/02/2026 14:43";CET;900;3425,40;3,822;11/02/2026
NEWMONT;US6516391066;1NEM;"Euronext Global Equity Market";EUR;103,00;105,10;102,60;102,88;"11/02/2026 17:20";CET;1344;139167,08;103,02;11/02/2026
NEWMONT;US6516391066;2NEM;"Trading After Hours";EUR;101,68;101,68;101,68;101,68;"10/02/2026 18:00";CET;15;1525,20;103,02;11/02/2026
NEWMONT;US6516391066;4NEM;EuroTLX;EUR;98,60;98,60;98,60;98,60;"09/02/2026 13:22";CET;30;2958,00;102,98;11/02/2026
NEWPRINCES;IT0005385213;NWL;"Euronext Milan";EUR;19,90;19,96;19,56;19,70;"11/02/2026 17:35";CET;42181;832282,34;19,70;11/02/2026
"News Corp";US65249B1098;1NWSA;"Euronext Global Equity Market";EUR;22,20;22,20;22,20;22,20;"28/11/2025 17:35";CET;88;1953,60;19,20;11/02/2026
"News Corp B";US65249B2088;1NWS;"Euronext Global Equity Market";EUR;23,60;23,60;23,60;23,60;"10/02/2026 16:55";CET;43;1014,80;22,00;11/02/2026
NEWTREE;BE0003832491;NEWT;"Euronext Access Brussels";EUR;2,34;2,34;2,32;2,32;"11/02/2026 16:30";CET;45;104,46;2,32;11/02/2026
NEXANS;FR0000044448;2NEX;"Trading After Hours";EUR;-;-;-;-;-;CET;-;-;-;-
NEXANS;FR0000044448;NEX;"Euronext Paris";EUR;139,90;144,30;139,60;142,20;"11/02/2026 17:35";CET;96792;13756963,75;142,20;11/02/2026
NEXI;IT0005366767;NEXI;"Euronext Milan";EUR;3,427;3,434;3,328;3,332;"11/02/2026 17:35";CET;20105649;67838454,27;3,332;11/02/2026
NEXI;IT0005366767;2NEXI;"Trading After Hours";EUR;3,36;3,36;3,33;3,34;"11/02/2026 20:28";CET;124992;418051,67;3,345;11/02/2026
NEXITY;FR0010112524;2NXI;"Trading After Hours";EUR;-;-;-;-;-;CET;-;-;-;-
NEXITY;FR0010112524;NXI;"Euronext Paris";EUR;9,135;9,15;8,735;8,74;"11/02/2026 17:35";CET;189567;1683601,63;8,74;11/02/2026
"NEXSTAR MEDIA GROU";US65336K1034;1NXST;"Euronext Global Equity Market";EUR;180,80;180,80;174,30;174,30;"22/12/2025 14:48";CET;2;355,10;187,05;11/02/2026
"NEXT BIOMETRICS GP";NO0010629108;NEXT;"Oslo Børs";NOK;1,08;1,085;1,00;1,05;"11/02/2026 16:25";CET;1305713;1352455,35;1,05;11/02/2026
"NEXT GEOSOLUTIONS";IT0005594418;NXT;"Euronext Growth Milan";EUR;13,35;13,35;13,25;13,30;"11/02/2026 17:35";CET;12000;159612,50;13,30;11/02/2026
"NEXT RE";IT0005330516;NR;"Euronext Milan";EUR;2,98;2,98;2,90;2,90;"11/02/2026 16:25";CET;4535;13167,50;2,90;11/02/2026
NEXTEDIA;FR0004171346;ALNXT;"Euronext Growth Paris";EUR;0,385;0,423;0,375;0,394;"11/02/2026 17:26";CET;156747;60475,39;0,394;11/02/2026
NEXTENSA;BE0003770840;NEXTA;"Euronext Brussels";EUR;43,80;44,00;43,30;43,40;"11/02/2026 17:35";CET;4900;213792,80;43,40;11/02/2026
"NextEra Energy";US65339F1012;4NEE;EuroTLX;EUR;73,34;73,34;73,34;73,34;"29/01/2026 15:31";CET;100;7334,00;76,94;11/02/2026
"NextEra Energy";US65339F1012;1NEE;"Euronext Global Equity Market";EUR;77,86;77,86;75,46;75,46;"10/02/2026 15:41";CET;16;1226,56;76,91;11/02/2026
"NextEra Energy";US65339F1012;2NEE;"Trading After Hours";EUR;71,03;71,03;71,03;71,03;"09/01/2026 20:21";CET;1;71,03;76,91;11/02/2026
"NFL BIOSCIENCES";FR0014003XT0;ALNFL;"Euronext Growth Paris";EUR;1,184;1,202;1,10;1,132;"11/02/2026 17:37";CET;121048;138628,85;1,132;11/02/2026
"Nibe Industrier";SE0015988019;1NIBE;"Euronext Global Equity Market";EUR;3,40;3,40;3,40;3,40;"07/01/2026 09:05";CET;725;2465,00;3,488;11/02/2026
NICOX;FR0013018124;ALCOX;"Euronext Growth Paris";EUR;0,372;0,408;0,36;0,365;"11/02/2026 17:35";CET;2097309;813213,43;0,365;11/02/2026
"NICOX BSA";FR001400QEQ3;NICBS;"Euronext Growth Paris";EUR;0,0355;0,0475;0,0355;0,037;"11/02/2026 15:31";CET;80006;3091,08;0,037;11/02/2026
"NIDAROS SPAREBANK";NO0010733082;NISB;"Euronext Growth Oslo";NOK;109,98;110,00;109,98;110,00;"11/02/2026 15:51";CET;1484;163233,52;110,00;11/02/2026
NIKE;US6541061031;1NKE;"Euronext Global Equity Market";EUR;53,13;54,13;52,07;52,60;"11/02/2026 17:35";CET;2464;130623,72;52,60;11/02/2026
NIKE;US6541061031;4NKE;EuroTLX;EUR;57,11;57,11;57,11;57,11;"15/01/2026 10:22";CET;50;2855,50;52,60;11/02/2026
NIKE;US6541061031;2NKE;"Trading After Hours";EUR;53,50;53,50;53,50;53,50;"10/02/2026 18:29";CET;50;2675,00;52,60;11/02/2026
"NiSource Inc";US65473P1057;1NIS;"Euronext Global Equity Market";EUR;37,00;37,00;37,00;37,00;"17/11/2025 15:29";CET;13;481,00;37,20;11/02/2026
NMC;BE0035966762;-;"Euronext Expert Market";EUR;2250,60;2250,60;2250,60;2250,60;"15/09/2015 11:30";CET;18;40510,80;2260,00;11/02/2026
"NN GROUP";NL0010773842;4NN;EuroTLX;EUR;67,58;67,58;67,58;67,58;"19/01/2026 15:05";CET;4;270,32;68,68;11/02/2026
"NN GROUP";NL0010773842;2NN;"Trading After Hours";EUR;-;-;-;-;-;CET;-;-;-;-
"NN GROUP";NL0010773842;NN;"Euronext Amsterdam";EUR;68,34;69,80;68,04;68,90;"11/02/2026 17:35";CET;945877;65167826,15;68,90;11/02/2026
"NOKIA CORPORATION";FI0009000681;4NOKIA;EuroTLX;EUR;5,90;5,90;5,90;5,90;"06/02/2026 15:33";CET;246;1451,40;6,078;11/02/2026
"NOKIA CORPORATION";FI0009000681;2NOKIA;"Trading After Hours";EUR;5,926;5,926;5,926;5,926;"11/02/2026 20:29";CET;225;1333,35;5,926;11/02/2026
"NOKIA CORPORATION";FI0009000681;1NOKIA;"Euronext Global Equity Market";EUR;6,048;6,112;5,954;6,076;"11/02/2026 17:13";CET;23704;143863,50;6,062;11/02/2026
"NOKIAN RENKAAT";FI0009005318;2TYRES;"Trading After Hours";EUR;-;-;-;-;-;CET;-;-;-;-
"NOKIAN RENKAAT";FI0009005318;1TYRES;"Euronext Global Equity Market";EUR;10,77;10,77;10,77;10,77;"19/01/2026 09:46";CET;500;5385,00;11,69;11/02/2026
"NOKIAN RENKAAT";FI0009005318;4TYRES;EuroTLX;EUR;7,655;7,655;7,655;7,655;"10/10/2025 14:19";CET;100;765,50;11,70;11/02/2026
"NORAM DRILLING";NO0010360019;NORAM;"Euronext Growth Oslo";NOK;33,70;33,95;33,00;33,45;"11/02/2026 16:25";CET;60437;2035307,25;33,45;11/02/2026
NORBIT;NO0010856511;NORBT;"Oslo Børs";NOK;188,40;192,40;180,60;187,40;"11/02/2026 16:25";CET;1023942;191977346,40;187,40;11/02/2026
NORCOD;NO0010892912;NCOD;"Euronext Growth Oslo";NOK;11,60;12,00;11,30;11,60;"11/02/2026 13:55";CET;5577;63121,80;11,60;11/02/2026
NORCONSULT;NO0013052209;NORCO;"Oslo Børs";NOK;44,60;44,80;42,50;42,50;"11/02/2026 16:28";CET;454798;19664212,60;42,50;11/02/2026
"NORDEA BANK";FI4000297767;1NDA;"Euronext Global Equity Market";EUR;16,705;16,705;16,705;16,705;"11/02/2026 12:27";CET;130;2171,65;16,525;11/02/2026
"NORDEA BANK";FI4000297767;4NDA;EuroTLX;EUR;13,88;13,88;13,88;13,88;"07/10/2025 09:59";CET;4000;55520,00;16,77;11/02/2026
"NORDEA BANK";FI4000297767;2NDA;"Trading After Hours";EUR;17,045;17,045;17,045;17,045;"13/01/2026 19:50";CET;15;255,68;16,525;11/02/2026
NORDEX;DE000A0D6554;1NDX;"Euronext Global Equity Market";EUR;32,02;32,58;32,02;32,52;"10/02/2026 16:31";CET;1297;41745,78;32,48;11/02/2026
NORDEX;DE000A0D6554;2NDX;"Trading After Hours";EUR;19,69;19,69;19,69;19,69;"28/07/2025 18:23";CET;1;19,69;32,48;11/02/2026
NORDEX;DE000A0D6554;4NDX;EuroTLX;EUR;22,78;22,78;22,78;22,78;"07/10/2025 12:02";CET;12;273,36;32,48;11/02/2026
"NORDHEALTH A-AKSJE";NO0011002651;NORDH;"Euronext Growth Oslo";NOK;33,20;33,20;33,20;33,20;"11/02/2026 16:28";CET;122;4050,40;33,20;11/02/2026
"NORDIC AQUA PART";NO0012928805;NOAP;"Euronext Growth Oslo";NOK;77,40;80,00;77,40;80,00;"11/02/2026 16:19";CET;1185;92634,20;80,00;11/02/2026
"NORDIC FINANCIALS";NO0013683409;NOFIN;"Euronext Expand Oslo";NOK;1,706;1,76;1,706;1,7202;"11/02/2026 16:29";CET;17293;29810,74;1,7202;11/02/2026
"NORDIC HALIBUT";NO0003058109;NOHAL;"Euronext Growth Oslo";NOK;21,40;22,00;21,40;21,60;"11/02/2026 15:59";CET;2763;60259,20;21,60;11/02/2026
"NORDIC MINING";NO0013162693;NOM;"Oslo Børs";NOK;11,12;11,28;11,00;11,00;"11/02/2026 16:25";CET;174840;1949571,08;11,00;11/02/2026
"NORDIC SEMICONDUC";NO0003055501;NOD;"Oslo Børs";NOK;152,00;153,70;150,50;151,30;"11/02/2026 16:29";CET;619741;94064996,00;151,30;11/02/2026
"NORDIC TECHNOLOGY";NO0011018434;NTG;"Euronext Growth Oslo";NOK;1,65;1,65;1,65;1,65;"10/02/2026 11:02";CET;3;4,95;1,65;11/02/2026
"Nordnet publ";SE0015192067;1SAVE;"Euronext Global Equity Market";EUR;27,36;27,36;27,36;27,36;"16/01/2026 11:02";CET;1000;27360,00;28,14;11/02/2026
"Nordson Corp";US6556631025;1NDSN;"Euronext Global Equity Market";EUR;201,60;201,60;201,60;201,60;"15/12/2025 15:41";CET;30;6048,00;251,70;11/02/2026
"NORSE ATLANTIC";NO0012885252;NORSE;"Euronext Expand Oslo";NOK;6,33;6,38;6,09;6,15;"11/02/2026 16:25";CET;417757;2621256,37;6,15;11/02/2026
"NORSK HYDRO";NO0005052605;NHY;"Oslo Børs";NOK;89,92;91,98;89,80;91,10;"11/02/2026 16:28";CET;3237869;294354186,62;91,10;11/02/2026
"NORSK TITANIUM";NO0010969108;NTI;"Euronext Growth Oslo";NOK;1,32;1,322;1,264;1,266;"11/02/2026 16:29";CET;1004555;1286045,36;1,266;11/02/2026
"NORSKE SKOG";NO0010861115;NSKOG;"Oslo Børs";NOK;21,75;22,00;21,65;21,80;"11/02/2026 16:25";CET;103226;2261359,25;21,80;11/02/2026
"NORTEM BIOGROUP";ES0105719001;MLBIO;"Euronext Access Paris";EUR;5,40;5,40;5,40;5,40;"22/02/2024 11:30";CET;3490;18846,00;5,40;11/02/2026
"North Atlantic En.";FR0000120669;NAE;"Euronext Paris";EUR;44,40;44,40;43,38;43,58;"11/02/2026 17:35";CET;3139;136895,60;43,58;11/02/2026
"NORTH ENERGY";NO0010550056;NORTH;"Euronext Expand Oslo";NOK;2,46;2,65;2,46;2,65;"11/02/2026 15:43";CET;22217;58355,03;2,65;11/02/2026
"NORTHERN DATA";DE000A0SMU87;2NB;"Trading After Hours";EUR;13,48;13,48;13,21;13,21;"17/12/2025 19:38";CET;30;396,57;12,89;11/02/2026
"NORTHERN DATA";DE000A0SMU87;1NB;"Euronext Global Equity Market";EUR;12,59;12,59;12,59;12,59;"11/02/2026 10:04";CET;100;1259,00;12,89;11/02/2026
"NORTHERN DATA";DE000A0SMU87;4NB;EuroTLX;EUR;13,86;13,86;13,86;13,86;"22/10/2025 11:21";CET;36;498,96;12,85;11/02/2026
"NORTHERN OCEAN LTD";BMG6682J1036;NOL;"Oslo Børs";NOK;9,07;9,27;9,07;9,21;"11/02/2026 16:25";CET;4284;39444,10;9,21;11/02/2026
"Northern Trust";US6658591044;1NTRS;"Euronext Global Equity Market";EUR;112,00;112,00;112,00;112,00;"09/12/2025 13:03";CET;3;336,00;128,00;11/02/2026
"NORTHROP GRUMMAN";US6668071029;1NOC;"Euronext Global Equity Market";EUR;579,00;579,00;579,00;579,00;"10/02/2026 16:32";CET;10;5790,00;592,00;11/02/2026
"NORTHROP GRUMMAN";US6668071029;4NOC;EuroTLX;EUR;545,20;545,20;545,20;545,20;"14/01/2026 10:50";CET;4;2180,80;576,00;11/02/2026
"NORTHROP GRUMMAN";US6668071029;2NOC;"Trading After Hours";EUR;558,20;558,20;558,20;558,20;"14/01/2026 19:25";CET;5;2791,00;592,00;11/02/2026
"NORWEGIAN AIR SHUT";NO0010196140;NAS;"Oslo Børs";NOK;16,905;16,94;16,72;16,805;"11/02/2026 16:32";CET;3935934;66194693,33;16,805;11/02/2026
"NORWEGIAN BLOCK EX";NO0010984966;NBX;"Euronext Growth Oslo";NOK;0,404;0,411;0,39;0,39;"11/02/2026 16:25";CET;599778;239799,97;0,39;11/02/2026
"NOS NOVA";NO0010917339;NOSN;"Euronext Growth Oslo";NOK;1,30;1,31;1,30;1,31;"11/02/2026 15:30";CET;5029;6558,69;1,31;11/02/2026
"NOS, SGPS";PTZON0AM0006;2NOS;"Trading After Hours";EUR;-;-;-;-;-;CET;-;-;-;-
"NOS, SGPS";PTZON0AM0006;NOS;"Euronext Lisbon";EUR;4,67;4,74;4,655;4,72;"11/02/2026 22:35";BST;560736;2638063,07;4,72;11/02/2026
"NOTORIOUS PICTURES";IT0005025355;NPI;"Euronext Growth Milan";EUR;0,656;0,676;0,644;0,676;"09/02/2026 15:45";CET;6400;4204,00;0,676;11/02/2026
NOVABASE,SGPS;PTNBA0AM0006;NBA;"Euronext Lisbon";EUR;9,35;9,35;9,25;9,25;"11/02/2026 22:35";BST;6004;55566,00;9,25;11/02/2026
NOVACYT;FR0010397232;ALNOV;"Euronext Growth Paris";EUR;0,40;0,4065;0,398;0,4015;"11/02/2026 17:35";CET;48407;19382,33;0,4015;11/02/2026
NOVAMARINE;IT0005605701;NOVA;"Euronext Growth Milan";EUR;9,15;9,45;9,15;9,45;"11/02/2026 14:34";CET;1000;9300,00;9,45;11/02/2026
Novartis;CH0012005267;1NOVN;"Euronext Global Equity Market";EUR;134,00;135,00;133,00;133,00;"11/02/2026 15:21";CET;260;35042,00;135,00;11/02/2026
"NOVATECH IND.";FR0000185464;MLNOV;"Euronext Access Paris";EUR;18,80;18,80;18,80;18,80;"10/02/2026 11:30";CET;2;37,60;18,80;11/02/2026
NR21;FR0014001PV6;NR21;"Euronext Paris";EUR;47,00;47,00;47,00;47,00;"05/02/2026 14:48";CET;5;235,00;47,00;11/02/2026
"NRC GROUP";NO0003679102;NRC;"Oslo Børs";NOK;8,84;8,92;8,69;8,69;"11/02/2026 16:25";CET;364569;3206091,30;8,69;11/02/2026
"NRG Energy Inc";US6293775085;1NRG;"Euronext Global Equity Market";EUR;120,15;120,15;120,15;120,15;"05/02/2026 14:59";CET;31;3724,65;137,25;11/02/2026
"NRJ GROUP";FR0000121691;NRG;"Euronext Paris";EUR;7,40;7,42;7,26;7,26;"11/02/2026 17:37";CET;6709;48974,72;7,26;11/02/2026
"NSC GROUPE";FR0000064529;ALNSC;"Euronext Growth Paris";EUR;70,00;70,00;69,00;69,00;"10/02/2026 16:30";CET;5;349,00;69,00;11/02/2026
NSE;FR0004065639;ALNSE;"Euronext Growth Paris";EUR;42,80;43,30;42,80;43,00;"11/02/2026 17:29";CET;239;10258,20;43,00;11/02/2026
"NSI N.V.";NL0012365084;NSI;"Euronext Amsterdam";EUR;19,08;19,26;19,00;19,14;"11/02/2026 17:35";CET;33872;648835,00;19,14;11/02/2026
"NU Holdings";KYG6683N1034;1NUH;"Euronext Global Equity Market";EUR;15,076;15,152;14,70;14,868;"11/02/2026 16:40";CET;5078;75979,05;14,944;11/02/2026
"Nucor Corp";US6703461052;1NUE;"Euronext Global Equity Market";EUR;170,24;170,24;159,70;159,70;"10/02/2026 16:00";CET;22;3593,44;163,90;11/02/2026
NUSCO;IT0005453110;NUS;"Euronext Growth Milan";EUR;0,75;0,76;0,735;0,75;"11/02/2026 16:46";CET;60000;44662,50;0,75;11/02/2026
"NVENT ELECTRIC PLC";IE00BDVJJQ56;1NVT;"Euronext Global Equity Market";EUR;98,00;98,00;98,00;98,00;"10/02/2026 15:38";CET;25;2450,00;96,00;11/02/2026
"NVIDIA CORP";US67066G1040;2NVDA;"Trading After Hours";EUR;160,72;161,66;160,20;161,60;"11/02/2026 20:28";CET;368;59218,06;160,92;11/02/2026
"NVIDIA CORP";US67066G1040;4NVDA;EuroTLX;EUR;159,98;159,98;159,98;159,98;"11/02/2026 12:03";CET;7;1119,86;160,90;11/02/2026
"NVIDIA CORP";US67066G1040;1NVDA;"Euronext Global Equity Market";EUR;158,52;162,90;157,74;160,84;"11/02/2026 17:35";CET;59072;9506412,90;160,84;11/02/2026
"NVR Inc";US62944T1051;1NVR;"Euronext Global Equity Market";EUR;6900,00;7050,00;6900,00;7000,00;"14/08/2025 10:00";CET;8;55650,00;6800,00;11/02/2026
"NX FILTRATION";NL0015000D50;NXFIL;"Euronext Amsterdam";EUR;2,40;2,485;2,21;2,21;"11/02/2026 17:35";CET;192101;455742,12;2,21;11/02/2026
"NXP SEMICONDUCTORS";NL0009538784;2NXPI;"Trading After Hours";EUR;183,00;183,00;183,00;183,00;"02/12/2025 18:07";CET;13;2379,00;206,00;11/02/2026
"NXP SEMICONDUCTORS";NL0009538784;1NXPI;"Euronext Global Equity Market";EUR;193,50;193,50;193,50;193,50;"10/02/2026 15:33";CET;3;580,50;206,00;11/02/2026
"NXP SEMICONDUCTORS";NL0009538784;4NXPI;EuroTLX;EUR;197,00;197,00;197,00;197,00;"02/09/2025 16:43";CET;7;1379,00;207,00;11/02/2026
"NYKODE THERAPEUTIC";NO0010714785;NYKD;"Oslo Børs";NOK;3,74;3,94;3,59;3,816;"11/02/2026 16:25";CET;3747232;14144249,29;3,816;11/02/2026
NYRSTAR;BE0974294267;NYR;"Euronext Brussels";EUR;0,0804;0,0816;0,0804;0,0806;"11/02/2026 16:52";CET;4466;360,10;0,0806;11/02/2026
NYXOAH;BE0974358906;NYXH;"Euronext Brussels";EUR;3,98;4,01;3,94;3,945;"11/02/2026 17:35";CET;31892;126529,01;3,945;11/02/2026
"O'Reilly Auto";US67103H1077;1ORLY;"Euronext Global Equity Market";EUR;75,54;75,54;75,54;75,54;"10/02/2026 09:50";CET;80;6043,20;78,50;11/02/2026
OBIZ;FR0014003711;ALBIZ;"Euronext Growth Paris";EUR;2,33;2,37;2,30;2,30;"11/02/2026 17:35";CET;11973;27688,53;2,30;11/02/2026
"OBSERVE MEDICAL";NO0013457952;OBSRV;"Euronext Expand Oslo";NOK;0,695;0,965;0,685;0,96;"11/02/2026 16:26";CET;6998920;6062701,16;0,96;11/02/2026
"OCCIDENTAL PETR";US6745991058;1OXY;"Euronext Global Equity Market";EUR;39,22;39,895;39,18;39,895;"11/02/2026 17:11";CET;292;11536,18;40,12;11/02/2026
"OCCIDENTAL PETR";US6745991058;2OXY;"Trading After Hours";EUR;37,69;37,69;37,69;37,69;"23/01/2026 18:04";CET;37;1394,53;40,12;11/02/2026
"OCCIDENTAL PETR";US6745991058;4OXY;EuroTLX;EUR;37,69;37,69;37,69;37,69;"21/01/2026 15:54";CET;82;3090,58;39,98;11/02/2026
"OCEAN GEOLOOP";NO0010914641;OCEAN;"Euronext Growth Oslo";NOK;1,71;1,71;1,70;1,70;"10/02/2026 12:07";CET;8868;15144,28;1,70;11/02/2026
"OCEAN SUN";NO0010887565;OSUN;"Euronext Growth Oslo";NOK;1,45;1,505;1,445;1,505;"11/02/2026 15:55";CET;8448;12528,47;1,505;11/02/2026
OCI;NL0010558797;2OCI;"Trading After Hours";EUR;-;-;-;-;-;CET;-;-;-;-
OCI;NL0010558797;OCI;"Euronext Amsterdam";EUR;3,81;3,83;3,664;3,682;"11/02/2026 17:35";CET;474486;1767719,75;3,682;11/02/2026
"OCTOPUS BIOSAFETY";FR0013310281;MLOCT;"Euronext Access Paris";EUR;0,185;0,185;0,185;0,185;"10/02/2026 11:30";CET;500;92,50;0,185;11/02/2026
"ODFJELL DRILLING";BMG671801022;ODL;"Oslo Børs";NOK;97,20;97,90;96,70;97,10;"11/02/2026 16:25";CET;138230;13454123,10;97,10;11/02/2026
"ODFJELL SER. A";NO0003399909;ODF;"Oslo Børs";NOK;133,00;135,00;131,60;133,20;"11/02/2026 16:25";CET;25844;3434348,60;133,20;11/02/2026
"ODFJELL SER. B";NO0003399917;ODFB;"Oslo Børs";NOK;127,60;128,60;126,00;126,60;"11/02/2026 16:25";CET;18186;2311408,80;126,60;11/02/2026
"ODFJELL TECHNOLOGY";BMG6716L1081;OTL;"Oslo Børs";NOK;58,70;59,90;58,50;58,80;"11/02/2026 16:29";CET;23206;1364513,00;58,80;11/02/2026
"ODIOT S.A.";FR0014010DV3;MLODT;"Euronext Access Paris";EUR;34,80;34,80;34,80;34,80;"11/02/2026 16:30";CET;16;556,80;34,80;11/02/2026
"ODYSSEE TECHNO";FR001400U4P9;ALODY;"Euronext Growth Paris";EUR;28,65;29,70;28,65;29,00;"11/02/2026 17:35";CET;678;19709,65;29,00;11/02/2026
OENEO;FR0000052680;SBT;"Euronext Paris";EUR;9,26;9,26;9,24;9,24;"11/02/2026 17:35";CET;13036;120453,50;9,24;11/02/2026
Oesterreichische;AT0000APOST4;1POST;"Euronext Global Equity Market";EUR;29,95;29,95;29,95;29,95;"18/11/2025 09:10";CET;88;2635,60;34,80;11/02/2026
"OFFICINA STELLARE";IT0005374035;OS;"Euronext Growth Milan";EUR;24,60;24,60;24,40;24,40;"11/02/2026 17:35";CET;4000;98200,00;24,40;11/02/2026
"OK PROPERTIES";ES0105698007;MLOKP;"Euronext Access Paris";EUR;12,00;12,00;12,00;12,00;"29/03/2023 00:00";CET;-;-;11,60;11/02/2026
OKEA;NO0010816895;OKEA;"Oslo Børs";NOK;27,20;27,20;26,60;27,15;"11/02/2026 16:29";CET;340475;9201803,50;27,15;11/02/2026
"OKEANIS ECO TANKER";MHY641771016;OET;"Oslo Børs";NOK;388,00;406,00;386,00;399,00;"11/02/2026 16:25";CET;94889;37719979,50;399,00;11/02/2026
"OKTA INC";US6792951054;1OKTA;"Euronext Global Equity Market";EUR;75,23;75,23;75,23;75,23;"10/02/2026 10:00";CET;20;1504,60;73,01;11/02/2026
"Old Dominion";US6795801009;1ODFL;"Euronext Global Equity Market";EUR;170,45;170,45;170,15;170,15;"06/02/2026 16:17";CET;100;17030,00;165,00;11/02/2026
"OLD ENGLAND";BE0034169251;-;"Euronext Expert Market";EUR;130,01;130,01;130,01;130,01;"01/12/2015 11:56";CET;33;4290,33;130,00;11/02/2026
OLIDATA;IT0005634610;OLI;"Euronext Milan";EUR;1,9292;1,9498;1,82;1,90;"11/02/2026 17:35";CET;73366;137407,56;1,90;11/02/2026
"OLIMPO REAL ESTATE";PTOTP0AM0004;MLORE;"Euronext Access Lisbon";EUR;3,70;3,70;3,70;3,70;"05/12/2024 21:30";BST;16000;59200,00;3,48;11/02/2026
OMDA;NO0010894512;OMDA;"Euronext Growth Oslo";NOK;41,60;42,00;41,60;42,00;"11/02/2026 14:20";CET;3050;127700,00;42,00;11/02/2026
OMER;IT0005453748;OMER;"Euronext Growth Milan";EUR;3,82;3,89;3,81;3,87;"11/02/2026 13:40";CET;1360;5220,42;3,87;11/02/2026
"OMER-DECUGIS & CIE";FR0014003T71;ALODC;"Euronext Growth Paris";EUR;9,86;9,90;9,60;9,64;"11/02/2026 17:35";CET;5984;57943,14;9,64;11/02/2026
"Omnicom Group Inc";US6819191064;1OMC;"Euronext Global Equity Market";EUR;59,02;59,02;59,02;59,02;"06/02/2026 17:27";CET;2;118,04;58,42;11/02/2026
OMV;AT0000743059;4OMV;EuroTLX;EUR;52,25;52,25;52,25;52,25;"04/02/2026 11:56";CET;100;5225,00;54,75;11/02/2026
OMV;AT0000743059;1OMV;"Euronext Global Equity Market";EUR;55,65;55,65;52,95;52,95;"11/02/2026 12:21";CET;300;16425,00;54,00;11/02/2026
"ON HOLDING CLAS A";CH1134540470;1ONON;"Euronext Global Equity Market";EUR;42,20;43,00;42,20;43,00;"05/01/2026 15:42";CET;6;255,60;39,30;11/02/2026
"ON Semiconductor";US6821891057;1ON;"Euronext Global Equity Market";EUR;58,09;59,93;57,76;59,93;"11/02/2026 17:35";CET;474;27835,35;59,93;11/02/2026
"ON Semiconductor";US6821891057;2ON;"Trading After Hours";EUR;58,15;58,15;58,15;58,15;"11/02/2026 18:18";CET;1;58,15;58,15;11/02/2026
"ONCODESIGN PM";FR001400CM63;ALOPM;"Euronext Growth Paris";EUR;0,56;0,578;0,546;0,55;"11/02/2026 17:00";CET;46368;25848,25;0,55;11/02/2026
ONCOINVENT;NO0013711713;ONCIN;"Oslo Børs";NOK;42,655;43,50;42,655;43,385;"11/02/2026 16:25";CET;15468;665025,95;43,385;11/02/2026
"Ondas Inc";US68236H2040;1ONDS;"Euronext Global Equity Market";EUR;8,30;8,30;7,62;7,81;"11/02/2026 17:12";CET;1855;14940,10;7,83;11/02/2026
"ONE EXP BSA 2025 2";FR00140126G1;ONEBS;"Euronext Growth Paris";EUR;0,011;0,0128;0,01;0,0128;"11/02/2026 13:56";CET;34434;349,32;0,0128;11/02/2026
"ONE EXPERIENCE";FR0013266772;ALEXP;"Euronext Growth Paris";EUR;0,55;0,575;0,535;0,57;"11/02/2026 17:12";CET;33506;18546,21;0,57;11/02/2026
ONEOK;US6826801036;1OKE;"Euronext Global Equity Market";EUR;68,50;68,50;68,50;68,50;"09/02/2026 15:29";CET;5;342,50;71,90;11/02/2026
ONEOK;US6826801036;2OKE;"Trading After Hours";EUR;-;-;-;-;-;CET;-;-;-;-
ONEOK;US6826801036;4OKE;EuroTLX;EUR;67,76;67,76;65,31;65,31;"28/08/2025 16:53";CET;50;3326,75;71,90;11/02/2026
ONLINEFORMAPRO;FR0004174712;MLONL;"Euronext Access Paris";EUR;0,895;0,895;0,895;0,895;"10/02/2026 16:30";CET;32;28,65;0,895;11/02/2026
"ONTEX GROUP";BE0974276082;ONTEX;"Euronext Brussels";EUR;5,09;5,15;4,99;5,04;"11/02/2026 17:35";CET;137023;691435,51;5,04;11/02/2026
"ONWARD MEDICAL";NL0015000HT4;ONWD;"Euronext Brussels, Amsterdam, Paris";EUR;4,29;4,30;4,165;4,19;"11/02/2026 17:35";CET;77622;326893,33;4,19;11/02/2026
"OPENDOOR TECHNOLOG";US6837121036;1OPEN;"Euronext Global Equity Market";EUR;3,967;4,037;3,91;3,93;"11/02/2026 17:35";CET;6493;25573,12;3,93;11/02/2026
OPMOBILITY;FR0000124570;OPM;"Euronext Paris";EUR;17,00;17,00;16,46;16,60;"11/02/2026 17:35";CET;120462;2000057,03;16,60;11/02/2026
OPMOBILITY;FR0000124570;2OPM;"Trading After Hours";EUR;-;-;-;-;-;CET;-;-;-;-
"OPS ECOM";IT0005122400;OEC;"Euronext Milan";EUR;0,112;0,113;0,112;0,112;"11/02/2026 17:35";CET;326696;36701,12;0,112;11/02/2026
"OPS ITALIA";IT0005577868;OPS;"Euronext Milan";EUR;0,138;0,138;0,13;0,133;"11/02/2026 17:28";CET;112874;14962,50;0,1305;11/02/2026
"OPS RETAIL";IT0005545675;OPR;"Euronext Milan";EUR;0,0318;0,0318;0,027;0,027;"11/02/2026 17:35";CET;1792559;51736,06;0,027;11/02/2026
OPTIMCO;BE0942448938;-;"Euronext Expert Market";EUR;64,00;64,00;64,00;64,00;"30/04/2024 11:30";CET;50;3200,00;64,00;11/02/2026
OPTION;BE0974496284;OPTI;"Euronext Brussels";EUR;8,351;8,351;7,50;8,059;"11/02/2026 17:29";CET;8048;62566,25;8,059;11/02/2026
"OPTION CARE HEALTH";US68404L2016;1OPCH;"Euronext Global Equity Market";EUR;22,20;22,20;22,20;22,20;"13/10/2025 09:00";CET;10;222,00;27,20;11/02/2026
ORACLE;US68389X1054;1ORCL;"Euronext Global Equity Market";EUR;135,04;138,50;130,00;131,48;"11/02/2026 17:35";CET;9849;1321928,30;131,48;11/02/2026
ORACLE;US68389X1054;2ORCL;"Trading After Hours";EUR;131,80;131,90;131,80;131,90;"11/02/2026 19:19";CET;30;3956,00;131,86;11/02/2026
ORACLE;US68389X1054;4ORCL;EuroTLX;EUR;130,86;132,74;130,86;132,74;"09/02/2026 17:04";CET;32;4210,08;131,40;11/02/2026
ORANGE;FR0000133308;ORA;"Euronext Paris";EUR;16,44;17,235;16,405;17,17;"11/02/2026 17:37";CET;8504291;145045012,69;17,17;11/02/2026
ORANGE;FR0000133308;4ORA;EuroTLX;EUR;16,515;16,515;16,515;16,515;"09/02/2026 14:55";CET;100;1651,50;17,17;11/02/2026
ORANGE;FR0000133308;1ORA;"Euronext Global Equity Market";EUR;16,555;17,165;16,555;17,135;"11/02/2026 17:29";CET;1288;21979,50;17,17;11/02/2026
ORANGE;FR0000133308;2ORA;"Trading After Hours";EUR;16,05;16,05;15,72;15,72;"09/02/2026 18:38";CET;620;9845,40;17,17;11/02/2026
"ORANGE BELGIUM";BE0003735496;OBEL;"Euronext Brussels";EUR;19,60;19,60;19,50;19,50;"11/02/2026 17:35";CET;5473;106732,10;19,50;11/02/2026
"ORBIS PROPERTIES";ES0105490009;MLORB;"Euronext Access Paris";EUR;13,60;13,60;13,60;13,60;"30/07/2020 00:00";CET;-;-;13,20;11/02/2026
ORDISSIMO;FR0013318052;ALORD;"Euronext Growth Paris";EUR;0,524;0,554;0,50;0,534;"11/02/2026 14:21";CET;30061;15477,77;0,534;11/02/2026
OREGE;FR0010609206;OREGE;"Euronext Paris";EUR;0,263;0,263;0,263;0,263;"11/02/2026 12:55";CET;379;99,67;0,263;11/02/2026
"ORGANON & CO.";US68622V1061;1OGN;"Euronext Global Equity Market";EUR;6,642;6,642;6,642;6,642;"09/02/2026 17:16";CET;200;1328,40;6,52;11/02/2026
"ORGANON & CO.";US68622V1061;4OGN;EuroTLX;EUR;5,796;5,796;5,796;5,796;"05/11/2025 11:28";CET;400;2318,40;6,518;11/02/2026
ORGANON&CO.;US68622V1061;2OGN;"Trading After Hours";EUR;6,832;6,832;6,832;6,832;"02/02/2026 20:28";CET;500;3416,00;6,52;11/02/2026
"ORIGIN ENT. PLC";IE00B1WV4493;OIZ;"Euronext Growth Dublin";EUR;4,32;4,40;4,27;4,27;"11/02/2026 21:02";IST;746896;3267204,20;4,27;11/02/2026
ORINOQUIA;ES0105534004;MLORQ;"Euronext Access Paris";EUR;1,55;1,55;1,55;1,55;"20/01/2026 11:30";CET;2268;3515,40;1,55;11/02/2026
"ORION CLASS B";FI0009014377;1ORNBV;"Euronext Global Equity Market";EUR;73,70;73,70;73,70;73,70;"06/02/2026 16:09";CET;20;1474,00;74,85;11/02/2026
"ORION CLASS B";FI0009014377;2ORNBV;"Trading After Hours";EUR;52,90;52,90;50,94;50,94;"29/01/2025 18:57";CET;13;677,90;74,85;11/02/2026
"ORION CLASS B";FI0009014377;4ORNBV;EuroTLX;EUR;66,40;66,40;66,40;66,40;"16/09/2025 12:13";CET;4;265,60;74,80;11/02/2026
ORKLA;NO0003733800;ORK;"Oslo Børs";NOK;120,60;121,90;120,60;121,90;"11/02/2026 16:29";CET;1321702;160842158,80;121,90;11/02/2026
ORSERO;IT0005138703;ORS;"Euronext Milan";EUR;18,46;18,48;18,14;18,14;"11/02/2026 17:35";CET;20895;382122,66;18,14;11/02/2026
"OSAI AUTOM SYSTEM";IT0005424830;OSA;"Euronext Growth Milan";EUR;0,369;0,388;0,36;0,382;"05/06/2025 17:28";CET;47780;17747,55;0,382;11/02/2026
"OSCAR HEALTH CL A";US6877931096;1OSCR;"Euronext Global Equity Market";EUR;11,25;11,60;11,25;11,50;"10/02/2026 15:48";CET;1871;21573,65;11,60;11/02/2026
"OSE IMMUNO";FR0012127173;OSE;"Euronext Paris";EUR;4,63;4,63;4,434;4,476;"11/02/2026 17:35";CET;57928;261343,06;4,476;11/02/2026
OSMOSUN;FR001400IUV6;ALWTR;"Euronext Growth Paris";EUR;0,548;0,548;0,522;0,534;"11/02/2026 17:08";CET;550;292,67;0,534;11/02/2026
"OTELLO CORPORATION";NO0010040611;OTEC;"Oslo Børs";NOK;18,40;18,40;18,00;18,15;"11/02/2026 16:25";CET;80505;1460563,05;18,15;11/02/2026
"Otis Worldwide";US68902V1070;1OTIS;"Euronext Global Equity Market";EUR;76,02;76,02;76,02;76,02;"19/11/2025 09:00";CET;25;1900,50;76,04;11/02/2026
OTOFARMA;IT0005663361;OTO;"Euronext Growth Milan";EUR;4,62;4,85;4,62;4,85;"10/02/2026 10:53";CET;1800;8592,00;4,85;11/02/2026
OTOVO;NO0013721613;OTOVO;"Oslo Børs";NOK;16,40;16,40;14,90;15,50;"11/02/2026 16:18";CET;28970;444398,30;15,50;11/02/2026
"Outokumpu Oyj";FI0009002422;1OUT;"Euronext Global Equity Market";EUR;4,854;4,854;4,854;4,854;"27/01/2026 16:18";CET;1000;4854,00;5,28;11/02/2026
OVH;FR0014005HJ9;2OVH;"Trading After Hours";EUR;-;-;-;-;-;CET;-;-;-;-
OVH;FR0014005HJ9;OVH;"Euronext Paris";EUR;9,485;9,62;9,245;9,27;"11/02/2026 17:35";CET;105850;992089,75;9,27;11/02/2026
OVS;IT0005043507;OVS;"Euronext Milan";EUR;5,04;5,04;4,89;4,89;"11/02/2026 17:35";CET;580104;2857259,76;4,89;11/02/2026
"OWENS CORNING";US6907421019;1OWC;"Euronext Global Equity Market";EUR;117,75;117,75;113,85;113,85;"06/02/2026 13:02";CET;2;231,60;112,80;11/02/2026
OXURION;BE0974487192;OXUR;"Euronext Brussels";EUR;0,006;0,0066;0,006;0,0062;"11/02/2026 16:26";CET;200739;1252,92;0,0062;11/02/2026
"OZ GROUP";BE0003860773;ICE;"Euronext Expert Market";EUR;0,068;0,068;0,068;0,068;"14/12/2021 11:30";CET;500;34,00;0,068;11/02/2026
"PACCAR Inc";US6937181088;1PCAR;"Euronext Global Equity Market";EUR;108,98;108,98;108,98;108,98;"09/02/2026 09:16";CET;113;12314,74;108,50;11/02/2026
Packaging;US6951561090;1PKG;"Euronext Global Equity Market";EUR;176,30;176,30;176,30;176,30;"18/11/2025 14:08";CET;30;5289,00;198,60;11/02/2026
"PACTE NOVATION";FR0000077992;MLPAC;"Euronext Access Paris";EUR;8,30;8,30;8,30;8,30;"11/02/2026 11:30";CET;15;124,50;8,30;11/02/2026
"PALANTIR TECHNOL";US69608A1088;2PLTR;"Trading After Hours";EUR;112,66;114,30;112,66;114,30;"11/02/2026 20:23";CET;95;10800,10;113,68;11/02/2026
"PALANTIR TECHNOL";US69608A1088;4PLTR;EuroTLX;EUR;113,50;115,18;113,50;115,18;"11/02/2026 17:13";CET;270;30762,60;113,22;11/02/2026
"PALANTIR TECHNOL";US69608A1088;1PLTR;"Euronext Global Equity Market";EUR;116,64;118,00;112,26;113,04;"11/02/2026 17:35";CET;44573;5138522,76;113,04;11/02/2026
"Palo Alto Networks";US6974351057;1PANW;"Euronext Global Equity Market";EUR;139,94;139,94;139,18;139,18;"11/02/2026 17:35";CET;185;25808,92;139,18;11/02/2026
"Palo Alto Networks";US6974351057;4PANW;EuroTLX;EUR;153,10;153,10;153,10;153,10;"01/08/2025 10:21";CET;10;1531,00;139,38;11/02/2026
"Palo Alto Networks";US6974351057;2PANW;"Trading After Hours";EUR;144,70;144,70;144,70;144,70;"30/01/2026 18:31";CET;33;4775,10;139,18;11/02/2026
"PANORO ENERGY";NO0010564701;PEN;"Oslo Børs";NOK;22,60;23,10;22,50;22,85;"11/02/2026 16:25";CET;607223;13878134,50;22,85;11/02/2026
PANTECH;BE0157892739;-;"Euronext Expert Market";EUR;4,38;4,38;4,38;4,38;"21/09/2021 11:30";CET;21;91,98;4,38;11/02/2026
"PAPA JOHN'S INTL I";US6988131024;1PZZA;"Euronext Global Equity Market";EUR;28,71;28,71;28,71;28,71;"03/02/2026 15:37";CET;238;6832,98;28,74;11/02/2026
PARAGON;DE0005558696;2PGN;"Trading After Hours";EUR;-;-;-;-;-;CET;-;-;-;-
PARAGON;DE0005558696;1PGN;"Euronext Global Equity Market";EUR;1,77;1,77;1,77;1,77;"30/01/2026 16:10";CET;3;5,31;1,64;11/02/2026
"PARATUS ENERGY SER";BMG6904D1083;PLSV;"Oslo Børs";NOK;49,30;49,48;48,80;49,12;"11/02/2026 16:25";CET;186715;9190552,62;49,12;11/02/2026
PAREF;FR0010263202;PAR;"Euronext Paris";EUR;30,60;30,60;28,00;29,10;"11/02/2026 17:20";CET;610;17872,20;29,10;11/02/2026
"PARETO BANK";NO0010397581;PARB;"Oslo Børs";NOK;81,60;82,60;81,50;82,00;"11/02/2026 16:25";CET;54330;4455940,40;82,00;11/02/2026
"PARKER HANNIFIN";US7010941042;2PH;"Trading After Hours";EUR;630,40;630,40;630,40;630,40;"17/01/2025 19:26";CET;1;630,40;841,60;11/02/2026
"PARKER HANNIFIN";US7010941042;1PH;"Euronext Global Equity Market";EUR;820,00;820,00;820,00;820,00;"03/02/2026 16:54";CET;20;16400,00;841,60;11/02/2026
"PARKER HANNIFIN";US7010941042;4PH;EuroTLX;EUR;785,00;785,00;785,00;785,00;"29/01/2026 13:42";CET;10;7850,00;842,20;11/02/2026
PARROT;FR0004038263;PARRO;"Euronext Paris";EUR;5,68;5,74;5,54;5,58;"11/02/2026 17:35";CET;40903;229877,36;5,58;11/02/2026
"Partners Group Hol";CH0024608827;1PGHN;"Euronext Global Equity Market";EUR;1060,00;1060,00;1060,00;1060,00;"06/02/2026 16:20";CET;80;84800,00;1050,00;11/02/2026
"PARX MATERIALS NV";NL0012650535;MLPRX;"Euronext Access Paris";EUR;0,172;0,189;0,172;0,189;"09/02/2026 16:30";CET;40677;7082,01;0,189;11/02/2026
"PASQUARELLI AUTO";IT0005546319;PSQ;"Euronext Growth Milan";EUR;0,895;0,895;0,88;0,88;"11/02/2026 12:16";CET;3300;2920,50;0,88;11/02/2026
PASSAT;FR0000038465;ALPAS;"Euronext Growth Paris";EUR;4,39;4,39;4,25;4,36;"11/02/2026 15:05";CET;855;3678,60;4,36;11/02/2026
"PATRIMOINE ET COMM";FR0011027135;PAT;"Euronext Paris";EUR;24,20;24,20;23,50;24,00;"11/02/2026 17:35";CET;710;17040,10;24,00;11/02/2026
PATTERN;IT0005378143;PTR;"Euronext Growth Milan";EUR;3,42;3,51;3,34;3,45;"11/02/2026 16:33";CET;10102;34520,96;3,45;11/02/2026
"PAULIC MEUNERIE";FR0013479730;ALPAU;"Euronext Growth Paris";EUR;1,125;1,13;1,10;1,13;"11/02/2026 16:37";CET;1579;1770,37;1,13;11/02/2026
"Paychex Inc";US7043261079;1PAYX;"Euronext Global Equity Market";EUR;83,59;83,59;83,59;83,59;"06/02/2026 17:19";CET;120;10030,80;78,67;11/02/2026
"Paycom Software";US70432V1026;1PAYC;"Euronext Global Equity Market";EUR;110,60;110,60;110,60;110,60;"10/02/2026 17:09";CET;5;553,00;99,20;11/02/2026
"PAYLOCITY HOLDING";US70438V1061;1PCTY;"Euronext Global Equity Market";EUR;132,00;132,00;132,00;132,00;"24/10/2025 15:05";CET;8;1056,00;95,50;11/02/2026
PAYPAL;US70450Y1038;1PYPL;"Euronext Global Equity Market";EUR;34,96;35,30;33,945;34,01;"11/02/2026 17:35";CET;11061;383887,17;34,01;11/02/2026
PAYPAL;US70450Y1038;4PYPL;EuroTLX;EUR;36,10;36,10;35,01;35,425;"04/02/2026 17:17";CET;260;9286,60;34,01;11/02/2026
PAYPAL;US70450Y1038;2PYPL;"Trading After Hours";EUR;33,90;34,91;33,61;34,61;"11/02/2026 20:06";CET;425;14468,45;34,045;11/02/2026
"PAYTON PLANAR";IL0010830391;PAY;"Euronext Brussels";EUR;6,50;6,50;6,40;6,40;"11/02/2026 16:30";CET;6809;43877,10;6,40;11/02/2026
"PB FINANCE";BE0003640514;-;"Euronext Expert Market";EUR;0,12;0,12;0,12;0,12;"24/11/2015 11:30";CET;39981;4797,72;0,12;11/02/2026
"PB HOLDING";NL0000336303;PBH;"Euronext Amsterdam";EUR;3,60;3,60;3,54;3,60;"11/02/2026 17:00";CET;262;936,96;3,60;11/02/2026
PBB;DE0008019001;4PBB;EuroTLX;EUR;4,02;4,02;3,996;3,996;"03/11/2025 15:38";CET;226;905,50;4,198;11/02/2026
PBB;DE0008019001;2PBB;"Trading After Hours";EUR;4,65;4,65;4,65;4,65;"26/11/2025 19:43";CET;100;465,00;4,202;11/02/2026
PBB;DE0008019001;1PBB;"Euronext Global Equity Market";EUR;4,222;4,222;4,222;4,222;"11/02/2026 12:00";CET;2000;8444,00;4,202;11/02/2026
"PCI BIOTECH HOLD";NO0010405640;PCIB;"Oslo Børs";NOK;0,24;0,247;0,209;0,237;"11/02/2026 15:27";CET;264500;58876,37;0,237;11/02/2026
"PEGASYSTEMS INC";US7055731035;1PEGA;"Euronext Global Equity Market";EUR;55,00;55,00;53,50;53,50;"10/12/2025 15:25";CET;40;2170,00;30,80;11/02/2026
"PELOTON INTERACTIV";US70614W1009;4PTON;EuroTLX;EUR;5,148;5,148;5,06;5,148;"16/12/2025 09:23";CET;2652;13620,02;3,634;11/02/2026
"PELOTON INTERACTIV";US70614W1009;2PTON;"Trading After Hours";EUR;3,7555;3,7555;3,7555;3,7555;"10/02/2026 19:15";CET;500;1877,75;3,6315;11/02/2026
"PELOTON INTERACTIV";US70614W1009;1PTON;"Euronext Global Equity Market";EUR;3,648;3,648;3,648;3,648;"11/02/2026 17:26";CET;10000;36480,00;3,6315;11/02/2026
PELTZER;BE0126745638;-;"Euronext Expert Market";EUR;-;-;-;-;-;CET;-;-;-;-
"Pentair PLC";IE00BLS09M33;1PNR;"Euronext Global Equity Market";EUR;87,68;87,68;87,68;87,68;"11/02/2026 17:10";CET;24;2104,32;81,50;11/02/2026
PEPSICO;US7134481081;4PEP;EuroTLX;EUR;122,44;122,44;122,44;122,44;"20/01/2026 14:30";CET;4;489,76;142,86;11/02/2026
PEPSICO;US7134481081;1PEP;"Euronext Global Equity Market";EUR;140,60;143,08;140,60;143,08;"11/02/2026 17:35";CET;134;19036,48;143,08;11/02/2026
PEPSICO;US7134481081;2PEP;"Trading After Hours";EUR;142,88;142,88;142,88;142,88;"11/02/2026 19:11";CET;70;10001,60;142,88;11/02/2026
"PERM. TSB GP. HOLD";IE00BWB8X525;PTSB;"Euronext Dublin";EUR;3,15;3,15;3,09;3,13;"11/02/2026 21:04";IST;111476;350272,77;3,13;11/02/2026
"PERNOD RICARD";FR0000120693;4RI;EuroTLX;EUR;82,76;82,76;82,76;82,76;"11/02/2026 09:22";CET;35;2896,60;83,48;11/02/2026
"PERNOD RICARD";FR0000120693;RI;"Euronext Paris";EUR;82,90;84,24;82,08;83,24;"11/02/2026 17:37";CET;727376;60599357,92;83,24;11/02/2026
"PERNOD RICARD";FR0000120693;2RI;"Trading After Hours";EUR;-;-;-;-;-;CET;-;-;-;-
"PERRIER (GERARD)";FR0000061459;PERR;"Euronext Paris";EUR;87,20;88,40;87,20;87,60;"11/02/2026 17:35";CET;563;49287,40;87,60;11/02/2026
"PERSEIDA RENTA";ES0105612008;MLPER;"Euronext Access Paris";EUR;0,71;0,71;0,71;0,71;"09/06/2022 16:30";CET;500;355,00;0,71;11/02/2026
"PET SERVICE";NL0015001HZ9;ALPET;"Euronext Growth Paris";EUR;5,20;5,20;5,10;5,10;"11/02/2026 13:45";CET;870;4474,25;5,10;11/02/2026
PETROLIA;CY0102630916;PSE;"Oslo Børs";NOK;4,66;4,80;4,66;4,80;"11/02/2026 15:41";CET;375;1750,70;4,80;11/02/2026
"PETRONOR E&P";NO0012942525;PNOR;"Oslo Børs";NOK;10,36;10,50;10,32;10,42;"11/02/2026 16:25";CET;165352;1726973,00;10,42;11/02/2026
"PEUGEOT INVEST";FR0000064784;PEUG;"Euronext Paris";EUR;71,20;71,40;70,10;70,50;"11/02/2026 17:35";CET;4261;301107,90;70,50;11/02/2026
"PEXIP HOLDING";NO0010840507;PEXIP;"Oslo Børs";NOK;72,50;73,10;70,70;70,90;"11/02/2026 16:28";CET;343919;24583754,80;70,90;11/02/2026
"PFEIFFER VACUUM";DE0006916604;2PFV;"Trading After Hours";EUR;-;-;-;-;-;CET;-;-;-;-
"PFEIFFER VACUUM";DE0006916604;1PFV;"Euronext Global Equity Market";EUR;151,20;151,20;151,20;151,20;"28/11/2023 12:36";CET;67;10130,40;166,20;11/02/2026
"PFEIFFER VACUUM";DE0006916604;4PFV;EuroTLX;EUR;157,40;157,40;157,40;157,40;"23/10/2025 10:45";CET;7;1101,80;165,20;11/02/2026
PFIZER;US7170811035;4PFE;EuroTLX;EUR;22,50;22,50;22,50;22,50;"05/02/2026 15:31";CET;200;4500,00;23,215;11/02/2026
PFIZER;US7170811035;2PFE;"Trading After Hours";EUR;23,445;23,445;23,425;23,425;"11/02/2026 18:50";CET;300;7029,89;23,435;11/02/2026
PFIZER;US7170811035;1PFE;"Euronext Global Equity Market";EUR;23,13;23,40;23,10;23,39;"11/02/2026 17:21";CET;6712;155412,42;23,395;11/02/2026
PG&E;US69331C1080;4PCG;EuroTLX;EUR;14,95;14,95;14,95;14,95;"04/02/2025 17:26";CET;20;299,00;14,20;11/02/2026
PG&E;US69331C1080;2PCG;"Trading After Hours";EUR;18,796;18,796;18,796;18,796;"18/10/2024 18:28";CET;30;563,88;14,30;11/02/2026
PG&E;US69331C1080;1PCG;"Euronext Global Equity Market";EUR;13,20;13,20;13,10;13,10;"04/02/2026 15:35";CET;794;10467,80;14,30;11/02/2026
PHARMANUTRA;IT0005274094;PHN;"Euronext Milan";EUR;63,60;63,80;62,40;62,80;"11/02/2026 17:35";CET;12946;816702,80;62,80;11/02/2026
"PHARMING GROUP";NL0010391025;PHARM;"Euronext Amsterdam";EUR;1,36;1,363;1,322;1,327;"11/02/2026 17:36";CET;11739659;15735615,05;1,327;11/02/2026
PHAROL;PTPTC0AM0009;PHR;"Euronext Lisbon";EUR;0,066;0,0662;0,0654;0,0654;"11/02/2026 22:35";BST;426160;27976,97;0,0654;11/02/2026
"PHILIP MORRIS INT";US7181721090;2PM;"Trading After Hours";EUR;151,94;151,94;151,94;151,94;"09/02/2026 18:00";CET;6;911,64;157,30;11/02/2026
"PHILIP MORRIS INT";US7181721090;4PM;EuroTLX;EUR;134,42;134,42;134,42;134,42;"09/01/2026 09:04";CET;1;134,42;157,30;11/02/2026
"PHILIP MORRIS INT";US7181721090;1PM;"Euronext Global Equity Market";EUR;153,22;153,70;153,22;153,70;"10/02/2026 16:09";CET;41;6298,82;157,30;11/02/2026
PHILIPS;NL0000009538;1PHIA;"Euronext Global Equity Market";EUR;28,00;28,00;26,19;26,19;"11/02/2026 15:53";CET;811;21879,45;26,44;11/02/2026
PHILIPS;NL0000009538;4PHIA;EuroTLX;EUR;27,36;27,48;27,36;27,48;"10/02/2026 16:15";CET;175;4793,40;26,48;11/02/2026
PHILIPS;NL0000009538;2PHIA;"Trading After Hours";EUR;25,07;25,07;25,07;25,07;"27/01/2026 18:19";CET;22;551,54;26,44;11/02/2026
"PHILIPS BUY BACK";NL0000009322;INPHI;"Euronext Amsterdam";EUR;-;-;-;-;-;CET;-;-;-;-
"PHILIPS KON";NL0000009538;PHIA;"Euronext Amsterdam";EUR;27,35;27,37;26,04;26,65;"11/02/2026 17:38";CET;3211665;85560395,62;26,65;11/02/2026
"PHILLIPS 66";US7185461040;1PSX;"Euronext Global Equity Market";EUR;131,30;134,00;130,90;134,00;"06/02/2026 17:02";CET;99;13100,00;135,08;11/02/2026
"PHILLIPS 66";US7185461040;2PSX;"Trading After Hours";EUR;119,30;119,30;119,30;119,30;"06/11/2024 18:00";CET;3;357,90;135,08;11/02/2026
"PHILLIPS 66";US7185461040;4PSX;EuroTLX;EUR;118,02;118,02;118,02;118,02;"07/01/2026 14:34";CET;86;10149,72;135,06;11/02/2026
PHILOGEN;IT0005373789;PHIL;"Euronext Milan";EUR;21,50;21,50;21,20;21,20;"11/02/2026 17:35";CET;5815;123891,70;21,20;11/02/2026
"PHONE WEB";FR0000185480;MLPHW;"Euronext Access Paris";EUR;0,88;0,88;0,88;0,88;"06/02/2026 11:32";CET;12000;10560,00;0,88;11/02/2026
PHOTOCURE;NO0010000045;PHO;"Oslo Børs";NOK;65,90;65,90;63,10;63,50;"11/02/2026 16:25";CET;62973;4027454,20;63,50;11/02/2026
"PHOTONIKE CAPITAL";BE0948608451;MLPHO;"Euronext Access Paris";EUR;0,13;0,13;0,13;0,13;"09/02/2026 14:57";CET;24924;3240,12;0,13;11/02/2026
PIAGGIO;IT0003073266;PIA;"Euronext Milan";EUR;1,80;1,80;1,73;1,734;"11/02/2026 17:35";CET;966627;1689879,94;1,734;11/02/2026
"PIERRE VAC BSA ACT";FR001400B4H9;VACBS;"Euronext Paris";EUR;0,034;0,035;0,034;0,035;"11/02/2026 15:07";CET;11239;392,12;0,035;11/02/2026
"PIERRE VAC BSA CRE";FR001400B4G1;VACBT;"Euronext Paris";EUR;0,10;0,10;0,10;0,10;"03/02/2026 10:14";CET;228921;22892,10;0,10;11/02/2026
"PIERRE VACANCES";FR0000073041;VAC;"Euronext Paris";EUR;1,87;1,878;1,784;1,792;"11/02/2026 17:35";CET;242413;441170,82;1,792;11/02/2026
"PILGRIM'S PRIDE CO";US72147K1088;1PPC;"Euronext Global Equity Market";EUR;32,60;32,60;32,60;32,60;"23/10/2025 17:23";CET;19;619,40;37,20;11/02/2026
"PININFARINA SPA";IT0003056386;PINF;"Euronext Milan";EUR;0,832;0,84;0,826;0,832;"11/02/2026 17:05";CET;6283;5235,45;0,832;11/02/2026
"PIONEER PROPERTY";NO0010735681;PPG;"Euronext Expand Oslo";NOK;103,00;103,00;102,00;103,00;"11/02/2026 16:25";CET;3012;309078,00;103,00;11/02/2026
PIQUADRO;IT0004240443;PQ;"Euronext Milan";EUR;2,61;2,61;2,54;2,55;"11/02/2026 17:15";CET;8002;20487,18;2,55;11/02/2026
"PIRELLI & C";IT0005278236;PIRC;"Euronext Milan";EUR;6,434;6,434;6,302;6,312;"11/02/2026 17:35";CET;1057862;6686929,09;6,312;11/02/2026
PIRELLI&C;IT0005278236;2PIRC;"Trading After Hours";EUR;6,364;6,364;6,362;6,362;"10/02/2026 19:16";CET;500;3181,20;6,312;11/02/2026
"PISCINES DESJOYAUX";FR0000061608;ALPDX;"Euronext Growth Paris";EUR;13,30;13,50;13,30;13,50;"11/02/2026 17:35";CET;868;11625,55;13,50;11/02/2026
"Piu' Medical";IT0005676140;PMED;"Euronext Growth Milan";EUR;6,02;6,02;6,02;6,02;"10/02/2026 16:31";CET;500;3010,00;6,02;11/02/2026
PLACOPLATRE;FR0000030769;MLPLC;"Euronext Access Paris";EUR;525,00;525,00;525,00;525,00;"04/02/2026 16:30";CET;3;1575,00;525,00;11/02/2026
"PLANET LABS PBC";US72703X1063;1PLL;"Euronext Global Equity Market";EUR;18,644;19,33;17,90;18,198;"11/02/2026 16:53";CET;808;15071,51;18,002;11/02/2026
PLANETEL;IT0005430951;PLN;"Euronext Growth Milan";EUR;3,96;3,96;3,96;3,96;"10/02/2026 17:35";CET;500;1980,00;3,96;11/02/2026
PLANISWARE;FR001400PFU4;PLNW;"Euronext Paris";EUR;18,42;18,70;17,30;17,30;"11/02/2026 17:36";CET;126243;2246371,52;17,30;11/02/2026
"PLANT ADVANCED";FR0010785790;ALPAT;"Euronext Growth Paris";EUR;8,02;8,40;8,02;8,40;"11/02/2026 10:16";CET;191;1568,04;8,40;11/02/2026
"PLANT ADVANCED BS";FR0011844067;PATBS;"Euronext Growth Paris";EUR;0,01;0,01;0,01;0,01;"29/08/2024 14:25";CET;5;0,05;0,01;11/02/2026
"PLAST.VAL LOIRE";FR0013252186;PVL;"Euronext Paris";EUR;2,78;2,84;2,75;2,83;"11/02/2026 17:35";CET;6579;18331,79;2,83;11/02/2026
PLC;IT0005339160;PLC;"Euronext Milan";EUR;2,30;2,32;2,25;2,26;"11/02/2026 17:35";CET;18681;42594,11;2,26;11/02/2026
"PLUG POWER";US72919P2020;2PLUG;"Trading After Hours";EUR;1,7046;1,7046;1,7046;1,7046;"11/02/2026 20:13";CET;50;85,23;1,7046;11/02/2026
"PLUG POWER";US72919P2020;4PLUG;EuroTLX;EUR;1,62;1,7048;1,62;1,7048;"06/02/2026 16:30";CET;1100;1824,40;1,698;11/02/2026
"PLUG POWER";US72919P2020;1PLUG;"Euronext Global Equity Market";EUR;1,7422;1,7496;1,664;1,7134;"11/02/2026 17:25";CET;156227;267134,82;1,6902;11/02/2026
PLUXEE;NL0015001W49;PLX;"Euronext Paris";EUR;11,90;11,90;11,11;11,13;"11/02/2026 17:36";CET;260849;2949099,63;11,13;11/02/2026
PNE;DE000A0JBPG2;4PNE;EuroTLX;EUR;-;-;-;10,47208;"07/09/2023 00:00";CET;0;-;8,97;11/02/2026
PNE;DE000A0JBPG2;1PNE;"Euronext Global Equity Market";EUR;8,84;8,84;8,84;8,84;"11/02/2026 09:55";CET;1;8,84;9,00;11/02/2026
PNE;DE000A0JBPG2;2PNE;"Trading After Hours";EUR;-;-;-;-;-;CET;-;-;-;-
"POLARIS MEDIA";NO0010466022;POL;"Oslo Børs";NOK;52,50;54,00;52,50;53,00;"11/02/2026 16:29";CET;2502;133031,00;53,00;11/02/2026
POLIGHT;NO0012535832;PLT;"Oslo Børs";NOK;5,95;6,42;5,88;6,21;"11/02/2026 16:25";CET;837544;5129896,80;6,21;11/02/2026
"POLIGRAF PRINTING";IT0004587470;POPR;"Euronext Growth Milan";EUR;0,52;0,52;0,52;0,52;"11/02/2026 09:57";CET;4000;2080,00;0,52;11/02/2026
"Pool Corp";US73278L1052;1POOL;"Euronext Global Equity Market";EUR;227,20;227,20;227,20;227,20;"14/01/2026 17:19";CET;14;3180,80;225,50;11/02/2026
"PORCELEYNE FLES";NL0000378669;PORF;"Euronext Amsterdam";EUR;13,50;13,50;13,50;13,50;"11/02/2026 16:30";CET;588;7938,00;13,50;11/02/2026
"PORSCHE AG PREF";DE000PAG9113;2PORS;"Trading After Hours";EUR;41,40;41,40;41,40;41,40;"04/02/2026 19:37";CET;10;414,00;41,29;11/02/2026
"PORSCHE AG PREF";DE000PAG9113;1PORS;"Euronext Global Equity Market";EUR;40,75;41,40;40,61;41,40;"11/02/2026 16:56";CET;11988;489548,89;41,29;11/02/2026
"PORSCHE AUTOMOBIL";DE000PAH0038;2PAH;"Trading After Hours";EUR;37,29;37,90;37,29;37,90;"02/02/2026 18:01";CET;14;522,67;35,88;11/02/2026
"PORSCHE AUTOMOBIL";DE000PAH0038;4PAH;EuroTLX;EUR;36,51;36,51;36,51;36,51;"19/01/2026 09:53";CET;3;109,53;35,84;11/02/2026
"PORSCHE AUTOMOBIL";DE000PAH0038;1PAH;"Euronext Global Equity Market";EUR;35,96;35,96;35,87;35,87;"11/02/2026 15:14";CET;300;10779,00;35,88;11/02/2026
"PORTO AVIATION";IT0005545238;PAG;"Euronext Growth Milan";EUR;8,15;8,65;8,10;8,10;"11/02/2026 14:45";CET;3850;31990,00;8,10;11/02/2026
PORTOBELLO;IT0005337495;POR;"Euronext Growth Milan";EUR;1,50;1,63;1,50;1,59;"11/02/2026 17:35";CET;16350;25577,25;1,59;11/02/2026
"POSTE ITALIANE";IT0003796171;2PST;"Trading After Hours";EUR;23,02;23,26;23,02;23,21;"11/02/2026 20:29";CET;3272;75846,85;23,18;11/02/2026
"POSTE ITALIANE";IT0003796171;PST;"Euronext Milan";EUR;23,25;23,35;22,84;23,13;"11/02/2026 17:38";CET;1745983;40330947,92;23,13;11/02/2026
POSTNL;NL0009739416;PNL;"Euronext Amsterdam";EUR;1,248;1,248;1,226;1,24;"11/02/2026 17:35";CET;957530;1186888,44;1,24;11/02/2026
POUJOULAT;FR0000066441;ALPJT;"Euronext Growth Paris";EUR;8,62;8,68;8,48;8,68;"11/02/2026 17:35";CET;2239;19177,66;8,68;11/02/2026
POULAILLON;FR0013015583;ALPOU;"Euronext Growth Paris";EUR;6,05;6,15;6,05;6,10;"11/02/2026 15:20";CET;550;3358,55;6,10;11/02/2026
"POWELL INDUSTRIES";US7391281067;1POWL;"Euronext Global Equity Market";EUR;476,80;476,80;476,80;476,80;"10/02/2026 09:25";CET;2;953,60;491,00;11/02/2026
POWERSOFT;IT0005353815;PWS;"Euronext Growth Milan";EUR;15,85;15,85;15,85;15,85;"11/02/2026 09:00";CET;250;3962,50;15,85;11/02/2026
POXEL;FR0012432516;POXEL;"Euronext Paris";EUR;0,3035;0,3035;0,28;0,2825;"11/02/2026 17:35";CET;234537;68527,00;0,2825;11/02/2026
"POZZI MILANO";IT0005499949;POZ;"Euronext Growth Milan";EUR;0,51;0,52;0,51;0,52;"11/02/2026 16:44";CET;23750;12290,00;0,52;11/02/2026
"PPG INDUSTRIES";US6935061076;2PPG;"Trading After Hours";EUR;99,54;99,54;99,54;99,54;"27/05/2025 18:33";CET;10;995,40;109,40;11/02/2026
"PPG INDUSTRIES";US6935061076;1PPG;"Euronext Global Equity Market";EUR;97,54;106,20;97,44;106,20;"04/02/2026 16:28";CET;287;28677,22;109,40;11/02/2026
"PPG INDUSTRIES";US6935061076;4PPG;EuroTLX;EUR;103,50;103,50;103,50;103,50;"25/03/2025 10:54";CET;86;8901,00;109,50;11/02/2026
PPL;US69351T1060;4PPL;EuroTLX;EUR;32,675;32,675;32,675;32,675;"18/02/2025 12:02";CET;10;326,75;30,36;11/02/2026
PPL;US69351T1060;1PPL;"Euronext Global Equity Market";EUR;30,015;30,015;30,015;30,015;"04/02/2026 15:23";CET;70;2101,05;30,35;11/02/2026
PPL;US69351T1060;2PPL;"Trading After Hours";EUR;25,585;25,585;25,585;25,585;"02/07/2024 19:50";CET;3;76,76;30,35;11/02/2026
"PPLA CLASS A";BMG7209L1000;PPLAA;"Euronext Amsterdam";EUR;-;-;-;-;-;CET;-;-;-;-
"PPLA CLASS B";BMG7209L1182;PPLAB;"Euronext Amsterdam";EUR;-;-;-;-;-;CET;-;-;-;-
"PPLA European Unit";US69355L1098;PPLA;"Euronext Amsterdam";EUR;-;-;-;-;-;CET;-;-;-;-
Praexidia;IT0005687469;PRXD;"Euronext Growth Milan";EUR;-;-;-;10,00;"02/01/2026 00:00";CET;-;-;10,00;11/02/2026
"PREATONI GROUP";FR001400WXE7;MLPRG;"Euronext Access Paris";EUR;45,00;45,00;45,00;45,00;"11/02/2026 11:30";CET;2;90,00;45,00;11/02/2026
PRECIA;FR0014004EC4;ALPM;"Euronext Growth Paris";EUR;27,50;27,90;27,50;27,50;"11/02/2026 17:02";CET;1012;28020,10;27,50;11/02/2026
PREDICT;IT0005611071;PRE;"Euronext Growth Milan";EUR;0,805;0,805;0,78;0,78;"11/02/2026 10:03";CET;9000;7102,50;0,78;11/02/2026
PREDILIFE;FR0010169920;ALPRE;"Euronext Growth Paris";EUR;3,19;3,19;3,04;3,17;"11/02/2026 17:35";CET;1762;5530,55;3,17;11/02/2026
"PRELUDE S.A";FR0014011SJ4;MLPRE;"Euronext Access Paris";EUR;11,00;11,00;11,00;11,00;"30/10/2025 16:30";CET;50;550,00;11,00;11/02/2026
"PREMIA FINANCE";IT0005442154;PFI;"Euronext Growth Milan";EUR;1,30;1,34;1,24;1,24;"11/02/2026 15:46";CET;7500;9660,00;1,24;11/02/2026
"PRISMAFLEX INTL";FR0004044600;ALPRI;"Euronext Growth Paris";EUR;6,50;7,00;6,10;6,95;"11/02/2026 17:19";CET;1827;11977,80;6,95;11/02/2026
"PROACTIS SA";FR0004052561;PROAC;"Euronext Paris";EUR;0,045;0,045;0,045;0,045;"11/02/2026 10:05";CET;1114;50,13;0,045;11/02/2026
"PROCTER & GAMBLE";US7427181091;4PG;EuroTLX;EUR;130,60;130,60;130,60;130,60;"10/02/2026 11:46";CET;4;522,40;135,28;11/02/2026
"PROCTER & GAMBLE";US7427181091;1PG;"Euronext Global Equity Market";EUR;133,70;135,26;133,20;135,26;"11/02/2026 16:25";CET;181;24306,64;135,20;11/02/2026
PROCTER&GAMBLE;US7427181091;2PG;"Trading After Hours";EUR;132,62;132,62;132,62;132,62;"03/02/2026 19:05";CET;13;1724,06;135,20;11/02/2026
"PRODWAYS GROUP";FR0012613610;ALPWG;"Euronext Growth Paris";EUR;0,532;0,544;0,532;0,54;"11/02/2026 17:35";CET;14546;7875,20;0,54;11/02/2026
Progressive;US7433151039;1PGR;"Euronext Global Equity Market";EUR;167,84;167,84;167,84;167,84;"10/02/2026 15:35";CET;73;12252,32;171,42;11/02/2026
"PROLOGIS REIT";US74340W1036;1PLD;"Euronext Global Equity Market";EUR;113,58;113,58;113,58;113,58;"04/02/2026 15:54";CET;1;113,58;118,74;11/02/2026
"PROLOGIS REIT";US74340W1036;2PLD;"Trading After Hours";EUR;-;-;-;-;-;CET;-;-;-;-
"PROLOGIS REIT";US74340W1036;4PLD;EuroTLX;EUR;98,90;98,90;98,90;98,90;"06/10/2025 10:58";CET;15;1483,50;118,68;11/02/2026
PROLOGUE;FR0010380626;ALPRG;"Euronext Growth Paris";EUR;0,251;0,251;0,245;0,245;"11/02/2026 17:09";CET;32222;7959,54;0,245;11/02/2026
PROMOTICA;IT0005425365;PMT;"Euronext Growth Milan";EUR;2,66;2,76;2,60;2,60;"11/02/2026 17:19";CET;107000;286220,00;2,60;11/02/2026
PROP.IMMEUBLES;FR0000061376;MLPRI;"Euronext Access Paris";EUR;20,40;20,40;20,40;20,40;"04/03/2025 11:30";CET;150;3060,00;20,40;11/02/2026
PROSAFE;NO0010861990;PRS;"Oslo Børs";NOK;3,61;3,65;3,57;3,64;"11/02/2026 16:25";CET;938540;3384421,40;3,64;11/02/2026
"PROSIEBENSAT1 MEDI";DE000PSM7770;1PSM;"Euronext Global Equity Market";EUR;4,90;4,93;4,90;4,93;"10/02/2026 11:02";CET;2250;11032,50;4,896;11/02/2026
"PROSIEBENSAT1 MEDI";DE000PSM7770;2PSM;"Trading After Hours";EUR;7,015;7,015;6,87;6,87;"18/07/2025 19:50";CET;150;1030,65;4,896;11/02/2026
"PROSIEBENSAT1 MEDI";DE000PSM7770;4PSM;EuroTLX;EUR;5,645;5,645;5,645;5,645;"23/10/2025 09:16";CET;500;2822,50;4,904;11/02/2026
PROSUS;NL0013654783;2PRX;"Trading After Hours";EUR;-;-;-;-;-;CET;-;-;-;-
PROSUS;NL0013654783;4PRX;EuroTLX;EUR;46,20;46,20;46,20;46,20;"05/02/2026 14:44";CET;25;1155,00;43,795;11/02/2026
PROSUS;NL0013654783;PRX;"Euronext Amsterdam";EUR;44,55;44,70;43,71;43,71;"11/02/2026 17:36";CET;3711485;163066251,40;43,71;11/02/2026
"PROTECTOR FORSIKRG";NO0010209331;PROT;"Oslo Børs";NOK;520,00;520,00;507,00;507,00;"11/02/2026 16:25";CET;109422;55900740,00;507,00;11/02/2026
"PROXIMAR SEAFOOD";NO0010893902;PROXI;"Euronext Growth Oslo";NOK;0,624;0,664;0,624;0,662;"11/02/2026 16:02";CET;179744;118419,40;0,662;11/02/2026
PROXIMUS;BE0003810273;2PROX;"Trading After Hours";EUR;-;-;-;-;-;CET;-;-;-;-
PROXIMUS;BE0003810273;PROX;"Euronext Brussels";EUR;8,04;8,25;8,02;8,245;"11/02/2026 17:35";CET;482293;3945517,88;8,245;11/02/2026
"PRUDENTIAL FIN";US7443201022;4PRU;EuroTLX;EUR;89,14;89,14;89,14;89,14;"23/10/2025 13:55";CET;28;2495,92;88,14;11/02/2026
"PRUDENTIAL FIN";US7443201022;2PRU;"Trading After Hours";EUR;87,48;87,48;87,48;87,48;"24/10/2025 19:09";CET;154;13471,92;88,06;11/02/2026
"PRUDENTIAL FIN";US7443201022;1PRU;"Euronext Global Equity Market";EUR;88,30;88,30;88,30;88,30;"11/02/2026 13:00";CET;20;1766,00;88,06;11/02/2026
PRYME;NL0015002E73;PRYME;"Euronext Growth Oslo";NOK;7,12;7,12;7,12;7,12;"11/02/2026 16:17";CET;2066;14709,92;7,12;11/02/2026
PRYSMIAN;IT0004176001;2PRY;"Trading After Hours";EUR;103,05;104,15;103,05;104,15;"11/02/2026 20:29";CET;597;61989,40;103,85;11/02/2026
PRYSMIAN;IT0004176001;PRY;"Euronext Milan";EUR;103,80;105,75;102,85;103,20;"11/02/2026 17:36";CET;1301686;135196979,02;103,20;11/02/2026
PSP;CH0018294154;1PSPN;"Euronext Global Equity Market";EUR;156,00;156,00;156,00;156,00;"05/01/2026 09:00";CET;1;156,00;173,00;11/02/2026
"PUBLIC PROPERTY IN";NO0013178616;PUBLI;"Oslo Børs";NOK;23,00;23,25;22,90;23,05;"11/02/2026 16:26";CET;362150;8339045,95;23,05;11/02/2026
"Public Service Ent";US7445731067;1PEG;"Euronext Global Equity Market";EUR;70,50;70,50;70,50;70,50;"10/02/2026 16:27";CET;7;493,50;70,00;11/02/2026
"PUBLICIS GROUPE";FR0000130577;4PUB;EuroTLX;EUR;77,02;77,02;77,02;77,02;"11/02/2026 11:47";CET;13;1001,26;72,82;11/02/2026
"PUBLICIS GROUPE SA";FR0000130577;2PUB;"Trading After Hours";EUR;-;-;-;-;-;CET;-;-;-;-
"PUBLICIS GROUPE SA";FR0000130577;PUB;"Euronext Paris";EUR;79,68;79,70;72,73;72,88;"11/02/2026 17:35";CET;1097040;81559391,85;72,88;11/02/2026
"Puig Brands";ES0105777017;1PUIG;"Euronext Global Equity Market";EUR;16,23;16,41;15,69;16,41;"10/02/2026 16:12";CET;250;4039,50;15,89;11/02/2026
"PULLUP ENTERTAIN";FR0012419307;ALPUL;"Euronext Growth Paris";EUR;14,00;14,00;13,02;13,24;"11/02/2026 17:35";CET;21884;293759,32;13,24;11/02/2026
PUMA;DE0006969603;2PUM;"Trading After Hours";EUR;23,75;23,75;23,75;23,75;"10/02/2026 18:18";CET;162;3847,50;22,92;11/02/2026
PUMA;DE0006969603;4PUM;EuroTLX;EUR;23,14;23,14;23,14;23,14;"09/02/2026 14:03";CET;54;1249,56;22,94;11/02/2026
PUMA;DE0006969603;1PUM;"Euronext Global Equity Market";EUR;23,27;23,44;22,85;22,85;"11/02/2026 17:25";CET;4251;97989,70;22,92;11/02/2026
"PURE STORAGE CL A";US74624M1027;1PSTG;"Euronext Global Equity Market";EUR;63,12;63,15;61,01;61,01;"11/02/2026 16:15";CET;535;32742,15;62,18;11/02/2026
"PYRUM INNOVATIONS";DE000A2G8ZX8;PYRUM;"Euronext Growth Oslo";NOK;305,00;305,00;305,00;305,00;"10/02/2026 12:05";CET;15;4575,00;305,00;11/02/2026
QEV;NL0015000NM7;QEV;"Euronext Amsterdam";EUR;6,70;6,70;6,70;6,70;"26/01/2026 09:00";CET;1;6,70;6,70;11/02/2026
"QEV TREAS SHARES";NL0015000NL9;QEVT;"Euronext Amsterdam";EUR;-;-;-;-;-;CET;-;-;-;-
"QEV WARRANTS";NL0015000NK1;QEVW;"Euronext Amsterdam";EUR;0,25;0,25;0,22;0,22;"24/02/2022 17:35";CET;115000;27250,00;0,22;11/02/2026
QIAGEN;NL0015002SN0;4QGEN;EuroTLX;EUR;38,33237;38,33237;38,33237;38,33237;"10/02/2025 16:04";CET;0;38,28;43,035;11/02/2026
QIAGEN;NL0015002SN0;2QGEN;"Trading After Hours";EUR;40,185;40,185;40,185;40,185;"25/11/2024 19:08";CET;19;763,52;43,085;11/02/2026
QIAGEN;NL0015002SN0;1QGEN;"Euronext Global Equity Market";EUR;42,265;42,425;42,265;42,425;"10/02/2026 15:23";CET;52;2198,01;43,085;11/02/2026
"Qorvo Inc";US74736K1016;1QRVO;"Euronext Global Equity Market";EUR;68,00;69,13;68,00;69,13;"15/01/2026 10:00";CET;4;274,26;72,38;11/02/2026
QRF;BE0974272040;QRF;"Euronext Brussels";EUR;11,05;11,15;11,00;11,05;"11/02/2026 16:01";CET;3039;33475,65;11,05;11/02/2026
"Qt Group Oyj";FI4000198031;1QTCO;"Euronext Global Equity Market";EUR;38,00;38,00;38,00;38,00;"22/10/2025 15:53";CET;10;380,00;24,58;11/02/2026
QUADIENT;FR0000120560;QDT;"Euronext Paris";EUR;15,50;15,50;15,18;15,18;"11/02/2026 17:35";CET;31884;487042,92;15,18;11/02/2026
QUALCOMM;US7475251036;1QCOM;"Euronext Global Equity Market";EUR;117,24;119,68;117,24;119,68;"11/02/2026 17:35";CET;294;34750,82;119,68;11/02/2026
QUALCOMM;US7475251036;4QCOM;EuroTLX;EUR;125,00;125,00;125,00;125,00;"30/01/2026 09:15";CET;75;9375,00;119,36;11/02/2026
QUALCOMM;US7475251036;2QCOM;"Trading After Hours";EUR;117,86;117,86;116,82;116,82;"05/02/2026 19:26";CET;12;1405,98;119,68;11/02/2026
"QUALYS INC";US74758T3032;1QLYS;"Euronext Global Equity Market";EUR;107,50;107,50;107,50;107,50;"04/02/2026 15:35";CET;1;107,50;92,74;11/02/2026
"Quanta Services";US74762E1029;1PWR;"Euronext Global Equity Market";EUR;420,00;420,00;420,00;420,00;"06/02/2026 15:34";CET;64;26880,00;427,30;11/02/2026
"QUANTUM GENOMICS";FR0011648971;ALQGC;"Euronext Growth Paris";EUR;0,0734;0,0749;0,072;0,0721;"24/10/2024 17:35";CET;127302;9227,46;0,0722;11/02/2026
"Quest Diagnostic";US74834L1008;1QDX;"Euronext Global Equity Market";EUR;151,30;151,30;151,30;151,30;"06/01/2026 16:01";CET;10;1513,00;178,15;11/02/2026
"QUESTERRE ENERGY";CA74836K1003;QEC;"Oslo Børs";NOK;1,68;1,74;1,68;1,706;"11/02/2026 16:25";CET;361628;620725,91;1,706;11/02/2026
"QUESTFOR GR-PRICAF";BE0003730448;QFG;"Euronext Brussels";EUR;4,34;4,34;4,279;4,279;"11/02/2026 17:29";CET;9640;41369,06;4,279;11/02/2026
QWAMPLIFY;FR0010889386;ALQWA;"Euronext Growth Paris";EUR;1,70;1,70;1,55;1,65;"10/02/2026 17:14";CET;853;1386,52;1,65;11/02/2026
"RACING FORCE";IT0005466963;ALRFG;"Euronext Growth Paris";EUR;5,18;5,18;4,92;4,93;"11/02/2026 11:04";CET;1213;6117,48;4,93;11/02/2026
"RACING FORCE";IT0005466963;RFG;"Euronext Growth Milan";EUR;5,16;5,28;5,12;5,28;"11/02/2026 17:35";CET;4233;21923,76;5,28;11/02/2026
RADICI;IT0005379737;RAD;"Euronext Growth Milan";EUR;0,985;0,985;0,985;0,985;"05/02/2026 14:18";CET;1000;985,00;0,985;11/02/2026
"RAI WAY";IT0005054967;RWAY;"Euronext Milan";EUR;5,79;5,81;5,76;5,76;"11/02/2026 17:35";CET;214329;1239546,37;5,76;11/02/2026
"Raiffeisen Bank";AT0000606306;4RBI;EuroTLX;EUR;44,20;44,72;44,20;44,72;"03/02/2026 15:21";CET;250;11076,00;43,34;11/02/2026
"Raiffeisen Bank";AT0000606306;1RBI;"Euronext Global Equity Market";EUR;41,94;44,00;41,94;44,00;"11/02/2026 17:13";CET;8;341,70;44,34;11/02/2026
RAIZE;PTRIZ0AM0009;MLRZE;"Euronext Access Lisbon";EUR;1,15;1,15;1,12;1,12;"11/02/2026 21:30";BST;1509;1710,63;1,12;11/02/2026
"Ralph Lauren Corp";US7512121010;1RLA;"Euronext Global Equity Market";EUR;290,50;290,50;290,50;290,50;"06/02/2026 16:39";CET;4;1162,00;305,10;11/02/2026
RAMADA;PTFRV0AE0004;RAM;"Euronext Lisbon";EUR;7,40;7,44;7,40;7,42;"11/02/2026 21:18";BST;1015;7513,10;7,42;11/02/2026
"RAMBUS INC";US7509171069;1RMBS;"Euronext Global Equity Market";EUR;90,96;91,02;90,96;91,02;"09/02/2026 10:32";CET;300;27296,00;85,28;11/02/2026
"RAMSAY GEN SANTE";FR0000044471;GDS;"Euronext Paris";EUR;10,95;11,00;10,90;11,00;"11/02/2026 13:42";CET;112;1226,85;11,00;11/02/2026
"RANA GRUBER";NO0010907389;RANA;"Oslo Børs";NOK;77,90;78,10;77,90;78,00;"11/02/2026 16:25";CET;135911;10598238,10;78,00;11/02/2026
"RANDSTAD NV";NL0000379121;RAND;"Euronext Amsterdam";EUR;29,38;29,98;27,31;27,44;"11/02/2026 17:38";CET;2082354;58307855,49;27,44;11/02/2026
"RANDSTAD NV";NL0000379121;2RAND;"Trading After Hours";EUR;-;-;-;-;-;CET;-;-;-;-
"RAPID NUTRITION";GB00BVVK7R18;ALRPD;"Euronext Growth Paris";EUR;10,14;11,00;9,999;10,90;"11/02/2026 17:35";CET;28507;294162,82;10,90;11/02/2026
"Rational AG";DE0007010803;1RAA;"Euronext Global Equity Market";EUR;667,50;667,50;667,50;667,50;"12/01/2026 15:53";CET;8;5340,00;770,00;11/02/2026
RATTI;IT0004724107;RAT;"Euronext Milan";EUR;1,35;1,36;1,35;1,35;"11/02/2026 17:35";CET;36100;49085,00;1,35;11/02/2026
"Raymond James Fin";US7547301090;1RJF;"Euronext Global Equity Market";EUR;136,00;136,00;136,00;136,00;"13/10/2025 16:06";CET;10;1360,00;131,00;11/02/2026
"RCS MEDIAGROUP";IT0004931496;RCS;"Euronext Milan";EUR;0,97;0,973;0,949;0,949;"11/02/2026 17:35";CET;204387;195444,56;0,949;11/02/2026
"REACH SUBSEA";NO0003117202;REACH;"Oslo Børs";NOK;6,98;7,51;6,96;7,31;"11/02/2026 16:25";CET;428022;3026404,64;7,31;11/02/2026
REALCO;BE0003841583;REAL;"Euronext Access Brussels";EUR;15,80;15,80;15,80;15,80;"10/02/2026 11:30";CET;2;31,60;15,80;11/02/2026
REALITES;FR0011858190;ALREA;"Euronext Growth Paris";EUR;0,31;0,31;0,31;0,31;"11/02/2026 16:00";CET;14390;4460,90;0,31;11/02/2026
REBIRTH;IT0005460081;ALREB;"Euronext Growth Paris";EUR;2,32;2,32;2,32;2,32;"28/05/2025 11:09";CET;20;46,40;2,32;11/02/2026
"REC SILICON";NO0010112675;RECSI;"Oslo Børs";NOK;0,50;0,50;0,4624;0,47;"11/02/2026 16:29";CET;3445518;1635861,54;0,47;11/02/2026
"RECORDATI ORD";IT0003828271;2REC;"Trading After Hours";EUR;47,40;47,40;47,04;47,14;"06/02/2026 19:58";CET;551;26004,44;47,48;11/02/2026
"RECORDATI ORD";IT0003828271;REC;"Euronext Milan";EUR;47,66;47,80;47,38;47,48;"11/02/2026 17:36";CET;281879;13399563,74;47,48;11/02/2026
RECTICEL;BE0003656676;RECT;"Euronext Brussels";EUR;10,84;10,94;10,72;10,94;"11/02/2026 17:35";CET;24193;262960,80;10,94;11/02/2026
"RED CAT HOLDINGS I";US75644T1007;1RCAT;"Euronext Global Equity Market";EUR;10,55;11,10;9,74;9,84;"11/02/2026 16:47";CET;3964;40930,10;10,10;11/02/2026
"RED ELECTRICA CORP";ES0173093024;4REE;EuroTLX;EUR;14,70;14,70;14,70;14,70;"27/01/2026 09:01";CET;30;441,00;15,48;11/02/2026
"RED ELECTRICA CORP";ES0173093024;1REE;"Euronext Global Equity Market";EUR;15,45;15,45;15,45;15,45;"11/02/2026 12:31";CET;200;3090,00;15,49;11/02/2026
"RED ELECTRICA CORP";ES0173093024;2REE;"Trading After Hours";EUR;-;-;-;-;-;CET;-;-;-;-
"Redcare Pharma";NL0012044747;4SAE;EuroTLX;EUR;61,20;61,20;61,20;61,20;"04/12/2025 10:50";CET;12;734,40;66,30;11/02/2026
"Redcare Pharma";NL0012044747;1RDC;"Euronext Global Equity Market";EUR;76,15;76,15;76,15;76,15;"27/10/2025 17:12";CET;8;609,20;61,00;11/02/2026
"Reddit Inc";US75734B1008;2RDDT;"Trading After Hours";EUR;132,00;132,00;132,00;132,00;"04/02/2026 18:00";CET;3;396,00;118,00;11/02/2026
"Reddit Inc";US75734B1008;1RDDT;"Euronext Global Equity Market";EUR;127,00;127,00;120,00;120,00;"11/02/2026 17:03";CET;281;34859,00;118,00;11/02/2026
REDELFI;IT0005496101;RDF;"Euronext Growth Milan";EUR;11,40;11,54;10,26;10,28;"11/02/2026 17:36";CET;82638;881377,12;10,28;11/02/2026
REDFISH;IT0005549354;RFLTC;"Euronext Growth Milan";EUR;1,27;1,28;1,24;1,28;"11/02/2026 17:25";CET;29000;36520,00;1,28;11/02/2026
REFUELS;NL0015001BF4;REFL;"Euronext Growth Oslo";NOK;14,40;14,40;14,00;14,00;"11/02/2026 10:04";CET;360;5100,00;14,00;11/02/2026
"REGENERON PHARMA";US75886F1075;4REGN;EuroTLX;EUR;482,00;482,00;482,00;482,00;"13/10/2025 12:58";CET;20;9640,00;645,00;11/02/2026
"REGENERON PHARMA";US75886F1075;1REGN;"Euronext Global Equity Market";EUR;644,00;646,80;644,00;646,80;"11/02/2026 17:28";CET;7;4513,60;644,20;11/02/2026
"REGENERON PHARMA";US75886F1075;2REGN;"Trading After Hours";EUR;683,60;683,60;683,60;683,60;"09/01/2026 20:26";CET;1;683,60;644,20;11/02/2026
"Regions Financial";US7591EP1005;1RFU;"Euronext Global Equity Market";EUR;20,00;21,00;20,00;21,00;"20/11/2025 09:39";CET;90;1845,00;25,40;11/02/2026
REIBEL;BE0003829463;REI;"Euronext Access Brussels";EUR;0,01;0,01;0,01;0,01;"20/06/2024 11:30";CET;100;1,00;0,01;11/02/2026
"REINET INVESTMENTS";LU0383812293;REINA;"Euronext Amsterdam";EUR;29,20;29,20;28,80;28,80;"11/02/2026 15:27";CET;208;6073,20;28,80;11/02/2026
RELX;GB00B2B0DG97;REN;"Euronext Amsterdam";EUR;24,74;24,86;23,22;23,38;"11/02/2026 17:39";CET;4923645;116407199,32;23,38;11/02/2026
"REMY COINTREAU";FR0000130395;RCO;"Euronext Paris";EUR;45,54;46,14;44,46;45,20;"11/02/2026 17:35";CET;110445;4984725,04;45,20;11/02/2026
"REMY COINTREAU";FR0000130395;2RCO;"Trading After Hours";EUR;-;-;-;-;-;CET;-;-;-;-
REN;PTREL0AM0008;RENE;"Euronext Lisbon";EUR;3,61;3,695;3,59;3,645;"11/02/2026 22:35";BST;936985;3414434,45;3,645;11/02/2026
REN;PTREL0AM0008;2RENE;"Trading After Hours";EUR;3,06;3,06;3,06;3,06;"05/06/2025 18:00";CET;1500;4590,00;3,645;11/02/2026
RENAULT;FR0000131906;4RNO;EuroTLX;EUR;30,69;30,69;30,69;30,69;"06/02/2026 14:36";CET;200;6138,00;31,56;11/02/2026
RENAULT;FR0000131906;1RNO;"Euronext Global Equity Market";EUR;31,56;31,68;31,28;31,58;"11/02/2026 17:29";CET;2171;68314,92;31,55;11/02/2026
RENAULT;FR0000131906;RNO;"Euronext Paris";EUR;31,45;31,75;31,24;31,50;"11/02/2026 17:35";CET;1121491;35311523,10;31,50;11/02/2026
RENAULT;FR0000131906;2RNO;"Trading After Hours";EUR;32,35;32,35;32,35;32,35;"20/01/2026 19:33";CET;155;5014,25;31,55;11/02/2026
RENOVALO;IT0005500571;RNV;"Euronext Growth Milan";EUR;1,505;1,505;1,435;1,435;"11/02/2026 16:08";CET;11700;17223,00;1,435;11/02/2026
"REPLIGEN CORP";US7599161095;1RGEN;"Euronext Global Equity Market";EUR;139,35;139,35;139,35;139,35;"21/01/2026 15:09";CET;1;139,35;117,50;11/02/2026
REPLY;IT0005282865;REY;"Euronext Milan";EUR;98,00;98,05;93,20;94,05;"11/02/2026 17:36";CET;160645;15205167,61;94,05;11/02/2026
REPSOL;ES0173516115;2REP;"Trading After Hours";EUR;16,23;16,23;16,23;16,23;"15/01/2026 18:32";CET;250;4057,50;17,115;11/02/2026
REPSOL;ES0173516115;1REP;"Euronext Global Equity Market";EUR;16,70;17,07;16,70;17,015;"11/02/2026 16:54";CET;10707;180343,47;17,115;11/02/2026
REPSOL;ES0173516115;4REP;EuroTLX;EUR;16,46;16,46;16,46;16,46;"06/02/2026 16:01";CET;500;8230,00;17,095;11/02/2026
"Republic Services";US7607591002;1RSG;"Euronext Global Equity Market";EUR;186,80;186,90;186,80;186,85;"06/02/2026 12:43";CET;1400;261572,50;193,30;11/02/2026
RES;IT0005543613;RES;"Euronext Growth Milan";EUR;7,14;7,30;7,14;7,30;"11/02/2026 17:11";CET;4325;31392,50;7,30;11/02/2026
"RES GESTAE SOCIMI";ES0105550000;MLJDL;"Euronext Access Paris";EUR;7,00;7,00;7,00;7,00;"29/06/2021 00:00";CET;-;-;6,70;11/02/2026
"ResMed Inc";US7611521078;1RMD;"Euronext Global Equity Market";EUR;226,60;226,70;226,60;226,70;"06/02/2026 14:09";CET;115;26064,50;215,80;11/02/2026
"RETAIL ESTATES";BE0003720340;RET;"Euronext Brussels, Amsterdam";EUR;66,30;66,60;66,00;66,40;"11/02/2026 17:35";CET;9300;616148,00;66,40;11/02/2026
RETI;IT0005418204;RETI;"Euronext Growth Milan";EUR;1,42;1,43;1,42;1,43;"10/02/2026 15:39";CET;10500;14985,00;1,43;11/02/2026
"REVO INSURANCE";IT0005513202;REVO;"Euronext Milan";EUR;24,65;25,00;23,85;24,95;"11/02/2026 17:35";CET;143973;3542286,35;24,95;11/02/2026
"REVOLUTION MEDICIN";US76155X1000;1RVMD;"Euronext Global Equity Market";EUR;83,50;83,50;83,00;83,00;"10/02/2026 16:42";CET;260;21597,50;78,00;11/02/2026
"REWAY GROUP";IT0005528069;RWY;"Euronext Growth Milan";EUR;10,05;10,45;10,05;10,20;"09/02/2026 17:25";CET;7000;71625,00;10,20;11/02/2026
"REWORLD MEDIA";FR0010820274;ALREW;"Euronext Growth Paris";EUR;1,676;1,70;1,582;1,584;"11/02/2026 17:35";CET;148054;242593,57;1,584;11/02/2026
REXEL;FR0010451203;2RXL;"Trading After Hours";EUR;-;-;-;-;-;CET;-;-;-;-
REXEL;FR0010451203;RXL;"Euronext Paris";EUR;37,28;38,08;37,09;37,65;"11/02/2026 17:35";CET;839244;31570608,68;37,65;11/02/2026
RH;US74967X1037;1RH;"Euronext Global Equity Market";EUR;174,90;174,90;174,90;174,90;"28/01/2026 15:48";CET;65;11368,50;169,22;11/02/2026
RHEINMETALL;DE0007030009;4RHM;EuroTLX;EUR;1700,00;1700,00;1700,00;1700,00;"10/02/2026 09:00";CET;4;6800,00;1598,00;11/02/2026
RHEINMETALL;DE0007030009;1RHM;"Euronext Global Equity Market";EUR;1615,00;1615,50;1571,00;1597,50;"11/02/2026 17:35";CET;2240;3572031,50;1597,50;11/02/2026
RHEINMETALL;DE0007030009;2RHM;"Trading After Hours";EUR;1642,00;1642,00;1642,00;1642,00;"11/02/2026 19:13";CET;5;8210,00;1642,00;11/02/2026
"RIBA MUNDO";ES0105724001;RMT;"Euronext Growth Milan";EUR;2,72;2,80;2,72;2,80;"10/02/2026 15:58";CET;200;552,00;2,80;11/02/2026
RIBER;FR0000075954;ALRIB;"Euronext Growth Paris";EUR;5,28;5,28;5,01;5,07;"11/02/2026 17:35";CET;64140;328304,44;5,07;11/02/2026
"RIGETTI COMPUTING";US76655K1034;1RGTI;"Euronext Global Equity Market";EUR;14,345;14,445;13,48;13,755;"11/02/2026 17:25";CET;13274;185678,87;13,645;11/02/2026
"RINO PETINO";IT0005663429;RPTN;"Euronext Growth Milan";EUR;2,32;2,32;2,32;2,32;"05/02/2026 14:49";CET;500;1160,00;2,32;11/02/2026
"Riot Platforms";US7672921050;1RIOT;"Euronext Global Equity Market";EUR;11,92;12,71;11,92;12,576;"11/02/2026 17:18";CET;7578;94803,34;12,468;11/02/2026
RISANAMENTO;IT0001402269;RN;"Euronext Milan";EUR;0,0192;0,0195;0,0189;0,0192;"11/02/2026 17:35";CET;2168602;41300,96;0,0192;11/02/2026
"RIVER TECH";MT0001710103;RIVER;"Euronext Growth Oslo";NOK;3,94;4,18;3,94;4,18;"11/02/2026 13:41";CET;5651;23532,98;4,18;11/02/2026
"RIVIAN AUTOMOTIVE";US76954A1034;1RIVN;"Euronext Global Equity Market";EUR;12,80;12,80;12,34;12,34;"11/02/2026 17:21";CET;3061;38992,72;12,30;11/02/2026
ROBERTET;FR0000039091;RBT;"Euronext Paris";EUR;848,00;856,00;842,00;846,00;"11/02/2026 17:35";CET;687;581979,50;846,00;11/02/2026
"ROBERTET CDV 87";FR0000045619;CBR;"Euronext Paris";EUR;91,26;91,26;91,26;91,26;"12/11/2025 16:30";CET;1;91,26;91,26;11/02/2026
"ROBERTET CI";FR0000045601;CBE;"Euronext Paris";EUR;777,00;777,00;777,00;777,00;"09/02/2026 16:30";CET;16;12432,00;777,00;11/02/2026
"ROBINHOOD MARKETS";US7707001027;4HOOD;EuroTLX;EUR;65,70;65,70;65,70;65,70;"11/02/2026 09:56";CET;50;3285,00;64,16;11/02/2026
"ROBINHOOD MARKETS";US7707001027;2HOOD;"Trading After Hours";EUR;63,48;65,07;63,48;65,07;"11/02/2026 20:24";CET;28;1817,19;64,90;11/02/2026
"ROBINHOOD MARKETS";US7707001027;1HOOD;"Euronext Global Equity Market";EUR;65,73;67,58;62,72;63,84;"11/02/2026 17:35";CET;39690;2591466,76;63,84;11/02/2026
"ROCHE BOBOIS";FR0013344173;RBO;"Euronext Paris";EUR;27,30;28,10;26,60;27,90;"11/02/2026 17:19";CET;11321;306455,10;27,90;11/02/2026
"Roche Holding";CH0012032048;1ROG;"Euronext Global Equity Market";EUR;380,00;398,00;380,00;398,00;"11/02/2026 17:35";CET;79;31080,00;398,00;11/02/2026
"ROCHE I";CH0012032113;1RO;"Euronext Global Equity Market";EUR;398,00;398,00;398,00;398,00;"11/02/2026 10:08";CET;1;398,00;400,00;11/02/2026
"ROCKET LAB CORP";US7731211089;1RKLB;"Euronext Global Equity Market";EUR;60,69;62,54;56,77;58,73;"11/02/2026 17:21";CET;3070;183007,96;58,53;11/02/2026
"ROCKET SHARING C";IT0005481830;RKT;"Euronext Growth Milan";EUR;0,248;0,25;0,248;0,25;"10/02/2026 15:07";CET;16000;3996,00;0,25;11/02/2026
"ROCKWELL AUTO";US7739031091;4ROK;EuroTLX;EUR;340,00;340,00;340,00;340,00;"11/02/2026 09:00";CET;2;680,00;354,60;11/02/2026
"ROCKWELL AUTO";US7739031091;1ROK;"Euronext Global Equity Market";EUR;346,20;346,20;346,20;346,20;"11/02/2026 13:16";CET;3;1038,60;354,80;11/02/2026
"ROCKWELL AUTO";US7739031091;2ROK;"Trading After Hours";EUR;317,40;317,40;311,00;311,00;"14/11/2025 19:28";CET;3;939,40;354,80;11/02/2026
ROCTOOL;FR0010523167;ALROC;"Euronext Growth Paris";EUR;0,81;0,86;0,73;0,82;"11/02/2026 17:35";CET;462746;363815,01;0,82;11/02/2026
"ROGALAND SPAREBANK";NO0006001007;ROGS;"Oslo Børs";NOK;140,62;144,00;140,62;142,62;"11/02/2026 16:25";CET;10584;1500631,26;142,62;11/02/2026
ROKU;US77543R1023;2ROKU;"Trading After Hours";EUR;80,72;80,72;80,72;80,72;"30/01/2026 18:45";CET;140;11300,80;74,09;11/02/2026
ROKU;US77543R1023;1ROKU;"Euronext Global Equity Market";EUR;77,15;77,15;77,15;77,15;"10/02/2026 16:36";CET;13;1002,95;74,09;11/02/2026
ROKU;US77543R1023;4ROKU;EuroTLX;EUR;85,04;85,04;85,04;85,04;"24/09/2025 11:50";CET;3;255,12;74,08;11/02/2026
"Rollins Inc";US7757111049;1ROL;"Euronext Global Equity Market";EUR;53,24;53,24;53,24;53,24;"27/01/2026 16:35";CET;6;319,44;54,88;11/02/2026
"ROMERIKE SPAREBK";NO0010808405;ROMER;"Euronext Growth Oslo";NOK;142,98;143,00;140,42;140,42;"11/02/2026 16:17";CET;993;141989,10;140,42;11/02/2026
ROMREAL;BMG763301022;ROM;"Euronext Expand Oslo";NOK;2,90;2,90;2,90;2,90;"10/02/2026 16:04";CET;1744;5057,60;2,90;11/02/2026
"Roper Technologies";US7766961061;1ROP;"Euronext Global Equity Market";EUR;294,00;294,00;292,00;292,00;"11/02/2026 15:29";CET;3;880,00;283,90;11/02/2026
"ROSETTI MARINO";IT0001017851;YRM;"Euronext Growth Milan";EUR;258,00;258,00;256,00;256,00;"03/02/2026 16:19";CET;50;12850,00;256,00;11/02/2026
"Ross Stores Inc";US7782961038;1ROST;"Euronext Global Equity Market";EUR;155,24;155,24;155,24;155,24;"18/12/2025 11:06";CET;2;310,48;165,90;11/02/2026
ROTON;BE0003660710;-;"Euronext Expert Market";EUR;0,43;0,43;0,43;0,43;"02/07/2024 11:30";CET;1136;488,48;0,43;11/02/2026
"ROUGIER S.A.";FR0000037640;ALRGR;"Euronext Growth Paris";EUR;14,80;14,80;14,80;14,80;"11/02/2026 14:40";CET;128;1894,40;14,80;11/02/2026
ROULARTA;BE0003741551;ROU;"Euronext Brussels";EUR;13,70;13,90;13,70;13,70;"11/02/2026 15:35";CET;275;3775,70;13,70;11/02/2026
"ROYAL GOLD INC";US7802871084;1RGLD;"Euronext Global Equity Market";EUR;243,00;243,00;235,70;235,70;"11/02/2026 17:28";CET;136;32108,80;235,60;11/02/2026
"RSR SINGULAR";ES0105505004;MLRSR;"Euronext Access Lisbon";EUR;12,98;12,98;12,98;12,98;"03/09/2020 04:00";BST;-;-;13,00;11/02/2026
RT&L;IT0005680373;RTL;"Euronext Growth Milan";EUR;4,155;4,155;4,00;4,09;"11/02/2026 17:35";CET;31000;125325,00;4,09;11/02/2026
"RTL Group SA";LU0061462528;1RRTL;"Euronext Global Equity Market";EUR;36,45;36,45;35,00;35,00;"07/01/2026 16:01";CET;116;4144,10;37,45;11/02/2026
"RTX Corp";US75513E1010;1RTX;"Euronext Global Equity Market";EUR;164,50;164,50;164,50;164,50;"11/02/2026 13:53";CET;3;493,50;166,94;11/02/2026
RUBIS;FR0013269123;2RUI;"Trading After Hours";EUR;-;-;-;-;-;CET;-;-;-;-
RUBIS;FR0013269123;RUI;"Euronext Paris";EUR;34,92;35,06;34,80;35,02;"11/02/2026 17:35";CET;129750;4537995,25;35,02;11/02/2026
"RUBRIK INC-A";US7811541090;1RBRK;"Euronext Global Equity Market";EUR;47,60;47,60;46,00;46,00;"10/02/2026 09:28";CET;33;1550,00;46,20;11/02/2026
RWE;DE0007037129;1RWE;"Euronext Global Equity Market";EUR;54,10;54,42;54,00;54,00;"11/02/2026 16:28";CET;399;21610,02;54,26;11/02/2026
RWE;DE0007037129;2RWE;"Trading After Hours";EUR;53,68;53,68;53,68;53,68;"26/01/2026 18:00";CET;40;2147,20;54,26;11/02/2026
RWE;DE0007037129;4RWE;EuroTLX;EUR;52,32;52,32;52,32;52,32;"26/01/2026 17:26";CET;15;784,80;54,22;11/02/2026
"RYANAIR HOLD. PLC";IE00BYTBXV33;RYA;"Euronext Dublin";EUR;27,40;27,47;26,52;26,52;"11/02/2026 21:07";IST;3025790;80902430,25;26,52;11/02/2026
"S&P Global Inc";US78409V1044;1SPGI;"Euronext Global Equity Market";EUR;340,30;345,30;339,95;340,90;"11/02/2026 16:10";CET;327;112384,25;337,20;11/02/2026
"S.CLUBE BRAGA";PTSCB0AM0001;SCB;"Euronext Access Lisbon";EUR;15,30;15,30;15,30;15,30;"12/01/2026 16:30";BST;3;45,90;15,30;11/02/2026
"S.D. STANDARD ETC";CY0101550917;SDSD;"Oslo Børs";NOK;1,855;1,87;1,855;1,87;"11/02/2026 16:25";CET;3281;6092,72;1,87;11/02/2026
S.E.B.;FR0000121709;2SK;"Trading After Hours";EUR;-;-;-;-;-;CET;-;-;-;-
S.E.B.;FR0000121709;SK;"Euronext Paris";EUR;52,50;53,55;52,35;52,65;"11/02/2026 17:38";CET;172807;9168676,55;52,65;11/02/2026
"S.S. LAZIO";IT0003621783;SSL;"Euronext Milan";EUR;1,185;1,245;1,155;1,245;"11/02/2026 17:37";CET;428492;520601,53;1,245;11/02/2026
"Saab AB";SE0021921269;1SAAB;"Euronext Global Equity Market";EUR;61,53;61,53;59,80;59,80;"11/02/2026 16:14";CET;2767;166443,51;60,43;11/02/2026
SABAF;IT0001042610;SAB;"Euronext Milan";EUR;13,50;13,65;13,50;13,65;"11/02/2026 17:27";CET;1905;25896,65;13,65;11/02/2026
"SABLE OFFSHORE COR";US78574H1041;1SOC;"Euronext Global Equity Market";EUR;7,15;7,15;7,15;7,15;"10/02/2026 15:33";CET;1560;11154,00;6,90;11/02/2026
"SACCHERIA F. FRANC";IT0005521551;SAC;"Euronext Growth Milan";EUR;1,16;1,16;1,16;1,16;"11/02/2026 16:01";CET;3000;3480,00;1,16;11/02/2026
"Sacyr SA";ES0182870214;1SCYR;"Euronext Global Equity Market";EUR;4,15;4,15;4,15;4,15;"10/02/2026 12:52";CET;1;4,15;4,362;11/02/2026
SAFE;FR001400ZU25;ALSAF;"Euronext Growth Paris";EUR;0,90;0,90;0,82;0,86;"11/02/2026 17:35";CET;7350;6157,87;0,86;11/02/2026
"SAFILO GROUP";IT0004604762;SFL;"Euronext Milan";EUR;2,085;2,095;2,03;2,03;"11/02/2026 17:35";CET;534235;1098026,87;2,03;11/02/2026
SAFRAN;FR0000073272;2SAF;"Trading After Hours";EUR;213,00;213,00;213,00;213,00;"23/04/2025 19:50";CET;10;2130,00;304,90;11/02/2026
SAFRAN;FR0000073272;4SAF;EuroTLX;EUR;302,90;302,90;302,90;302,90;"29/01/2026 17:04";CET;15;4543,50;305,50;11/02/2026
SAFRAN;FR0000073272;SAF;"Euronext Paris";EUR;308,10;309,30;304,10;304,90;"11/02/2026 17:35";CET;408485;124889583,65;304,90;11/02/2026
"SAGA PURE";NO0010572589;SAGA;"Oslo Børs";NOK;1,49;1,50;1,49;1,50;"11/02/2026 16:02";CET;93132;139019,12;1,50;11/02/2026
"Sagax AB";SE0005127818;1SAGA;"Euronext Global Equity Market";EUR;-;-;-;-;-;CET;-;-;-;-
"SAGAX REAL ESTATE";ES0105651006;MLSAG;"Euronext Access Paris";EUR;1,1385;1,1385;1,1385;1,1385;"14/06/2022 00:00";CET;-;-;1,14;11/02/2026
"SAINT GOBAIN";FR0000125007;2SGO;"Trading After Hours";EUR;-;-;-;-;-;CET;-;-;-;-
"SAINT GOBAIN";FR0000125007;SGO;"Euronext Paris, Amsterdam, Brussels";EUR;88,54;89,60;87,80;88,74;"11/02/2026 17:36";CET;1035071;91814668,04;88,74;11/02/2026
"SAINT GOBAIN NV26";FR0014013KX8;SGONV;"Euronext Paris";EUR;-;-;-;-;-;CET;-;-;-;-
"SAINT JEAN GROUPE";FR0000060121;SABE;"Euronext Paris";EUR;20,60;20,60;20,60;20,60;"11/02/2026 16:30";CET;85;1751,00;20,60;11/02/2026
SAINT-GOBAIN;FR0000125007;4SGO;EuroTLX;EUR;87,10;87,74;86,20;87,50;"05/02/2026 15:02";CET;1258;109435,32;88,80;11/02/2026
SAIPEM;IT0005495657;2SPM;"Trading After Hours";EUR;3,304;3,304;3,275;3,285;"11/02/2026 20:28";CET;206486;677704,21;3,282;11/02/2026
SAIPEM;IT0005495657;SPM;"Euronext Milan";EUR;3,253;3,294;3,22;3,293;"11/02/2026 17:35";CET;28543333;93162793,98;3,293;11/02/2026
"SAJA REAL ESTATE";ES0105910006;MLSJA;"Euronext Access Paris";EUR;-;-;-;-;-;CET;-;-;-;-
SALESFORCE;US79466L3024;1CRM;"Euronext Global Equity Market";EUR;163,54;163,56;154,98;155,20;"11/02/2026 17:26";CET;706;113036,86;154,66;11/02/2026
SALESFORCE;US79466L3024;4CRM;EuroTLX;EUR;161,70;161,70;161,70;161,70;"06/02/2026 09:12";CET;2;323,40;154,70;11/02/2026
SALESFORCE;US79466L3024;2CRM;"Trading After Hours";EUR;153,78;158,52;153,78;158,52;"11/02/2026 19:50";CET;157;24188,20;154,06;11/02/2026
SALMAR;NO0010310956;SALM;"Oslo Børs";NOK;581,00;595,00;581,00;595,00;"11/02/2026 16:25";CET;350403;207214709,00;595,00;11/02/2026
"SALMON EVOLUTION";NO0010892094;SALME;"Oslo Børs";NOK;4,935;4,94;4,825;4,895;"11/02/2026 16:25";CET;594544;2900996,44;4,895;11/02/2026
"SALV FERRAGAMO";IT0004712375;2SFER;"Trading After Hours";EUR;6,60;6,695;6,60;6,63;"06/02/2026 20:01";CET;5559;36811,21;6,82;11/02/2026
"SALV FERRAGAMO";IT0004712375;SFER;"Euronext Milan";EUR;6,92;6,93;6,80;6,82;"11/02/2026 17:35";CET;180662;1237607,12;6,82;11/02/2026
"SAMBA DIGITAL";PTDGL0AM0003;ALSMB;"Euronext Growth Lisbon";EUR;14,80;14,80;14,80;14,80;"27/01/2026 16:57";BST;40;592,00;14,80;11/02/2026
Samhallsby;SE0009554454;1SBBB;"Euronext Global Equity Market";EUR;-;-;-;-;-;CET;-;-;-;-
"Sampo Oyj";FI4000552500;1SAMP;"Euronext Global Equity Market";EUR;9,358;9,358;9,358;9,358;"05/02/2026 16:45";CET;50;467,90;9,106;11/02/2026
SAMSE;FR0000060071;SAMS;"Euronext Paris";EUR;126,00;126,00;125,50;126,00;"11/02/2026 17:12";CET;53;6675,50;126,00;11/02/2026
"Sandvik AB";SE0000667891;1SAND;"Euronext Global Equity Market";EUR;36,04;36,04;36,04;36,04;"10/02/2026 16:58";CET;60;2162,40;36,74;11/02/2026
SANLORENZO;IT0003549422;SL;"Euronext Milan";EUR;33,05;33,20;32,05;32,05;"11/02/2026 17:35";CET;68373;2234634,50;32,05;11/02/2026
SANOFI;FR0000120578;2SAN;"Trading After Hours";EUR;83,00;84,93;83,00;84,93;"11/02/2026 18:54";CET;12;1011,44;84,29;11/02/2026
SANOFI;FR0000120578;4SAN;EuroTLX;EUR;78,05;78,05;78,05;78,05;"28/01/2026 15:55";CET;16;1248,80;82,45;11/02/2026
SANOFI;FR0000120578;1SAN;"Euronext Global Equity Market";EUR;83,00;83,00;81,26;82,46;"11/02/2026 17:27";CET;2149;176041,28;82,47;11/02/2026
SANOFI;FR0000120578;SAN;"Euronext Paris";EUR;81,94;82,73;81,22;82,56;"11/02/2026 17:37";CET;2018884;166047442,56;82,56;11/02/2026
"SANOFI NV26";FR0014013QA3;SANNV;"Euronext Paris";EUR;-;-;-;-;-;CET;-;-;-;-
SAP;DE0007164600;2SAP;"Trading After Hours";EUR;174,48;177,86;174,48;177,86;"11/02/2026 18:00";CET;120;21133,64;176,12;11/02/2026
SAP;DE0007164600;1SAP;"Euronext Global Equity Market";EUR;175,42;175,88;170,00;170,00;"11/02/2026 17:27";CET;1985;345394,10;169,42;11/02/2026
SAP;DE0007164600;4SAP;EuroTLX;EUR;176,00;176,00;176,00;176,00;"10/02/2026 09:01";CET;15;2640,00;169,42;11/02/2026
SAPMER;FR0010776617;ALMER;"Euronext Growth Paris";EUR;5,30;5,30;5,30;5,30;"11/02/2026 11:30";CET;10;53,00;5,30;11/02/2026
"SAREPTA THERAPEUTI";US8036071004;1SRPT;"Euronext Global Equity Market";EUR;14,80;14,83;14,80;14,83;"11/02/2026 15:54";CET;235;3484,00;14,95;11/02/2026
SARTORIUS;DE0007165607;2SRT;"Trading After Hours";EUR;-;-;-;-;-;CET;-;-;-;-
SARTORIUS;DE0007165607;1SRT;"Euronext Global Equity Market";EUR;205,00;205,00;205,00;205,00;"08/01/2026 09:00";CET;100;20500,00;186,20;11/02/2026
SARTORIUS;DE0007165607;4SRT;EuroTLX;EUR;194,00;194,00;194,00;194,00;"01/12/2025 15:38";CET;1;194,00;179,80;11/02/2026
"SARTORIUS PREF";DE0007165631;1SRT3;"Euronext Global Equity Market";EUR;251,50;251,50;249,50;249,50;"28/01/2026 15:37";CET;75;18714,50;224,20;11/02/2026
"SARTORIUS PREF";DE0007165631;2SRT3;"Trading After Hours";EUR;-;-;-;-;-;CET;-;-;-;-
"SARTORIUS PREF";DE0007165631;4SRT3;EuroTLX;EUR;197,40;197,40;197,40;197,40;"23/07/2025 11:04";CET;1;197,40;226,20;11/02/2026
"SARTORIUS STED BIO";FR0013154002;DIM;"Euronext Paris";EUR;177,10;177,15;173,55;173,55;"11/02/2026 17:35";CET;84858;14764129,80;173,55;11/02/2026
"SARTORIUS STED BIO";FR0013154002;2DIM;"Trading After Hours";EUR;-;-;-;-;-;CET;-;-;-;-
"SARTORIUS STEDIM B";FR0013154002;4DIM;EuroTLX;EUR;208,40;208,40;208,40;208,40;"12/12/2025 10:47";CET;2;416,80;174,80;11/02/2026
SATS;NO0010863285;SATS;"Oslo Børs";NOK;42,15;42,95;42,00;42,30;"11/02/2026 16:25";CET;599026;25416188,35;42,30;11/02/2026
SAVENCIA;FR0000120107;SAVE;"Euronext Paris";EUR;61,60;61,60;59,00;59,40;"11/02/2026 17:35";CET;1862;111673,60;59,40;11/02/2026
"SAVONNERIE NYONS";FR0013155975;MLSDN;"Euronext Access Paris";EUR;28,40;29,40;28,40;29,40;"11/02/2026 16:30";CET;160;4694,00;29,40;11/02/2026
SBE-VARVIT;IT0005568461;VARV;"Euronext Growth Milan";EUR;7,25;7,25;6,85;7,25;"09/02/2026 16:49";CET;2600;18350,00;7,25;11/02/2026
"SBM OFFSHORE";NL0000360618;2SBMO;"Trading After Hours";EUR;-;-;-;-;-;CET;-;-;-;-
"SBM OFFSHORE";NL0000360618;SBMO;"Euronext Amsterdam";EUR;29,74;29,90;29,40;29,90;"11/02/2026 17:36";CET;307683;9169822,50;29,90;11/02/2026
SBO;AT0000946652;1SBO;"Euronext Global Equity Market";EUR;31,15;31,15;31,15;31,15;"02/02/2026 10:22";CET;33;1027,95;37,55;11/02/2026
SCANA;NO0003053308;SCANA;"Oslo Børs";NOK;1,486;1,50;1,45;1,50;"11/02/2026 16:26";CET;425778;634256,28;1,50;11/02/2026
SCATEC;NO0010715139;SCATC;"Oslo Børs";NOK;116,40;117,90;115,20;116,60;"11/02/2026 16:25";CET;633238;74103010,00;116,60;11/02/2026
SCBSM;FR0006239109;CBSM;"Euronext Paris";EUR;9,80;9,80;9,80;9,80;"10/02/2026 11:25";CET;21;205,80;9,80;11/02/2026
SCEMI;FR0010972091;MLCMI;"Euronext Access Paris";EUR;3,30;3,30;3,30;3,30;"11/02/2026 11:43";CET;430;1419,00;3,30;11/02/2026
SCHINDLER;CH0024638212;1SCHN;"Euronext Global Equity Market";EUR;310,00;310,00;310,00;310,00;"30/01/2026 16:47";CET;13;4030,00;298,00;11/02/2026
"SCHINDLER PS";CH0024638196;1SCHP;"Euronext Global Equity Market";EUR;328,00;328,00;328,00;328,00;"12/01/2026 15:39";CET;250;82000,00;314,00;11/02/2026
"SCHNEIDER ELECTRIC";FR0000121972;2SU;"Trading After Hours";EUR;241,00;248,00;241,00;248,00;"06/02/2026 18:09";CET;250;60600,00;266,35;11/02/2026
"SCHNEIDER ELECTRIC";FR0000121972;SU;"Euronext Paris";EUR;257,40;269,70;255,05;266,35;"11/02/2026 17:37";CET;1335617;354266582,78;266,35;11/02/2026
"SCHNEIDER ELECTRIC";FR0000121972;4SU;EuroTLX;EUR;265,00;265,00;265,00;265,00;"11/02/2026 17:05";CET;8;2120,00;266,40;11/02/2026
"Schott Pharma";DE000A3ENQ51;1SXP;"Euronext Global Equity Market";EUR;15,06;15,06;15,06;15,06;"19/01/2026 12:03";CET;50;753,00;15,92;11/02/2026
SCHREDER;BE0059682279;-;"Euronext Expert Market";EUR;5601,00;5601,00;5601,00;5601,00;"27/09/2022 11:30";CET;10;56010,00;5600,00;11/02/2026
"SCHREDER BE";BE0023885230;-;"Euronext Expert Market";EUR;-;-;-;-;-;CET;-;-;-;-
"SCIENTIA SCHOOL";ES0105592002;MLSCI;"Euronext Access Paris";EUR;4,06;4,06;4,06;4,06;"19/08/2025 11:30";CET;10;40,60;4,06;11/02/2026
"SCIUKER FRAMES";IT0005340051;SCK;"Euronext Growth Milan";EUR;0,979;0,987;0,92;0,937;"11/06/2025 17:21";CET;25954;24607,32;0,939;11/02/2026
SCOR;FR0010411983;4SCR;EuroTLX;EUR;30,32;30,32;30,32;30,32;"29/10/2025 11:29";CET;9;272,88;28,46;11/02/2026
"SCOR SE";FR0010411983;SCR;"Euronext Paris";EUR;28,24;28,66;27,92;28,40;"11/02/2026 17:35";CET;492570;13976775,81;28,40;11/02/2026
"SCOR SE";FR0010411983;2SCR;"Trading After Hours";EUR;-;-;-;-;-;CET;-;-;-;-
"Scout24 SE";DE000A12DM80;1G24;"Euronext Global Equity Market";EUR;87,00;87,00;87,00;87,00;"11/12/2025 09:00";CET;14;1218,00;68,90;11/02/2026
SCR-SIBELCO;BE0944264663;-;"Euronext Expert Market";EUR;4760,00;4760,00;4760,00;4760,00;"10/02/2026 11:30";CET;5;23800,00;4760,00;11/02/2026
"Sea1 Offshore";KYG812291253;SEA1;"Euronext Growth Oslo";NOK;26,50;27,15;26,20;26,65;"11/02/2026 16:28";CET;252586;6791958,05;26,65;11/02/2026
"SEAGATE TECHNOLOGY";IE00BKVD2N49;4STX;EuroTLX;EUR;366,55;366,55;366,55;366,55;"02/02/2026 15:41";CET;5;1832,75;335,60;11/02/2026
"SEAGATE TECHNOLOGY";IE00BKVD2N49;2STX;"Trading After Hours";EUR;355,35;355,35;355,35;355,35;"06/02/2026 20:16";CET;54;19188,90;335,65;11/02/2026
"SEAGATE TECHNOLOGY";IE00BKVD2N49;1STX;"Euronext Global Equity Market";EUR;336,85;343,25;333,05;333,25;"11/02/2026 16:31";CET;54;18064,30;335,65;11/02/2026
"SECHE ENVIRONNEM.";FR0000039109;SCHP;"Euronext Paris";EUR;60,90;61,20;59,00;59,40;"11/02/2026 17:35";CET;9610;574341,10;59,40;11/02/2026
SECO;IT0005438046;IOT;"Euronext Milan";EUR;2,66;2,665;2,54;2,54;"11/02/2026 17:35";CET;280923;725587,15;2,54;11/02/2026
Sectra;SE0022419784;1SECT;"Euronext Global Equity Market";EUR;-;-;-;-;-;CET;-;-;-;-
Securitas;SE0000163594;1SECU;"Euronext Global Equity Market";EUR;12,645;12,645;12,645;12,645;"21/10/2025 16:50";CET;68;859,86;14,98;11/02/2026
"SED ENERGY HOLDING";CY0101162119;ENH;"Oslo Børs";NOK;8,94;9,18;8,94;9,06;"11/02/2026 16:26";CET;1362393;12329721,16;9,06;11/02/2026
"SEGRO PLC";GB00B5ZN1N88;SGRO;"Euronext Paris";EUR;10,30;10,30;10,30;10,30;"12/12/2024 09:00";CET;3;30,90;9,989;11/02/2026
"SEIF SPA";IT0005353484;ALSEI;"Euronext Growth Paris";EUR;0,25;0,25;0,25;0,25;"21/12/2023 09:29";CET;539;134,75;0,25;11/02/2026
SELCODIS;FR0000065492;SLCO;"Euronext Paris";EUR;0,29;0,29;0,29;0,29;"25/03/2009 00:00";CET;2074;601,46;0,29;11/02/2026
SELECTIRENTE;FR0004175842;SELER;"Euronext Paris";EUR;83,50;83,50;82,00;82,00;"11/02/2026 16:30";CET;61;5003,50;82,00;11/02/2026
"SELVAAG BOLIG";NO0010612450;SBO;"Oslo Børs";NOK;35,00;35,10;33,75;34,85;"11/02/2026 13:08";CET;602156;20252342,55;34,85;11/02/2026
SEMAPA;PTSEM0AM0004;SEM;"Euronext Lisbon";EUR;22,80;23,05;22,80;23,00;"11/02/2026 22:35";BST;32974;756851,60;23,00;11/02/2026
SEMAPA;PTSEM0AM0004;2SEM;"Trading After Hours";EUR;-;-;-;-;-;CET;-;-;-;-
"SEMCO TECHNOLOGIES";FR0014010H01;ALSEM;"Euronext Growth Paris";EUR;33,09;33,28;32,405;32,405;"11/02/2026 17:35";CET;10745;354147,48;32,405;11/02/2026
Sempra;US8168511090;1SRE;"Euronext Global Equity Market";EUR;78,96;78,96;78,96;78,96;"13/11/2025 15:44";CET;1;78,96;76,34;11/02/2026
"SEMTECH CORP";US8168501018;1SMTC;"Euronext Global Equity Market";EUR;74,92;74,92;74,92;74,92;"03/02/2026 15:43";CET;140;10488,80;74,00;11/02/2026
SENSORION;FR0012596468;ALSEN;"Euronext Growth Paris";EUR;0,335;0,347;0,322;0,323;"11/02/2026 17:35";CET;2695026;890174,59;0,323;11/02/2026
SENTIA;NO0013573014;SNTIA;"Oslo Børs";NOK;66,32;66,99;64,71;66,16;"11/02/2026 16:25";CET;167088;11002269,81;66,16;11/02/2026
"SENTINELONE CLASS";US81730H1095;1SUS;"Euronext Global Equity Market";EUR;11,65;11,65;11,65;11,65;"11/02/2026 09:00";CET;10;116,50;11,40;11/02/2026
SENUS;IE000O0F49R3;SENUS;"Euronext Access Dublin";EUR;6,00;6,00;6,00;6,00;"05/01/2026 20:00";IST;500;3000,00;6,00;11/02/2026
"SEQUA PETROLEUM NV";NL0010623518;MLSEQ;"Euronext Access Paris";EUR;0,0045;0,0045;0,0045;0,0045;"10/02/2026 16:30";CET;46000;207,00;0,0045;11/02/2026
"SEQUANA MEDICAL";BE0974340722;SEQUA;"Euronext Brussels";EUR;0,582;0,585;0,566;0,578;"11/02/2026 17:35";CET;154463;88838,82;0,578;11/02/2026
"SERGEFERRARI GROUP";FR0011950682;SEFER;"Euronext Paris";EUR;8,16;8,36;8,16;8,36;"11/02/2026 17:35";CET;2085;17191,60;8,36;11/02/2026
"SERI INDUSTRIAL";IT0005283640;SERI;"Euronext Milan";EUR;2,40;2,485;2,36;2,36;"11/02/2026 17:35";CET;222921;542305,20;2,36;11/02/2026
SERVICENOW;US81762P1021;2NOW;"Trading After Hours";EUR;84,82;85,47;84,82;85,47;"11/02/2026 19:49";CET;34;2891,68;85,05;11/02/2026
SERVICENOW;US81762P1021;4NOW;EuroTLX;EUR;96,00;96,00;96,00;96,00;"03/02/2026 15:30";CET;15;1440,00;84,29;11/02/2026
SERVICENOW;US81762P1021;1NOW;"Euronext Global Equity Market";EUR;89,28;89,41;84,00;84,20;"11/02/2026 17:06";CET;493;43746,40;84,25;11/02/2026
SES;LU0088087324;SESG;"Euronext Paris";EUR;6,705;6,80;6,63;6,70;"11/02/2026 17:35";CET;305020;2044483,70;6,70;11/02/2026
SESA;IT0004729759;SES;"Euronext Milan";EUR;89,00;89,00;81,90;82,20;"11/02/2026 17:35";CET;48347;4085101,40;82,20;11/02/2026
"SEZZLE INC";US78435P1057;1SEZL;"Euronext Global Equity Market";EUR;55,80;55,80;55,80;55,80;"11/02/2026 15:38";CET;100;5580,00;52,80;11/02/2026
"SG COMPANY";IT0005337172;SGC;"Euronext Growth Milan";EUR;0,239;0,247;0,232;0,239;"11/02/2026 17:29";CET;987750;237071,25;0,239;11/02/2026
SGS;CH1256740924;1SGSN;"Euronext Global Equity Market";EUR;103,00;103,00;103,00;103,00;"13/01/2026 15:52";CET;6;618,00;103,00;11/02/2026
"SHELL PLC";GB00BP6MXD84;SHELL;"Euronext Amsterdam";EUR;32,78;33,605;32,775;33,555;"11/02/2026 17:39";CET;6317623;210693509,78;33,555;11/02/2026
SHERWIN-WILLIAMS;US8243481061;4SHW;EuroTLX;EUR;286,50;286,50;286,50;286,50;"17/10/2025 16:41";CET;1;286,50;306,35;11/02/2026
SHERWIN-WILLIAMS;US8243481061;2SHW;"Trading After Hours";EUR;311,05;311,05;311,05;311,05;"30/04/2025 20:07";CET;34;10575,70;305,25;11/02/2026
SHERWIN-WILLIAMS;US8243481061;1SHW;"Euronext Global Equity Market";EUR;307,40;307,40;307,40;307,40;"05/02/2026 15:34";CET;30;9222,00;305,25;11/02/2026
SHOWROOMPRIVE;FR0013006558;SRP;"Euronext Paris";EUR;0,746;0,768;0,74;0,75;"11/02/2026 17:35";CET;139468;104768,84;0,75;11/02/2026
SHURGARD;GG00BQZCBZ44;SHUR;"Euronext Brussels";EUR;31,25;31,55;30,95;31,25;"11/02/2026 17:35";CET;57231;1790791,04;31,25;11/02/2026
SIAV;IT0005504128;SIAV;"Euronext Growth Milan";EUR;3,18;3,20;2,96;3,06;"11/02/2026 17:29";CET;28000;86050,00;3,06;11/02/2026
"SICILY BY CAR";IT0005556581;SBC;"Euronext Growth Milan";EUR;3,42;3,42;3,32;3,40;"11/02/2026 15:11";CET;1740;5876,40;3,40;11/02/2026
SIDETRADE;FR0010202606;ALBFR;"Euronext Growth Paris";EUR;135,00;136,00;117,00;119,00;"11/02/2026 17:35";CET;21415;2706364,50;119,00;11/02/2026
SIEMENS;DE0007236101;4SIE;EuroTLX;EUR;241,85;241,85;241,85;241,85;"05/02/2026 14:18";CET;16;3869,60;255,35;11/02/2026
SIEMENS;DE0007236101;1SIE;"Euronext Global Equity Market";EUR;255,00;259,45;255,00;258,80;"11/02/2026 15:50";CET;141;36326,35;255,45;11/02/2026
SIEMENS;DE0007236101;2SIE;"Trading After Hours";EUR;244,50;244,50;244,50;244,50;"04/02/2026 19:51";CET;24;5868,00;255,45;11/02/2026
"SIEMENS ENERGY";DE000ENER6Y0;2ENR;"Trading After Hours";EUR;162,60;162,60;162,60;162,60;"11/02/2026 20:26";CET;64;10406,40;162,60;11/02/2026
"SIEMENS ENERGY";DE000ENER6Y0;1ENR;"Euronext Global Equity Market";EUR;165,50;165,50;157,05;162,60;"11/02/2026 17:29";CET;7893;1259017,75;163,05;11/02/2026
"SIEMENS ENERGY";DE000ENER6Y0;4ENR;EuroTLX;EUR;145,70;145,70;145,70;145,70;"05/02/2026 16:58";CET;20;2914,00;162,70;11/02/2026
"SIEMENS HEALTH";DE000SHL1006;2SHL;"Trading After Hours";EUR;48,45;48,45;48,45;48,45;"14/01/2026 19:41";CET;35;1695,75;45,01;11/02/2026
"SIEMENS HEALTH";DE000SHL1006;4SHL;EuroTLX;EUR;39,75;39,75;39,75;39,75;"11/02/2026 15:58";CET;70;2782,50;39,99;11/02/2026
"SIEMENS HEALTH";DE000SHL1006;1SHL;"Euronext Global Equity Market";EUR;40,38;40,60;40,23;40,58;"11/02/2026 11:26";CET;41;1658,44;45,01;11/02/2026
"SIF HOLDING";NL0011660485;SIFG;"Euronext Amsterdam";EUR;7,99;7,99;7,78;7,78;"11/02/2026 17:35";CET;96357;753406,01;7,78;11/02/2026
"SIG Group";CH0435377954;1SIGN;"Euronext Global Equity Market";EUR;13,00;13,00;13,00;13,00;"30/01/2026 11:47";CET;35;455,00;14,00;11/02/2026
"SIGNAUX GIROD";FR0000060790;ALGIR;"Euronext Growth Paris";EUR;16,55;16,60;16,55;16,60;"11/02/2026 09:21";CET;25;413,95;16,60;11/02/2026
"SIGNIFY NV";NL0011821392;2LIGHT;"Trading After Hours";EUR;-;-;-;-;-;CET;-;-;-;-
"SIGNIFY NV";NL0011821392;LIGHT;"Euronext Amsterdam";EUR;20,38;20,42;19,91;20,14;"11/02/2026 17:38";CET;465720;9367644,00;20,14;11/02/2026
Sika;CH0418792922;1SIKA;"Euronext Global Equity Market";EUR;170,00;170,00;170,00;170,00;"09/02/2026 10:06";CET;25;4250,00;172,00;11/02/2026
SILTRONIC;DE000WAF3001;1WAF;"Euronext Global Equity Market";EUR;58,60;58,60;57,25;58,50;"11/02/2026 15:53";CET;494;28809,60;58,30;11/02/2026
SILTRONIC;DE000WAF3001;4WAF;EuroTLX;EUR;53,05;53,05;53,05;53,05;"07/11/2024 15:00";CET;20;1061,00;58,00;11/02/2026
SILTRONIC;DE000WAF3001;2WAF;"Trading After Hours";EUR;-;-;-;-;-;CET;-;-;-;-
"SIMON PROPERTY GR";US8288061091;2SPG;"Trading After Hours";EUR;-;-;-;-;-;CET;-;-;-;-
"SIMON PROPERTY GR";US8288061091;1SPG;"Euronext Global Equity Market";EUR;166,60;166,60;165,30;165,30;"05/02/2026 15:30";CET;103;17128,60;164,45;11/02/2026
"SIMON PROPERTY GR";US8288061091;4SPG;EuroTLX;EUR;144,45;144,45;144,45;144,45;"12/08/2025 09:05";CET;1;144,45;164,40;11/02/2026
SIMONE;IT0005573123;SMN;"Euronext Growth Milan";EUR;1,31;1,31;1,25;1,27;"11/02/2026 14:59";CET;8000;10180,00;1,27;11/02/2026
Sinch;SE0016101844;1SINC;"Euronext Global Equity Market";EUR;2,628;2,628;2,628;2,628;"23/01/2026 16:03";CET;400;1051,20;2,347;11/02/2026
"SINGULARITY FUTURE";US82935V3078;2SGLY;"Trading After Hours";EUR;-;-;-;-;-;CET;-;-;-;-
"SINGULARITY FUTURE";US82935V3078;1SGLY;"Euronext Global Equity Market";EUR;1,22;1,22;1,22;1,22;"23/09/2025 12:23";CET;4237;5169,14;0,63;11/02/2026
"SIPARIO MOVIES";IT0005380602;ALIE;"Euronext Growth Paris";EUR;0,465;0,465;0,465;0,465;"30/08/2024 11:30";CET;600;279,00;0,465;11/02/2026
SIPEF;BE0003898187;SIP;"Euronext Brussels";EUR;82,80;84,00;82,80;83,40;"11/02/2026 17:35";CET;2774;231384,40;83,40;11/02/2026
"SIRIUS MEDIA";FR0010812230;ALSRS;"Euronext Growth Paris";EUR;0,0009;0,001;0,0009;0,0009;"11/02/2026 17:35";CET;24221051;21998,75;0,0009;11/02/2026
SIT;IT0005262149;SIT;"Euronext Milan";EUR;2,40;2,54;2,40;2,50;"11/02/2026 17:35";CET;30223;74340,54;2,50;11/02/2026
SIXT;DE0007231326;1SIX;"Euronext Global Equity Market";EUR;67,70;67,70;67,70;67,70;"09/02/2026 09:31";CET;31;2098,70;66,45;11/02/2026
SIXT;DE0007231326;2SIX;"Trading After Hours";EUR;90,05;90,05;90,05;90,05;"11/03/2024 19:08";CET;20;1801,00;66,45;11/02/2026
SIXT;DE0007231326;4SIX;EuroTLX;EUR;79,50;79,50;79,50;79,50;"06/05/2024 10:57";CET;13;1033,50;66,60;11/02/2026
"SKANDIA GREENPOWER";NO0010931207;SKAND;"Euronext Growth Oslo";NOK;1,525;1,60;1,525;1,60;"11/02/2026 16:08";CET;24295;37199,88;1,60;11/02/2026
"SKANDINAVISKA ENSK";SE0000148884;4SEBA;EuroTLX;EUR;15,15;15,89;14,735;14,735;"14/05/2025 09:05";CET;1400;21193,30;18,37;11/02/2026
"SKANDINAVISKA ENSK";SE0000148884;2SEBA;"Trading After Hours";EUR;-;-;-;-;-;CET;-;-;-;-
"SKANDINAVISKA ENSK";SE0000148884;1SEBA;"Euronext Global Equity Market";EUR;18,265;18,47;18,245;18,245;"30/01/2026 14:20";CET;1622;29778,06;18,38;11/02/2026
Skanska;SE0000113250;1SKAB;"Euronext Global Equity Market";EUR;24,86;24,86;24,86;24,86;"05/02/2026 11:11";CET;20;497,20;23,00;11/02/2026
SKF;SE0000108227;1SKFB;"Euronext Global Equity Market";EUR;23,80;23,80;23,80;23,80;"11/02/2026 11:26";CET;525;12495,00;25,18;11/02/2026
"SKUE SPAREBANK";NO0006001809;SKUE;"Oslo Børs";NOK;345,00;348,50;344,00;348,50;"11/02/2026 16:25";CET;6070;2108257,20;348,50;11/02/2026
"SKYWEST INC";US8308791024;1SKYW;"Euronext Global Equity Market";EUR;81,00;82,00;81,00;82,00;"30/01/2026 15:35";CET;60;4890,00;89,00;11/02/2026
"SKYWORKS SOLUTIONS";US83088M1027;1SWKS;"Euronext Global Equity Market";EUR;51,01;51,01;51,01;51,01;"05/02/2026 17:35";CET;102;5203,02;53,73;11/02/2026
"SKYWORKS SOLUTIONS";US83088M1027;4SWKS;EuroTLX;EUR;65,14;65,14;65,14;65,14;"22/08/2025 09:19";CET;1;65,14;53,92;11/02/2026
"SKYWORKS SOLUTIONS";US83088M1027;2SWKS;"Trading After Hours";EUR;50,20;50,20;50,18;50,18;"07/01/2026 18:03";CET;34;1706,52;53,73;11/02/2026
SLB;AN8068571086;1SLB;"Euronext Global Equity Market";EUR;43,00;43,00;42,50;42,50;"11/02/2026 13:00";CET;175;7449,00;45,10;11/02/2026
"SLIGRO FOOD GROUP";NL0000817179;SLIGR;"Euronext Amsterdam";EUR;13,64;14,22;13,64;14,02;"11/02/2026 17:35";CET;520750;7295391,66;14,02;11/02/2026
"SMA SOLAR TECHNOL";DE000A0DJ6J9;1S;"Euronext Global Equity Market";EUR;34,40;35,00;33,52;35,00;"11/02/2026 16:48";CET;720;24466,80;34,70;11/02/2026
"SMA SOLAR TECHNOL";DE000A0DJ6J9;2S;"Trading After Hours";EUR;38,20;38,20;38,20;38,20;"10/12/2025 18:03";CET;140;5348,00;34,70;11/02/2026
"SMA SOLAR TECHNOL";DE000A0DJ6J9;4S;EuroTLX;EUR;14,98;14,98;14,98;14,98;"24/02/2025 16:21";CET;60;898,80;34,76;11/02/2026
SMAIO;FR0014005I80;ALSMA;"Euronext Growth Paris";EUR;6,80;6,90;6,80;6,90;"11/02/2026 17:35";CET;663;4565,15;6,90;11/02/2026
SMALTO;FR0011131788;MLSML;"Euronext Access Paris";EUR;0,0325;0,0325;0,0325;0,0325;"09/02/2026 11:30";CET;10000;325,00;0,0325;11/02/2026
"SMALTO BSA";FR0010649228;SMLBS;"Euronext Access Paris";EUR;0,04;0,04;0,04;0,04;"27/12/2016 15:30";CET;115298;4611,92;0,04;11/02/2026
"SMART CAPITAL";IT0005621070;SMCAP;"Euronext Growth Milan";EUR;1,60;1,60;1,60;1,60;"05/02/2026 17:35";CET;6452;10323,20;1,60;11/02/2026
SMARTCRAFT;NO0011008971;SMCRT;"Oslo Børs";NOK;18,50;18,50;17,10;17,15;"11/02/2026 16:25";CET;48520;846565,25;17,15;11/02/2026
"SMARTOPTICS GROUP";NO0011012502;SMOP;"Oslo Børs";NOK;29,20;29,90;29,00;29,80;"11/02/2026 16:25";CET;124755;3695160,50;29,80;11/02/2026
SMCP;FR0013214145;SMCP;"Euronext Paris";EUR;6,51;6,55;6,32;6,32;"11/02/2026 17:39";CET;58050;371341,65;6,32;11/02/2026
SMTPC;FR0004016699;ALTPC;"Euronext Growth Paris";EUR;28,10;28,40;28,10;28,40;"11/02/2026 17:35";CET;2536;71758,10;28,40;11/02/2026
SNAM;IT0003153415;2SRG;"Trading After Hours";EUR;6,082;6,106;6,082;6,106;"11/02/2026 20:26";CET;850;5186,18;6,102;11/02/2026
SNAM;IT0003153415;SRG;"Euronext Milan";EUR;5,972;6,106;5,968;6,106;"11/02/2026 17:39";CET;5648649;34267007,37;6,106;11/02/2026
"SNAP - CLASSE A";US83304A1060;1SNAP;"Euronext Global Equity Market";EUR;4,369;4,37;4,22;4,248;"11/02/2026 17:01";CET;2822;12083,54;4,238;11/02/2026
"SNAP - CLASSE A";US83304A1060;4SNAP;EuroTLX;EUR;6,388;6,388;6,388;6,388;"01/10/2025 15:57";CET;1000;6388,00;4,235;11/02/2026
"SNAP - CLASSE A";US83304A1060;2SNAP;"Trading After Hours";EUR;4,61;4,61;4,61;4,61;"05/02/2026 18:06";CET;14;64,54;4,238;11/02/2026
"Snap-on Inc";US8330341012;1SNA;"Euronext Global Equity Market";EUR;304,40;304,40;299,40;299,40;"29/12/2025 13:31";CET;4;1207,60;316,70;11/02/2026
"SNCB/NMBS -Jce/Gen";BE0010621481;-;"Euronext Expert Market";EUR;0,082;0,082;0,082;0,082;"02/12/2025 11:30";CET;81325;6668,65;0,082;11/02/2026
SNOWFLAKE;US8334451098;1SNOW;"Euronext Global Equity Market";EUR;154,68;154,68;147,26;147,26;"11/02/2026 16:13";CET;30;4508,90;147,58;11/02/2026
SNOWFLAKE;US8334451098;4SNOW;EuroTLX;EUR;160,00;160,00;160,00;160,00;"03/02/2026 15:37";CET;9;1440,00;147,54;11/02/2026
SNOWFLAKE;US8334451098;2SNOW;"Trading After Hours";EUR;179,44;179,44;179,44;179,44;"13/01/2026 20:20";CET;4;717,76;147,58;11/02/2026
"SOC EDIT IL FATTO";IT0005353484;SEIF;"Euronext Growth Milan";EUR;0,266;0,266;0,258;0,258;"11/02/2026 17:03";CET;46000;12048,00;0,258;11/02/2026
"SOC FRANC CASINOS";FR0010209809;SFCA;"Euronext Paris";EUR;1,70;1,70;1,70;1,70;"11/02/2026 16:30";CET;2500;4250,00;1,70;11/02/2026
"SOCIETE GENERALE";FR0000130809;4GLE;EuroTLX;EUR;67,06;67,06;67,06;67,06;"21/01/2026 14:50";CET;5;335,30;72,14;11/02/2026
"SOCIETE GENERALE";FR0000130809;2GLE;"Trading After Hours";EUR;72,18;72,18;72,18;72,18;"05/02/2026 20:17";CET;110;7939,80;72,14;11/02/2026
"SOCIETE GENERALE";FR0000130809;1GLE;"Euronext Global Equity Market";EUR;72,26;72,26;72,26;72,26;"11/02/2026 16:03";CET;1;72,26;72,14;11/02/2026
"SOCIETE GENERALE";FR0000130809;GLE;"Euronext Paris";EUR;73,48;74,46;71,16;71,82;"11/02/2026 17:35";CET;2236450;161639389,69;71,82;11/02/2026
SOCLINPAR;QX0000022625;-;"Euronext Expert Market";EUR;21,78;21,78;21,78;21,78;"29/11/2016 11:30";CET;14;304,92;21,80;11/02/2026
SODEXO;FR0000121220;2SW;"Trading After Hours";EUR;-;-;-;-;-;CET;-;-;-;-
SODEXO;FR0000121220;SW;"Euronext Paris";EUR;46,54;46,70;45,62;46,40;"11/02/2026 17:35";CET;398068;18457496,14;46,40;11/02/2026
SODEXO;FR0000121220;4SW;EuroTLX;EUR;53,60;53,60;53,60;53,60;"10/10/2025 16:19";CET;14;750,40;46,28;11/02/2026
SODITECH;FR0000078321;SEC;"Euronext Paris";EUR;5,75;5,75;5,70;5,70;"11/02/2026 17:10";CET;2583;14789,55;5,70;11/02/2026
"SOFI TECHNOLOGIES";US83406F1021;1SOFI;"Euronext Global Equity Market";EUR;17,706;17,83;17,064;17,108;"11/02/2026 17:07";CET;3362;58338,55;17,162;11/02/2026
SOFINA;BE0003717312;SOF;"Euronext Brussels";EUR;249,80;252,60;245,40;249,60;"11/02/2026 17:35";CET;30230;7553128,30;249,60;11/02/2026
SOFINA;BE0003717312;2SOF;"Trading After Hours";EUR;-;-;-;-;-;CET;-;-;-;-
SOFTIMAT;BE0003773877;SOFT;"Euronext Growth Brussels";EUR;0,89;0,89;0,89;0,89;"11/02/2026 16:30";CET;33;29,37;0,89;11/02/2026
SOFTLAB;IT0001469953;SFT;"Euronext Milan";EUR;1,19;1,245;1,19;1,245;"11/02/2026 11:20";CET;59;70,71;1,245;11/02/2026
"SOFTOX SOLUTIONS";NO0010811961;SOFTX;"Euronext Growth Oslo";NOK;0,0548;0,0618;0,0548;0,0602;"11/02/2026 16:15";CET;10037591;591389,70;0,0602;11/02/2026
"SOFTWAREONE HOLD";CH0496451508;SWON;"Oslo Børs";NOK;90,63;90,86;87,76;88,25;"11/02/2026 16:27";CET;260788;23340583,83;88,25;11/02/2026
SOGECLAIR;FR0000065864;ALSOG;"Euronext Growth Paris";EUR;30,00;30,00;29,20;29,90;"11/02/2026 17:35";CET;1212;36070,30;29,90;11/02/2026
SOGEFI;IT0000076536;SGF;"Euronext Milan";EUR;3,17;3,19;3,135;3,175;"11/02/2026 17:35";CET;97504;308174,67;3,175;11/02/2026
"SOGES GROUP";IT0005597411;SOGES;"Euronext Growth Milan";EUR;1,80;1,84;1,73;1,84;"10/02/2026 09:29";CET;14400;25794,00;1,84;11/02/2026
"SOGN SPAREBANK";NO0006000603;SOGN;"Oslo Børs";NOK;280,05;281,00;279,05;281,00;"11/02/2026 16:17";CET;184;51620,10;281,00;11/02/2026
SOILTECH;NO0010713571;STECH;"Euronext Expand Oslo";NOK;82,60;84,60;82,60;84,00;"11/02/2026 16:25";CET;27190;2267945,40;84,00;11/02/2026
SOITEC;FR0013227113;2SOI;"Trading After Hours";EUR;-;-;-;-;-;CET;-;-;-;-
SOITEC;FR0013227113;SOI;"Euronext Paris";EUR;34,50;39,71;34,20;39,10;"11/02/2026 17:38";CET;677036;25614001,47;39,10;11/02/2026
SOL;IT0001206769;SOL;"Euronext Milan";EUR;47,85;47,85;46,65;47,15;"11/02/2026 17:35";CET;41897;1970463,90;47,15;11/02/2026
"SOL CAP MANAG SIM";IT0005200248;SCM;"Euronext Growth Milan";EUR;4,56;4,56;4,56;4,56;"11/02/2026 12:19";CET;4800;21888,00;4,56;11/02/2026
"Solaria Energia";ES0165386014;1SLR;"Euronext Global Equity Market";EUR;19,455;19,455;18,54;18,54;"11/02/2026 14:48";CET;160;2975,55;18,71;11/02/2026
"SOLENO THERAPEUTIC";US8342033094;1SLNO;"Euronext Global Equity Market";EUR;-;-;-;-;-;CET;-;-;-;-
"SOLID WORLD GROUP";IT0005497893;S3D;"Euronext Growth Milan";EUR;0,742;0,748;0,72;0,72;"11/02/2026 17:35";CET;18975;13921,05;0,72;11/02/2026
"SOLOCAL GROUP";FR001400SA10;LOCAL;"Euronext Paris";EUR;4,54;4,585;4,50;4,58;"11/02/2026 17:22";CET;10760;48658,95;4,58;11/02/2026
"SOLSTAD MARITIME";NO0013135368;SOMA;"Oslo Børs";NOK;22,40;22,65;22,15;22,60;"11/02/2026 16:25";CET;180642;4057279,60;22,60;11/02/2026
"SOLSTAD OFFSHORE";NO0003080608;SOFF;"Oslo Børs";NOK;51,00;51,10;50,40;50,80;"11/02/2026 16:25";CET;58467;2970166,90;50,80;11/02/2026
"SOLUTIONS 30 SE";FR0013379484;2S30;"Trading After Hours";EUR;-;-;-;-;-;CET;-;-;-;-
"SOLUTIONS 30 SE";FR0013379484;S30;"Euronext Paris";EUR;0,93;0,93;0,9055;0,9115;"11/02/2026 17:35";CET;107068;98233,80;0,9115;11/02/2026
"SOLVAC NOM(RETAIL)";BE0003545531;SOLV;"Euronext Brussels";EUR;82,40;85,00;82,40;85,00;"11/02/2026 17:35";CET;1678;141091,00;85,00;11/02/2026
SOLVAY;BE0003470755;4SOLBM;EuroTLX;EUR;27,50;28,00;27,50;28,00;"10/02/2026 16:42";CET;1846;51560,00;28,22;11/02/2026
SOLVAY;BE0003470755;SOLB;"Euronext Brussels, Paris";EUR;28,02;28,34;27,72;28,18;"11/02/2026 17:35";CET;296188;8328475,71;28,18;11/02/2026
SOLVAY;BE0003470755;2SOLB;"Trading After Hours";EUR;-;-;-;-;-;CET;-;-;-;-
"SOLVAY (CP 41)";BE0099887748;-;"Euronext Expert Market";EUR;48,00;48,00;48,00;48,00;"30/05/2017 11:30";CET;2;96,00;48,00;11/02/2026
"Solventum Corp";US83444M1018;1SOLV;"Euronext Global Equity Market";EUR;69,00;69,00;69,00;69,00;"06/01/2026 15:34";CET;12;828,00;67,00;11/02/2026
SOMEC;IT0005329815;SOM;"Euronext Milan";EUR;13,90;14,05;13,75;14,05;"11/02/2026 17:35";CET;14686;203635,50;14,05;11/02/2026
SONAE;PTSON0AM0001;SON;"Euronext Lisbon";EUR;1,86;1,884;1,86;1,88;"11/02/2026 22:35";BST;2367082;4438227,70;1,88;11/02/2026
SONAE;PTSON0AM0001;2SON;"Trading After Hours";EUR;-;-;-;-;-;CET;-;-;-;-
SONAECOM,SGPS;PTSNC0AM0006;SNC;"Euronext Lisbon";EUR;2,82;2,84;2,80;2,80;"11/02/2026 22:35";BST;720;2037,90;2,80;11/02/2026
SONAGI;PTSNG0AM0007;SNG;"Euronext Access Lisbon";EUR;1,16;1,16;1,16;1,16;"17/11/2025 16:30";BST;94;109,04;1,16;11/02/2026
"Sonova Holding";CH0012549785;1SOON;"Euronext Global Equity Market";EUR;222,00;222,00;222,00;222,00;"10/02/2026 11:17";CET;56;12432,00;220,00;11/02/2026
"SOPRA STERIA GROUP";FR0000050809;2SOP;"Trading After Hours";EUR;-;-;-;-;-;CET;-;-;-;-
"SOPRA STERIA GROUP";FR0000050809;SOP;"Euronext Paris";EUR;138,40;138,40;128,80;131,20;"11/02/2026 17:35";CET;78359;10317240,15;131,20;11/02/2026
SOSTRAVEL.COM;IT0005338675;SOS;"Euronext Growth Milan";EUR;0,50;0,51;0,50;0,51;"11/02/2026 13:44";CET;1000;507,50;0,51;11/02/2026
"Southwest Air";US8447411088;1LUV;"Euronext Global Equity Market";EUR;45,845;45,89;45,00;45,00;"11/02/2026 16:11";CET;397;18091,32;44,735;11/02/2026
SPADEL;BE0003798155;SPA;"Euronext Brussels";EUR;254,00;254,00;254,00;254,00;"10/02/2026 11:30";CET;20;5080,00;254,00;11/02/2026
"SPANISH RETAIL INV";ES0105826004;-;"Euronext Expert Market";EUR;0,001;-;-;0,0005;"18/10/2024 14:46";CET;-;-;-;-
"SPARBNK 68 GR NORD";NO0010887110;SB68;"Euronext Growth Oslo";NOK;205,00;205,00;205,00;205,00;"11/02/2026 16:17";CET;2;410,00;205,00;11/02/2026
"SPAREBANK 1 SMN";NO0006390301;MING;"Oslo Børs";NOK;200,75;201,45;196,50;197,66;"11/02/2026 16:25";CET;123317;24473976,64;197,66;11/02/2026
"SPAREBANK 1 SØR-N";NO0010631567;SB1NO;"Oslo Børs";NOK;199,00;202,50;196,20;198,80;"11/02/2026 16:25";CET;236819;47122816,30;198,80;11/02/2026
"SPAREBANKEN MØRE";NO0012483207;MORG;"Oslo Børs";NOK;112,32;113,96;112,32;113,18;"11/02/2026 16:25";CET;4766;537877,78;113,18;11/02/2026
"SPAREBANKEN NORGE";NO0006000900;SBNOR;"Oslo Børs";NOK;198,80;198,80;195,32;196,70;"11/02/2026 16:25";CET;62695;12353565,90;196,70;11/02/2026
"SPAREBANKEN ØST";NO0006222009;SPOG;"Oslo Børs";NOK;80,00;80,20;79,50;80,00;"11/02/2026 16:25";CET;31817;2544899,93;80,00;11/02/2026
SPARTOO;FR00140043Y1;ALSPT;"Euronext Growth Paris";EUR;0,262;0,262;0,238;0,25;"11/02/2026 16:23";CET;128497;32375,58;0,25;11/02/2026
"SPBK 1 NORDMØRE";NO0010691660;SNOR;"Oslo Børs";NOK;180,40;180,98;180,40;180,40;"11/02/2026 16:25";CET;95;17167,00;180,40;11/02/2026
"SPBK 1 ØSTLANDET";NO0010751910;SPOL;"Oslo Børs";NOK;203,30;203,30;196,50;198,28;"11/02/2026 16:25";CET;50673;10108101,93;198,28;11/02/2026
"SPBK1 HELGELAND";NO0010029804;HELG;"Oslo Børs";NOK;165,10;167,50;165,10;165,16;"11/02/2026 16:25";CET;4018;669079,94;165,16;11/02/2026
"SPBK1 NORD-NORGE";NO0006000801;NONG;"Oslo Børs";NOK;149,42;149,80;146,00;147,28;"11/02/2026 16:25";CET;162489;23992450,90;147,28;11/02/2026
"SPBK1 RINGERIKE";NO0006390400;RING;"Oslo Børs";NOK;418,00;423,95;412,00;421,50;"11/02/2026 16:19";CET;1253;524336,75;421,50;11/02/2026
"SPBK1 ØSTFOLD AKE";NO0010285562;SOAG;"Oslo Børs";NOK;460,00;460,00;450,00;450,00;"11/02/2026 09:17";CET;414;187942,95;450,00;11/02/2026
"SPEED RABBIT PIZZA";FR0000054371;MLSRP;"Euronext Access Paris";EUR;21,00;21,00;21,00;21,00;"10/02/2026 16:30";CET;3;63,00;21,00;11/02/2026
SPIE;FR0012757854;SPIE;"Euronext Paris";EUR;48,60;49,00;48,24;48,58;"11/02/2026 17:35";CET;238713;11598353,32;48,58;11/02/2026
SPIE;FR0012757854;2SPIE;"Trading After Hours";EUR;-;-;-;-;-;CET;-;-;-;-
SPINEGUARD;FR0011464452;ALSGD;"Euronext Growth Paris";EUR;0,1108;0,124;0,1108;0,124;"11/02/2026 17:35";CET;1412968;168927,63;0,124;11/02/2026
SPINEWAY;FR001400N2P2;ALSPW;"Euronext Growth Paris";EUR;0,177;0,1784;0,1744;0,1744;"11/02/2026 17:10";CET;120808;21155,95;0,1744;11/02/2026
"SPIR GROUP";NO0012548819;SPIR;"Oslo Børs";NOK;8,52;8,52;8,52;8,52;"11/02/2026 16:25";CET;4500;38340,00;8,52;11/02/2026
SPORTING;PTSCP0AM0001;SCP;"Euronext Lisbon";EUR;0,98;0,98;0,98;0,98;"11/02/2026 16:30";BST;56;54,88;0,98;11/02/2026
"SPOTIFY TECHNOLOGY";LU1778762911;2SPOT;"Trading After Hours";EUR;346,70;346,70;346,70;346,70;"05/02/2026 19:03";CET;12;4160,40;409,30;11/02/2026
"SPOTIFY TECHNOLOGY";LU1778762911;1SPOT;"Euronext Global Equity Market";EUR;402,00;412,15;397,50;412,15;"11/02/2026 16:00";CET;43;17247,20;409,30;11/02/2026
"SPOTIFY TECHNOLOGY";LU1778762911;4SPOT;EuroTLX;EUR;580,30;580,30;580,30;580,30;"22/10/2025 14:41";CET;1;580,30;409,20;11/02/2026
"SPROUTS FARMERS MA";US85208M1027;1SFM;"Euronext Global Equity Market";EUR;55,26;55,38;55,26;55,38;"10/02/2026 11:58";CET;496;27426,72;54,76;11/02/2026
"SPS COMMERCE INC";US78463M1071;1SPSC;"Euronext Global Equity Market";EUR;64,00;66,50;64,00;66,50;"09/02/2026 10:00";CET;6;391,50;59,00;11/02/2026
"SSAB AB";SE0000120669;1SSAB;"Euronext Global Equity Market";EUR;7,28;7,28;6,916;6,998;"14/01/2026 16:56";CET;132;950,63;7,582;11/02/2026
"ST DUPONT";FR0000054199;DPT;"Euronext Paris";EUR;0,09;0,0912;0,09;0,0912;"11/02/2026 17:18";CET;661;59,50;0,0912;11/02/2026
"ST GOBAIN IMB";BE0003279784;-;"Euronext Expert Market";EUR;-;-;-;-;-;CET;-;-;-;-
ST-PIETERS-LEEUW;BE0014199377;-;"Euronext Expert Market";EUR;9,10;9,10;9,10;9,10;"14/10/2025 11:30";CET;10;91,00;9,10;11/02/2026
"STAINLESS TANKERS";NO0012780958;STST;"Euronext Growth Oslo";NOK;38,50;39,50;38,20;38,70;"11/02/2026 16:17";CET;12555;482564,90;38,70;11/02/2026
"Stanley B&D";US8545021011;1SWK;"Euronext Global Equity Market";EUR;66,16;66,16;66,16;66,16;"02/02/2026 10:02";CET;4;264,64;76,50;11/02/2026
STAR7;IT0005466195;STAR7;"Euronext Growth Milan";EUR;8,50;8,50;8,50;8,50;"11/02/2026 13:43";CET;174;1479,00;8,50;11/02/2026
"STARBUCKS CORP";US8552441094;4SBUX;EuroTLX;EUR;70,60;70,60;70,60;70,60;"03/11/2025 09:00";CET;70;4942,00;82,62;11/02/2026
"STARBUCKS CORP";US8552441094;1SBUX;"Euronext Global Equity Market";EUR;82,18;82,18;82,18;82,18;"11/02/2026 16:29";CET;13;1068,34;82,62;11/02/2026
"STARBUCKS CORP";US8552441094;2SBUX;"Trading After Hours";EUR;78,68;78,68;78,68;78,68;"29/01/2026 19:00";CET;76;5979,68;82,62;11/02/2026
"State Street Corp";US8574771031;1STT;"Euronext Global Equity Market";EUR;113,32;113,32;113,32;113,32;"10/02/2026 16:08";CET;15;1699,80;110,38;11/02/2026
"STEEL DYNAMICS";US8581191009;2STLD;"Trading After Hours";EUR;142,40;142,40;142,40;142,40;"04/12/2025 18:04";CET;20;2848,00;172,90;11/02/2026
"STEEL DYNAMICS";US8581191009;4STLD;EuroTLX;EUR;108,80;108,80;108,80;108,80;"04/09/2025 15:42";CET;1;108,80;172,90;11/02/2026
"STEEL DYNAMICS";US8581191009;1STLD;"Euronext Global Equity Market";EUR;174,38;175,28;174,38;175,28;"11/02/2026 15:57";CET;27;4709,16;172,90;11/02/2026
STEF;FR0000064271;STF;"Euronext Paris";EUR;127,00;127,00;125,40;127,00;"11/02/2026 17:35";CET;1649;208661,60;127,00;11/02/2026
STEICO;DE000A0LR936;2ST;"Trading After Hours";EUR;-;-;-;-;-;CET;-;-;-;-
STEICO;DE000A0LR936;4ST;EuroTLX;EUR;28,00;28,00;28,00;28,00;"24/07/2024 10:19";CET;300;8400,00;25,05;11/02/2026
STEICO;DE000A0LR936;1ST;"Euronext Global Equity Market";EUR;25,05;25,05;25,05;25,05;"11/02/2026 11:42";CET;400;10020,00;25,05;11/02/2026
STELLANTIS;NL00150001Q9;2STLAM;"Trading After Hours";EUR;6,362;6,495;6,362;6,416;"11/02/2026 20:30";CET;246328;1579670,31;6,413;11/02/2026
STELLANTIS;NL00150001Q9;STLAM;"Euronext Milan";EUR;6,317;6,435;6,219;6,435;"11/02/2026 17:36";CET;38696008;245349353,38;6,435;11/02/2026
"STELLANTIS NV";NL00150001Q9;STLAP;"Euronext Paris";EUR;6,331;6,427;6,22;6,418;"11/02/2026 17:37";CET;5439445;34507719,41;6,418;11/02/2026
"STERLING INFRASTRU";US8592411016;1STRL;"Euronext Global Equity Market";EUR;347,80;363,60;347,80;363,60;"11/02/2026 09:26";CET;18;6307,80;366,30;11/02/2026
STIF;FR001400MDW2;ALSTI;"Euronext Growth Paris";EUR;65,00;65,00;61,60;61,60;"11/02/2026 17:35";CET;19341;1212624,35;61,60;11/02/2026
STMICROELECTRONICS;NL0000226223;STMMI;"Euronext Milan";EUR;28,045;29,04;27,725;28,88;"11/02/2026 17:39";CET;6659734;189696039,22;28,88;11/02/2026
STMICROELECTRONICS;NL0000226223;2STMMI;"Trading After Hours";EUR;29,00;29,40;28,995;29,35;"11/02/2026 20:29";CET;256173;7494572,72;29,255;11/02/2026
STMICROELECTRONICS;NL0000226223;STMPA;"Euronext Paris";EUR;28,05;29,045;27,735;28,89;"11/02/2026 17:38";CET;3709701;106139490,58;28,89;11/02/2026
STOLT-NIELSEN;BMG850801025;SNI;"Oslo Børs";NOK;302,00;306,00;301,50;304,50;"11/02/2026 16:25";CET;75789;23001406,75;304,50;11/02/2026
"STONECO LTD-A";KYG851581069;1STNE;"Euronext Global Equity Market";EUR;14,20;14,20;13,915;13,915;"29/01/2026 16:17";CET;1080;15051,00;15,135;11/02/2026
"Stora Enso Oyj";FI0009005961;1STER;"Euronext Global Equity Market";EUR;10,965;10,965;10,60;10,65;"26/08/2025 14:20";CET;300;3240,45;11,795;11/02/2026
STOREBRAND;NO0003053605;STB;"Oslo Børs";NOK;177,30;182,50;176,10;179,70;"11/02/2026 16:29";CET;1976191;355883559,70;179,70;11/02/2026
"STRADIM ESPAC.FIN";FR0000074775;ALSAS;"Euronext Growth Paris";EUR;4,70;4,70;4,70;4,70;"11/02/2026 11:30";CET;13;61,10;4,70;11/02/2026
Strategy;US5949724083;2MSTR;"Trading After Hours";EUR;116,50;118,80;114,00;114,00;"09/02/2026 20:01";CET;112;12916,20;108,30;11/02/2026
Strategy;US5949724083;4MSTR;EuroTLX;EUR;111,55;111,60;109,75;109,75;"09/02/2026 15:39";CET;810;90352,50;108,40;11/02/2026
Strategy;US5949724083;1MSTR;"Euronext Global Equity Market";EUR;109,20;113,55;105,85;108,30;"11/02/2026 17:35";CET;12011;1312699,55;108,30;11/02/2026
STRAUMANN;CH1175448666;1STMN;"Euronext Global Equity Market";EUR;108,00;108,00;108,00;108,00;"05/02/2026 09:13";CET;400;43200,00;110,00;11/02/2026
STREAMWIDE;FR0010528059;ALSTW;"Euronext Growth Paris";EUR;72,80;72,80;66,80;72,00;"11/02/2026 17:35";CET;2776;196062,90;72,00;11/02/2026
"STREIT MECANIQUE";FR0000063976;MLSTR;"Euronext Access Paris";EUR;8,85;8,85;8,85;8,85;"04/02/2026 11:30";CET;25;221,25;8,85;11/02/2026
"Stroeer SE & Co";DE0007493991;1SAX;"Euronext Global Equity Market";EUR;37,55;37,55;37,55;37,55;"05/11/2025 14:40";CET;28;1051,40;34,90;11/02/2026
STRONGPOINT;NO0010098247;STRO;"Oslo Børs";NOK;10,55;10,80;10,50;10,75;"11/02/2026 16:25";CET;32055;341933,05;10,75;11/02/2026
STRYKER;US8636671013;1SYK;"Euronext Global Equity Market";EUR;313,40;313,40;313,40;313,40;"03/02/2026 12:40";CET;6;1880,40;303,00;11/02/2026
STRYKER;US8636671013;4SYK;EuroTLX;EUR;336,30;336,30;336,30;336,30;"24/10/2025 15:28";CET;10;3363,00;302,80;11/02/2026
STRYKER;US8636671013;2SYK;"Trading After Hours";EUR;323,90;323,90;323,50;323,50;"24/11/2025 19:15";CET;46;14899,00;303,00;11/02/2026
"STUDENT PROPERTY";ES0105851002;MLSPI;"Euronext Access Paris";EUR;3622,00;3622,00;3622,00;3622,00;"21/01/2025 00:00";CET;-;-;3620,00;11/02/2026
"SUBSEA 7";LU0075646355;SUBC;"Oslo Børs";NOK;251,20;252,00;248,60;249,60;"11/02/2026 16:25";CET;280584;70050352,20;249,60;11/02/2026
"Super Micro C";US86800U3023;4SMCI;EuroTLX;EUR;28,34;28,34;28,34;28,34;"11/02/2026 10:36";CET;150;4251,00;27,57;11/02/2026
"Super Micro C";US86800U3023;2SMCI;"Trading After Hours";EUR;26,90;26,90;26,90;26,90;"11/02/2026 20:10";CET;60;1614,00;26,90;11/02/2026
"Super Micro C";US86800U3023;1SMCI;"Euronext Global Equity Market";EUR;27,90;28,71;27,07;27,54;"11/02/2026 17:35";CET;60141;1674967,69;27,54;11/02/2026
SURONGO;BE0003527356;-;"Euronext Expert Market";EUR;204,00;204,00;204,00;204,00;"15/07/2025 11:30";CET;1;204,00;204,00;11/02/2026
"SVAS BIOSANA";IT0005469264;SVS;"Euronext Growth Milan";EUR;8,84;8,86;8,64;8,86;"11/02/2026 17:35";CET;3000;26512,06;8,86;11/02/2026
"Svenska Cellulosa";SE0000112724;1SCAB;"Euronext Global Equity Market";EUR;12,04;12,04;12,04;12,04;"19/05/2025 09:57";CET;27;325,08;11,625;11/02/2026
"Svenska Hand";SE0007100599;1SHBA;"Euronext Global Equity Market";EUR;-;-;-;-;-;CET;-;-;-;-
"SWATCH GROUP";CH0012255151;1UHR;"Euronext Global Equity Market";EUR;220,00;220,00;220,00;220,00;"11/02/2026 09:00";CET;18;3960,00;218,00;11/02/2026
"Sweco AB";SE0014960373;1SWEC;"Euronext Global Equity Market";EUR;-;-;-;-;-;CET;-;-;-;-
"Swedbank AB";SE0000242455;1SWED;"Euronext Global Equity Market";EUR;33,24;33,24;33,24;33,24;"06/02/2026 10:39";CET;500;16620,00;33,55;11/02/2026
"Swedish Orphan";SE0000872095;1SOBI;"Euronext Global Equity Market";EUR;36,62;36,62;36,62;36,62;"11/02/2026 11:53";CET;3;109,86;36,76;11/02/2026
"Swiss Life Holding";CH0014852781;1SLHN;"Euronext Global Equity Market";EUR;940,00;940,00;940,00;940,00;"16/01/2026 09:26";CET;1;940,00;945,00;11/02/2026
"SWISS PRIME SITE";CH0008038389;1SPSN;"Euronext Global Equity Market";EUR;147,00;147,00;147,00;147,00;"09/02/2026 12:40";CET;20;2940,00;149,00;11/02/2026
"Swiss Re";CH0126881561;1SREN;"Euronext Global Equity Market";EUR;139,00;139,00;139,00;139,00;"10/02/2026 15:31";CET;72;10008,00;141,00;11/02/2026
Swisscom;CH0008742519;1SCMN;"Euronext Global Equity Market";EUR;715,00;715,00;715,00;715,00;"09/02/2026 16:37";CET;1;715,00;735,00;11/02/2026
"SWORD GROUP";FR0004180578;SWP;"Euronext Paris";EUR;34,20;34,20;32,80;33,00;"11/02/2026 17:35";CET;15209;508367,42;33,00;11/02/2026
SYENSQO;BE0974464977;SYENS;"Euronext Brussels";EUR;81,06;81,58;80,00;81,58;"11/02/2026 17:37";CET;220883;17975567,30;81,58;11/02/2026
SYMRISE;DE000SYM9999;1SYM;"Euronext Global Equity Market";EUR;68,50;68,50;68,50;68,50;"05/01/2026 12:35";CET;50;3425,00;76,68;11/02/2026
SYMRISE;DE000SYM9999;2SYM;"Trading After Hours";EUR;-;-;-;-;-;CET;-;-;-;-
"SYNAPTICS INC";US87157D1090;1SYNA;"Euronext Global Equity Market";EUR;77,12;79,04;77,12;79,04;"06/02/2026 15:45";CET;266;20808,56;76,12;11/02/2026
"Synchrony Fin";US87165B1035;1SYF;"Euronext Global Equity Market";EUR;75,05;75,05;75,05;75,05;"08/01/2026 16:54";CET;18;1350,90;61,40;11/02/2026
SYNERGIE;FR0000032658;SDG;"Euronext Paris";EUR;30,10;30,40;30,00;30,00;"11/02/2026 17:25";CET;731;22047,00;30,00;11/02/2026
"Synopsys Inc";US8716071076;1SNPS;"Euronext Global Equity Market";EUR;370,05;371,60;360,90;360,90;"11/02/2026 17:25";CET;44;16278,75;360,10;11/02/2026
SYS-DAT;IT0005595423;SYS;"Euronext Milan";EUR;5,52;5,60;5,18;5,18;"11/02/2026 17:35";CET;203051;1044779,16;5,18;11/02/2026
"Sysco Corp";US8718291078;1SYY;"Euronext Global Equity Market";EUR;72,65;72,65;72,65;72,65;"09/02/2026 15:39";CET;1;72,65;74,30;11/02/2026
"T ROWE PRICE GROUP";US74144T1088;2TROW;"Trading After Hours";EUR;82,76;82,76;82,76;82,76;"03/06/2025 18:40";CET;1;82,76;79,16;11/02/2026
"T ROWE PRICE GROUP";US74144T1088;1TROW;"Euronext Global Equity Market";EUR;79,83;79,83;79,56;79,56;"11/02/2026 16:48";CET;11;875,97;79,16;11/02/2026
"T ROWE PRICE GROUP";US74144T1088;4TROW;EuroTLX;EUR;84,83;84,83;84,83;84,83;"18/11/2025 14:31";CET;1;84,83;79,19;11/02/2026
"T-MOBILE US";US8725901040;2TMUS;"Trading After Hours";EUR;177,60;177,60;177,60;177,60;"05/11/2025 18:20";CET;20;3552,00;173,02;11/02/2026
"T-MOBILE US";US8725901040;1TMUS;"Euronext Global Equity Market";EUR;165,88;166,20;165,88;166,20;"10/02/2026 15:41";CET;1570;260730,74;173,02;11/02/2026
"T-MOBILE US";US8725901040;4TMUS;EuroTLX;EUR;210,50;210,50;210,50;210,50;"20/12/2024 15:27";CET;200;42100,00;172,68;11/02/2026
"TAG Immobilien";DE0008303504;1TEG;"Euronext Global Equity Market";EUR;15,54;15,54;15,54;15,54;"11/02/2026 12:47";CET;4;62,16;14,58;11/02/2026
"Take-Two Inter";US8740541094;1TTWO;"Euronext Global Equity Market";EUR;178,36;180,56;169,30;170,76;"11/02/2026 17:35";CET;573;101050,24;170,76;11/02/2026
"Talanx AG";DE000TLX1005;1TLX;"Euronext Global Equity Market";EUR;110,50;110,50;110,50;110,50;"04/02/2026 09:29";CET;40;4420,00;107,20;11/02/2026
TALEA;IT0005378333;TALEA;"Euronext Growth Milan";EUR;4,98;4,98;4,68;4,80;"05/08/2025 16:25";CET;1116;5331,53;4,80;11/02/2026
"TALEN ENERGY CORP";US87422Q1094;1TLN;"Euronext Global Equity Market";EUR;305,50;310,80;305,50;310,80;"09/02/2026 09:38";CET;60;18414,80;294,40;11/02/2026
TAMBURI;IT0003153621;TIP;"Euronext Milan";EUR;9,70;9,70;9,48;9,55;"11/02/2026 17:35";CET;270934;2598720,22;9,55;11/02/2026
"Tapestry Inc";US8760301072;1TPR;"Euronext Global Equity Market";EUR;106,60;112,94;106,60;112,94;"05/02/2026 12:51";CET;350;38891,00;129,52;11/02/2026
"Targa Resources";US87612G1013;1TRGP;"Euronext Global Equity Market";EUR;167,00;167,00;167,00;167,00;"30/01/2026 15:43";CET;38;6346,00;184,80;11/02/2026
TARGET;US87612E1064;2TGT;"Trading After Hours";EUR;100,90;100,90;100,90;100,90;"10/02/2026 18:32";CET;200;20180,00;95,44;11/02/2026
TARGET;US87612E1064;1TGT;"Euronext Global Equity Market";EUR;94,74;94,74;94,74;94,74;"11/02/2026 12:34";CET;59;5589,66;95,44;11/02/2026
TARGET;US87612E1064;4TGT;EuroTLX;EUR;84,88;84,88;84,88;84,88;"05/01/2026 10:01";CET;6;509,28;95,44;11/02/2026
TAYNINH;FR0000063307;TAYN;"Euronext Paris";EUR;5,70;5,70;5,70;5,70;"10/02/2026 16:33";CET;13795;78631,50;5,70;11/02/2026
"TD BSA 2025-2";FR0014012OE2;TDBS2;"Euronext Growth Paris";EUR;0,0202;0,0202;0,0201;0,0201;"30/01/2026 09:12";CET;47500;955,25;0,0201;11/02/2026
"TD BSA 2025-3";FR0014012ZX8;TDBS3;"Euronext Growth Paris";EUR;0,0008;0,0008;0,0006;0,0006;"11/02/2026 17:11";CET;254661;182,64;0,0006;11/02/2026
TEAMVIEWER;DE000A2YN900;4TMV;EuroTLX;EUR;13,985;14,035;13,985;14,035;"23/02/2024 09:10";CET;6000;84060,00;5,56;11/02/2026
TEAMVIEWER;DE000A2YN900;1TMV;"Euronext Global Equity Market";EUR;5,71;5,825;5,48;5,60;"10/02/2026 16:34";CET;21464;121872,82;5,555;11/02/2026
TEAMVIEWER;DE000A2YN900;2TMV;"Trading After Hours";EUR;5,96;5,96;5,92;5,92;"12/11/2025 20:17";CET;2900;17239,50;5,555;11/02/2026
"TECAN GROUP";CH0012100191;1TECN;"Euronext Global Equity Market";EUR;159,00;159,00;159,00;159,00;"15/01/2026 11:18";CET;3;477,00;142,00;11/02/2026
"TECHNIP ENERGIES";NL0014559478;2TE;"Trading After Hours";EUR;-;-;-;-;-;CET;-;-;-;-
"TECHNIP ENERGIES";NL0014559478;TE;"Euronext Paris";EUR;32,60;33,54;32,34;33,16;"11/02/2026 17:35";CET;379253;12550849,77;33,16;11/02/2026
TECHNOGYM;IT0005162406;TGYM;"Euronext Milan";EUR;17,93;17,96;17,53;17,65;"11/02/2026 17:35";CET;166444;2943933,81;17,65;11/02/2026
TECHNOPROBE;IT0005482333;TPRO;"Euronext Milan";EUR;16,10;17,64;15,87;17,59;"11/02/2026 17:35";CET;1177834;19913317,68;17,59;11/02/2026
TECHSTEP;NO0012916131;TECH;"Oslo Børs";NOK;12,00;12,00;11,40;12,00;"11/02/2026 16:25";CET;3319;38686,95;12,00;11/02/2026
"TECMA SOLUTIONS";IT0005425050;TCM;"Euronext Growth Milan";EUR;1,65;1,73;1,63;1,68;"11/02/2026 11:54";CET;13600;22952,00;1,68;11/02/2026
TECNO;IT0005658841;TCG;"Euronext Growth Milan";EUR;3,00;3,00;3,00;3,00;"10/02/2026 13:58";CET;2500;7500,00;3,00;11/02/2026
"TEIXEIRA DUARTE";PTTD10AM0000;TDSA;"Euronext Lisbon";EUR;0,526;0,534;0,516;0,532;"11/02/2026 22:35";BST;2910684;1537323,29;0,532;11/02/2026
"TEKNA HOLDING";NO0010951577;TEKNA;"Oslo Børs";NOK;4,00;4,19;3,84;4,19;"11/02/2026 15:40";CET;1271;5258,00;4,19;11/02/2026
"Tele2 AB";SE0005190238;1TEL;"Euronext Global Equity Market";EUR;-;-;-;-;-;CET;-;-;-;-
"TELECOM ITALIA";IT0003497168;TIT;"Euronext Milan";EUR;0,6122;0,6326;0,6122;0,6266;"11/02/2026 17:37";CET;230181709;144151195,74;0,6266;11/02/2026
"TELECOM ITALIA";IT0003497168;2TIT;"Trading After Hours";EUR;0,6296;0,6302;0,6244;0,6302;"11/02/2026 20:29";CET;1523521;957055,76;0,6282;11/02/2026
"TELECOM ITALIA R";IT0003497176;2TITR;"Trading After Hours";EUR;0,7488;0,7488;0,724;0,731;"11/02/2026 19:53";CET;4599;3354,83;0,7294;11/02/2026
"TELECOM ITALIA R";IT0003497176;TITR;"Euronext Milan";EUR;0,7198;0,7366;0,7158;0,7326;"11/02/2026 17:35";CET;34842326;25478465,76;0,7326;11/02/2026
"Teledyne Tech";US8793601050;1TDY;"Euronext Global Equity Market";EUR;562,60;562,60;562,60;562,60;"10/02/2026 09:00";CET;3;1687,80;572,80;11/02/2026
"Teleflex Inc";US8793691069;1TFX;"Euronext Global Equity Market";EUR;85,00;88,50;85,00;88,50;"11/02/2026 16:05";CET;30;2602,50;92,50;11/02/2026
TELEFONICA;ES0178430E18;1TEF;"Euronext Global Equity Market";EUR;3,615;3,66;3,593;3,66;"11/02/2026 16:58";CET;22661;82496,43;3,654;11/02/2026
TELEFONICA;ES0178430E18;2TEF;"Trading After Hours";EUR;3,83;3,905;3,75;3,861;"25/11/2025 20:03";CET;8006;30823,53;3,654;11/02/2026
TELEFONICA;ES0178430E18;4TEF;EuroTLX;EUR;3,601;3,601;3,601;3,601;"10/02/2026 14:25";CET;1000;3601,00;3,655;11/02/2026
"Telekom Austria";AT0000720008;1TEA;"Euronext Global Equity Market";EUR;8,67;8,67;8,67;8,67;"03/02/2026 15:27";CET;1000;8670,00;9,19;11/02/2026
TELENOR;NO0010063308;TEL;"Oslo Børs";NOK;173,10;176,60;172,90;176,60;"11/02/2026 16:29";CET;1722786;303281368,80;176,60;11/02/2026
TELEPERFORMANCE;FR0000051807;TEP;"Euronext Paris";EUR;53,54;53,56;50,52;50,90;"11/02/2026 17:35";CET;363968;18706622,02;50,90;11/02/2026
TELEPERFORMANCE;FR0000051807;4TEP;EuroTLX;EUR;55,16;55,16;55,16;55,16;"26/01/2026 13:07";CET;30;1654,80;50,90;11/02/2026
TELEPERFORMANCE;FR0000051807;2TEP;"Trading After Hours";EUR;-;-;-;-;-;CET;-;-;-;-
TELESIA;IT0005240046;TLS;"Euronext Growth Milan";EUR;3,10;3,24;3,08;3,24;"11/02/2026 15:33";CET;1800;5637,00;3,24;11/02/2026
TELEVERBIER;CH0008175645;TVRB;"Euronext Paris";EUR;56,50;56,50;56,50;56,50;"11/02/2026 11:30";CET;102;5763,00;56,50;11/02/2026
TELEVISTA;FR0011076595;MLVST;"Euronext Access Paris";EUR;2,26;2,26;2,26;2,26;"07/05/2025 11:30";CET;1;2,26;1,76;11/02/2026
"Telia Co AB";SE0000667925;1TELI;"Euronext Global Equity Market";EUR;3,218;3,218;3,218;3,218;"25/08/2025 09:00";CET;1247;4012,85;4,101;11/02/2026
TELMES;IT0005683401;TLM;"Euronext Growth Milan";EUR;1,464;1,464;1,464;1,464;"11/02/2026 16:42";CET;2000;2928,00;1,464;11/02/2026
TEMENOS;CH0012453913;1TEMN;"Euronext Global Equity Market";EUR;74,50;74,50;74,50;74,50;"11/02/2026 09:20";CET;50;3725,00;74,50;11/02/2026
"TEMPUS AI INC";US88023B1035;1TEM;"Euronext Global Equity Market";EUR;46,75;46,86;46,08;46,08;"11/02/2026 15:53";CET;168;7853,68;44,42;11/02/2026
TENARIS;LU2598331598;2TEN;"Trading After Hours";EUR;20,40;20,48;20,40;20,46;"11/02/2026 20:24";CET;8282;169191,85;20,43;11/02/2026
TENARIS;LU2598331598;TEN;"Euronext Milan";EUR;19,905;20,50;19,835;20,45;"11/02/2026 17:35";CET;3309411;67150455,73;20,45;11/02/2026
"TENAX INTERNAT";IT0005428898;TNX;"Euronext Growth Milan";EUR;1,32;1,32;1,30;1,30;"11/02/2026 10:40";CET;4200;5495,00;1,30;11/02/2026
"TENET HEALTHCARE C";US88033G4073;1THC;"Euronext Global Equity Market";EUR;152,00;164,00;152,00;164,00;"03/02/2026 15:41";CET;10;1580,00;178,00;11/02/2026
TERACT;FR001400BMH7;TRACT;"Euronext Paris";EUR;3,12;3,14;3,12;3,12;"11/02/2026 14:31";CET;3024;9463,77;3,12;11/02/2026
"TERACT BS";FR0014000TB2;TERBS;"Euronext Paris";EUR;0,0039;0,0039;0,0039;0,0039;"09/02/2026 16:33";CET;150770;588,00;0,0039;11/02/2026
"Teradyne Inc";US8807701029;1TER;"Euronext Global Equity Market";EUR;257,60;269,70;255,35;268,40;"11/02/2026 17:18";CET;331;87577,15;268,20;11/02/2026
"Terawulf Inc";US88080T1043;1WULF;"Euronext Global Equity Market";EUR;13,85;14,40;13,05;13,55;"11/02/2026 17:06";CET;3127;43283,65;13,45;11/02/2026
TERNA;IT0003242622;2TRN;"Trading After Hours";EUR;9,612;9,702;9,612;9,702;"11/02/2026 19:33";CET;1110;10710,88;9,65;11/02/2026
TERNA;IT0003242622;TRN;"Euronext Milan";EUR;9,55;9,74;9,526;9,704;"11/02/2026 17:37";CET;4244452;41091629,51;9,704;11/02/2026
TESLA;US88160R1014;2TSLA;"Trading After Hours";EUR;357,55;359,95;355,70;358,00;"11/02/2026 20:27";CET;1051;375502,90;357,30;11/02/2026
TESLA;US88160R1014;1TSLA;"Euronext Global Equity Market";EUR;356,80;367,60;354,20;358,80;"11/02/2026 17:35";CET;18031;6485749,70;358,80;11/02/2026
TESLA;US88160R1014;4TSLA;EuroTLX;EUR;355,00;355,00;355,00;355,00;"11/02/2026 11:39";CET;5;1775,00;359,75;11/02/2026
TESMEC;IT0004585243;TES;"Euronext Milan";EUR;0,1956;0,1976;0,185;0,1916;"11/02/2026 17:35";CET;6275299;1200102,90;0,1916;11/02/2026
TESSELLIS;IT0005496473;TSL;"Euronext Milan";EUR;0,0857;0,0857;0,0828;0,0834;"11/02/2026 17:35";CET;1325777;110847,90;0,0834;11/02/2026
TESSENDERLO;BE0003555639;TESB;"Euronext Brussels";EUR;28,10;28,75;27,95;28,75;"11/02/2026 17:35";CET;28968;823075,68;28,75;11/02/2026
"TETRA TECH INC";US88162G1031;1TTEK;"Euronext Global Equity Market";EUR;32,40;32,40;32,40;32,40;"03/02/2026 10:06";CET;1;32,40;37,60;11/02/2026
"TETRAGON FIN GRP";GG00B1RMC548;TFG;"Euronext Amsterdam";USD;15,55;15,55;15,40;15,45;"11/02/2026 15:05";CET;16442;255370,60;15,45;11/02/2026
TEXAF;BE0974263924;TEXF;"Euronext Brussels";EUR;36,60;36,60;36,60;36,60;"11/02/2026 17:19";CET;201;7356,60;36,60;11/02/2026
"TEXAS INSTRUMENTS";US8825081040;1TXN;"Euronext Global Equity Market";EUR;185,46;191,48;185,00;191,48;"11/02/2026 16:08";CET;201;37768,66;192,18;11/02/2026
"TEXAS INSTRUMENTS";US8825081040;2TXN;"Trading After Hours";EUR;138,72;138,72;138,72;138,72;"04/11/2025 19:42";CET;3;416,16;192,18;11/02/2026
"TEXAS INSTRUMENTS";US8825081040;4TXN;EuroTLX;EUR;189,70;189,70;189,70;189,70;"06/02/2026 12:15";CET;20;3794,00;192,70;11/02/2026
"TEXAS ROADHOUSE IN";US8826811098;1TXRH;"Euronext Global Equity Market";EUR;156,40;156,40;156,40;156,40;"10/02/2026 11:00";CET;10;1564,00;149,85;11/02/2026
"Textron Inc";US8832031012;1TXT;"Euronext Global Equity Market";EUR;71,14;71,14;71,14;71,14;"03/12/2025 16:00";CET;95;6758,30;81,30;11/02/2026
TF1;FR0000054900;2TFI;"Trading After Hours";EUR;-;-;-;-;-;CET;-;-;-;-
TF1;FR0000054900;TFI;"Euronext Paris";EUR;8,17;8,20;8,025;8,04;"11/02/2026 17:38";CET;272306;2202479,62;8,04;11/02/2026
"TF1 NV26";FR0014014J21;TFINV;"Euronext Paris";EUR;-;-;-;-;-;CET;-;-;-;-
"TFF GROUP";FR0013295789;TFF;"Euronext Paris";EUR;16,95;17,10;16,70;16,70;"11/02/2026 17:35";CET;8920;150490,30;16,70;11/02/2026
"TG THERAPEUTICS IN";US88322Q1085;1TGTX;"Euronext Global Equity Market";EUR;21,80;23,00;21,80;23,00;"06/02/2026 09:05";CET;84;1881,60;23,86;11/02/2026
TGS;NO0003078800;TGS;"Oslo Børs";NOK;105,00;107,60;104,10;105,10;"11/02/2026 16:25";CET;600121;63533454,80;105,10;11/02/2026
THALES;FR0000121329;2HO;"Trading After Hours";EUR;241,20;241,20;241,20;241,20;"24/03/2025 18:00";CET;9;2170,80;245,90;11/02/2026
THALES;FR0000121329;HO;"Euronext Paris";EUR;252,50;252,50;244,70;245,90;"11/02/2026 17:37";CET;205015;50679022,20;245,90;11/02/2026
THALES;FR0000121329;4HO;EuroTLX;EUR;269,50;269,50;256,80;256,80;"10/02/2026 09:06";CET;40;10526,00;245,50;11/02/2026
"THE AZUR SELECTION";GRS528003007;MLAZR;"Euronext Access Paris";EUR;0,319;0,319;0,301;0,301;"11/02/2026 16:30";CET;12847;3918,21;0,301;11/02/2026
"THE BANK OF NY MEL";US0640581007;1BK;"Euronext Global Equity Market";EUR;109,04;109,04;107,00;107,00;"10/02/2026 15:34";CET;20;2146,12;104,18;11/02/2026
"THE BANK OF NY MEL";US0640581007;2BK;"Trading After Hours";EUR;79,55;79,55;79,55;79,55;"16/01/2025 19:33";CET;12;954,60;104,18;11/02/2026
"THE BANK OF NY MEL";US0640581007;4BK;EuroTLX;EUR;84,10;84,10;84,10;84,10;"21/07/2025 10:28";CET;8;672,80;104,18;11/02/2026
"The Campbell's C";US1344291091;1CPB;"Euronext Global Equity Market";EUR;24,22;24,22;24,22;24,22;"10/02/2026 14:11";CET;30;726,60;24,56;11/02/2026
"THE CLOROX COMPANY";US1890541097;4CLX;EuroTLX;EUR;87,00;87,50;87,00;87,50;"05/01/2026 15:39";CET;600;52350,00;106,00;11/02/2026
"THE CLOROX COMPANY";US1890541097;1CLX;"Euronext Global Equity Market";EUR;103,00;103,00;103,00;103,00;"11/02/2026 15:39";CET;7;721,00;106,00;11/02/2026
"THE CLOROX COMPANY";US1890541097;2CLX;"Trading After Hours";EUR;140,00;140,00;140,00;140,00;"07/03/2025 18:46";CET;26;3640,00;106,00;11/02/2026
"THE COCA-COLA COMP";US1912161007;4KO;EuroTLX;EUR;61,78;61,78;61,78;61,78;"27/01/2026 11:33";CET;40;2471,20;66,15;11/02/2026
"THE COCA-COLA COMP";US1912161007;2KO;"Trading After Hours";EUR;64,35;64,35;64,35;64,35;"10/02/2026 18:00";CET;30;1930,50;66,18;11/02/2026
"THE COCA-COLA COMP";US1912161007;1KO;"Euronext Global Equity Market";EUR;64,66;66,13;64,36;65,99;"11/02/2026 17:22";CET;1379;89761,09;66,18;11/02/2026
"THE ITALIAN SEA G";IT0005439085;TISG;"Euronext Milan";EUR;4,20;4,245;4,175;4,18;"11/02/2026 17:35";CET;49164;206460,56;4,18;11/02/2026
"THE KINGFISH COMP";NL00150001S5;KING;"Euronext Growth Oslo";NOK;3,06;3,90;3,06;3,86;"10/02/2026 16:25";CET;11404;37629,06;3,86;11/02/2026
"THE KRAFT HEINZ";US5007541064;2KHC;"Trading After Hours";EUR;19,07;19,07;19,07;19,07;"21/01/2026 20:06";CET;55;1048,85;21,03;11/02/2026
"THE KRAFT HEINZ";US5007541064;4KHC;EuroTLX;EUR;20,405;20,405;20,405;20,405;"10/02/2026 12:29";CET;60;1224,30;21,08;11/02/2026
"THE KRAFT HEINZ";US5007541064;1KHC;"Euronext Global Equity Market";EUR;20,45;21,08;19,514;20,99;"11/02/2026 17:11";CET;1263;25547,88;21,03;11/02/2026
"THE NAVIGATOR COMP";PTPTI0AM0006;NVG;"Euronext Lisbon";EUR;3,36;3,428;3,36;3,426;"11/02/2026 22:35";BST;2038636;6913981,37;3,426;11/02/2026
"THE SOUTHERN COMP";US8425871071;1SO;"Euronext Global Equity Market";EUR;76,62;76,62;74,64;74,64;"20/01/2026 09:07";CET;120;9075,60;76,27;11/02/2026
"THE SOUTHERN COMP";US8425871071;4SO;EuroTLX;EUR;74,24;74,24;74,24;74,24;"04/12/2025 10:15";CET;100;7424,00;76,30;11/02/2026
"THE SOUTHERN COMP";US8425871071;2SO;"Trading After Hours";EUR;76,16;76,16;76,16;76,16;"14/01/2026 18:00";CET;16;1218,56;76,27;11/02/2026
"THE TRAVELERS COMP";US89417E1091;1TRV;"Euronext Global Equity Market";EUR;223,50;223,50;223,50;223,50;"14/01/2026 14:52";CET;20;4470,00;248,80;11/02/2026
"THE TRAVELERS COMP";US89417E1091;2TRVC;"Trading After Hours";EUR;232,60;232,60;232,60;232,60;"21/10/2025 19:04";CET;52;12095,20;248,80;11/02/2026
"THE TRAVELERS COMP";US89417E1091;4TRV;EuroTLX;EUR;235,30;235,30;235,30;235,30;"20/01/2025 15:34";CET;1;235,30;248,90;11/02/2026
"THE WALT DISNEY";US2546871060;2DIS;"Trading After Hours";EUR;92,05;92,05;92,05;92,05;"11/02/2026 18:14";CET;23;2117,15;92,05;11/02/2026
"THE WALT DISNEY";US2546871060;4DIS;EuroTLX;EUR;95,17;95,17;95,17;95,17;"08/01/2026 12:42";CET;5;475,85;91,58;11/02/2026
"THE WALT DISNEY";US2546871060;1DIS;"Euronext Global Equity Market";EUR;92,09;92,37;91,55;91,55;"11/02/2026 17:22";CET;72;6624,69;91,59;11/02/2026
"THEON INTERNAT";CY0200751713;THEON;"Euronext Amsterdam";EUR;30,15;30,20;27,65;28,60;"11/02/2026 17:35";CET;345873;9897227,22;28,60;11/02/2026
THERACLION;FR0010120402;ALTHE;"Euronext Growth Paris";EUR;0,678;0,678;0,62;0,658;"11/02/2026 17:09";CET;82103;52648,52;0,658;11/02/2026
"THERMADOR GROUPE";FR0013333432;THEP;"Euronext Paris";EUR;79,90;79,90;78,30;79,00;"11/02/2026 17:35";CET;1811;143011,40;79,00;11/02/2026
"THERMO FISHER SC";US8835561023;4TMO;EuroTLX;EUR;480,00;487,40;480,00;487,40;"22/10/2025 12:03";CET;8;3884,40;445,85;11/02/2026
"THERMO FISHER SC";US8835561023;1TMO;"Euronext Global Equity Market";EUR;452,85;454,90;445,35;446,15;"11/02/2026 17:08";CET;51;22808,20;446,10;11/02/2026
"THERMO FISHER SC";US8835561023;2TMO;"Trading After Hours";EUR;441,30;441,30;441,30;441,30;"11/02/2026 18:35";CET;8;3530,40;441,30;11/02/2026
"THOR MEDICAL";NO0010597883;TRMED;"Oslo Børs";NOK;5,11;5,49;5,10;5,40;"11/02/2026 16:28";CET;3422070;18319829,95;5,40;11/02/2026
"Thule Group AB";SE0006422390;1THUL;"Euronext Global Equity Market";EUR;23,74;23,74;23,74;23,74;"27/10/2025 09:00";CET;143;3394,82;23,04;11/02/2026
"THX PHARMA";FR0013286259;ALTHX;"Euronext Growth Paris";EUR;4,99;5,10;3,06;3,15;"11/02/2026 17:35";CET;1780483;6722250,78;3,15;11/02/2026
THYSSENKRUPP;DE0007500001;2TKA;"Trading After Hours";EUR;12,245;12,245;12,245;12,245;"09/02/2026 19:39";CET;58;710,21;12,33;11/02/2026
THYSSENKRUPP;DE0007500001;4TKA;EuroTLX;EUR;11,61;11,61;11,61;11,61;"10/02/2026 13:41";CET;900;10449,00;12,335;11/02/2026
THYSSENKRUPP;DE0007500001;1TKA;"Euronext Global Equity Market";EUR;11,81;12,475;11,81;12,33;"11/02/2026 17:28";CET;59509;721538,05;12,33;11/02/2026
TIETOEVRY;FI0009000277;TIETO;"Oslo Børs";NOK;197,70;197,70;190,00;190,00;"11/02/2026 16:15";CET;4173;803669,00;190,00;11/02/2026
"TIKEHAU CAPITAL";FR0013230612;TKO;"Euronext Paris";EUR;16,26;16,42;16,06;16,06;"11/02/2026 17:36";CET;21577;348735,40;16,06;11/02/2026
TINC;BE0974282148;TINC;"Euronext Brussels";EUR;10,88;11,10;10,86;11,00;"11/02/2026 17:35";CET;42730;469692,97;11,00;11/02/2026
"TINDE SPAREBANK";NO0010759988;TINDE;"Euronext Growth Oslo";NOK;122,00;122,12;121,80;122,12;"11/02/2026 16:17";CET;1198;146056,24;122,12;11/02/2026
TINEXTA;IT0005037210;TNXT;"Euronext Milan";EUR;15,20;15,20;15,15;15,17;"11/02/2026 17:35";CET;65313;990750,80;15,17;11/02/2026
"TISSAGES BRUGGEMAN";BE0036061746;-;"Euronext Expert Market";EUR;39,07;39,07;39,07;39,07;"29/09/2015 11:30";CET;33;1289,31;39,00;11/02/2026
"TITAN S.A.";BE0974338700;TITC;"Euronext Brussels, Paris";EUR;56,00;57,00;55,40;56,40;"11/02/2026 17:35";CET;10233;575620,60;56,40;11/02/2026
"TJX COMPANIES INC";US8725401090;4TJX;EuroTLX;EUR;116,70;116,70;116,70;116,70;"15/05/2025 10:06";CET;20;2334,00;129,44;11/02/2026
"TJX COMPANIES INC";US8725401090;1TJX;"Euronext Global Equity Market";EUR;131,22;131,22;131,22;131,22;"23/01/2026 11:58";CET;2;262,44;129,14;11/02/2026
"TJX COMPANIES INC";US8725401090;2TJX;"Trading After Hours";EUR;123,88;123,88;123,88;123,88;"21/10/2025 18:00";CET;10;1238,80;129,14;11/02/2026
"TKH GROUP";NL0000852523;2TWEKA;"Trading After Hours";EUR;-;-;-;-;-;CET;-;-;-;-
"TKH GROUP";NL0000852523;TWEKA;"Euronext Amsterdam";EUR;40,50;40,50;39,84;39,84;"11/02/2026 17:35";CET;63005;2523844,36;39,84;11/02/2026
"TME PHARMA";NL0015000YE1;ALTME;"Euronext Growth Paris";EUR;0,083;0,083;0,078;0,0826;"11/02/2026 17:39";CET;612771;49506,42;0,0826;11/02/2026
"TMP GROUP";IT0005531238;TMP;"Euronext Growth Milan";EUR;5,50;5,70;5,50;5,70;"11/02/2026 10:11";CET;1600;8970,00;5,70;11/02/2026
"TOAST INC-CLASS A";US8887871080;1TOST;"Euronext Global Equity Market";EUR;24,465;24,465;24,445;24,445;"11/02/2026 15:33";CET;585;14307,61;23,68;11/02/2026
"TOLL BROTHERS INC";US8894781033;1TOL;"Euronext Global Equity Market";EUR;135,00;135,00;135,00;135,00;"11/02/2026 14:44";CET;35;4725,00;134,65;11/02/2026
"TOMRA SYSTEMS";NO0012470089;TOM;"Oslo Børs";NOK;132,70;133,60;129,00;130,30;"11/02/2026 16:29";CET;975230;127653391,60;130,30;11/02/2026
TOMTOM;NL0013332471;TOM2;"Euronext Amsterdam";EUR;5,31;5,345;5,25;5,25;"11/02/2026 17:35";CET;334928;1766976,02;5,25;11/02/2026
"TONNER DRONES";FR001400H2X4;ALTD;"Euronext Growth Paris";EUR;0,0313;0,032;0,0305;0,0308;"11/02/2026 17:35";CET;9865910;308286,44;0,0308;11/02/2026
"TONNER DRONES BSA";FR001400RIB4;TDBS;"Euronext Growth Paris";EUR;0,013;0,0134;0,0126;0,0134;"11/02/2026 13:29";CET;36720;462,85;0,0134;11/02/2026
TOOSLA;FR00140062B9;ALTOO;"Euronext Growth Paris";EUR;0,0768;0,0798;0,075;0,075;"11/02/2026 17:35";CET;60868;4663,10;0,075;11/02/2026
"TOSCANA AEROPORTI";IT0000214293;TYA;"Euronext Milan";EUR;19,60;19,60;19,20;19,20;"11/02/2026 17:20";CET;51;983,20;19,20;11/02/2026
TOTALENERGIES;FR0000120271;2TTE;"Trading After Hours";EUR;53,85;53,85;53,85;53,85;"06/06/2025 18:00";CET;38;2046,30;64,22;11/02/2026
TOTALENERGIES;FR0000120271;TTE;"Euronext Paris, Brussels";EUR;62,70;64,46;62,63;64,22;"11/02/2026 17:39";CET;5081804;324926680,61;64,22;11/02/2026
TOTALENERGIES;FR0000120271;4TTE;EuroTLX;EUR;62,97;64,25;62,97;63,60;"11/02/2026 16:58";CET;540;34143,50;63,86;11/02/2026
TotalEnergiesGabon;GA0000121459;EC;"Euronext Paris";EUR;189,00;189,50;186,50;189,00;"11/02/2026 17:35";CET;471;88841,50;189,00;11/02/2026
TOUAX;FR0000033003;ALTOU;"Euronext Growth Paris";EUR;4,52;4,54;4,51;4,53;"11/02/2026 17:35";CET;1354;6124,83;4,53;11/02/2026
"TOUR EIFFEL";FR0000036816;EIFF;"Euronext Paris";EUR;4,07;4,12;4,07;4,12;"11/02/2026 17:23";CET;749;3077,15;4,12;11/02/2026
"TOYOTA CAETANO";PTSCT0AP0018;SCT;"Euronext Lisbon";EUR;6,60;6,60;6,60;6,60;"11/02/2026 21:30";BST;200;1320,00;6,60;11/02/2026
"TPG INC";US8726571016;1TPG;"Euronext Global Equity Market";EUR;45,40;45,40;43,40;43,40;"05/02/2026 15:40";CET;440;19536,00;44,00;11/02/2026
TPS;IT0005246142;TPS;"Euronext Growth Milan";EUR;7,75;7,85;7,55;7,85;"11/02/2026 17:35";CET;6500;50400,00;7,85;11/02/2026
TRACTIAL;FR0014014ZV8;ALTRA;"Euronext Growth Paris";EUR;2,90;2,9795;2,8105;2,9495;"11/02/2026 17:28";CET;6159;17753,65;2,9495;11/02/2026
"Tractor Supply Co";US8923561067;1TSCO;"Euronext Global Equity Market";EUR;46,465;46,465;46,465;46,465;"27/01/2026 15:34";CET;130;6040,45;45,54;11/02/2026
"Trade Desk";US88339J1051;1TTD;"Euronext Global Equity Market";EUR;23,72;23,98;23,105;23,105;"11/02/2026 15:59";CET;852;20115,56;23,06;11/02/2026
TRADELAB;IT0005651507;TRAI;"Euronext Growth Milan";EUR;3,78;3,98;3,78;3,98;"11/02/2026 16:20";CET;7000;26920,00;3,98;11/02/2026
"Trane Tech";IE00BK9ZQ967;1TTH;"Euronext Global Equity Market";EUR;361,90;361,90;361,90;361,90;"03/02/2026 16:12";CET;9;3257,10;385,00;11/02/2026
"TRANSDIGM GROUP IN";US8936411003;1TDG;"Euronext Global Equity Market";EUR;1191,50;1191,50;1191,50;1191,50;"07/01/2026 09:00";CET;1;1191,50;1112,50;11/02/2026
TRANSGENE;FR0005175080;TNG;"Euronext Paris";EUR;0,854;0,86;0,822;0,822;"11/02/2026 17:36";CET;88122;74321,42;0,822;11/02/2026
"TRANSMEDICS GROUP";US89377M1099;1TMDX;"Euronext Global Equity Market";EUR;111,00;111,00;111,00;111,00;"06/02/2026 12:04";CET;90;9990,00;113,00;11/02/2026
TRANSUNION;US89400J1079;1TRU;"Euronext Global Equity Market";EUR;62,00;62,00;62,00;62,00;"06/02/2026 17:17";CET;17;1054,00;61,00;11/02/2026
TRATON;DE000TRAT0N7;28TRA;"Trading After Hours";EUR;-;-;-;-;-;CET;-;-;-;-
TRATON;DE000TRAT0N7;48TRA;EuroTLX;EUR;26,28;26,28;26,28;26,28;"20/10/2025 10:13";CET;10;262,80;36,74;11/02/2026
TRATON;DE000TRAT0N7;18TRA;"Euronext Global Equity Market";EUR;35,40;35,40;35,34;35,34;"04/02/2026 17:36";CET;1202;42526,08;36,72;11/02/2026
"TRAWELL CO";IT0005378325;TWL;"Euronext Growth Milan";EUR;5,90;5,90;5,90;5,90;"11/02/2026 10:00";CET;100;590,00;5,90;11/02/2026
TRENDEVICE;IT0005422792;TD;"Euronext Growth Milan";EUR;0,085;0,085;0,0766;0,079;"13/06/2025 17:12";CET;222000;17786,70;0,079;11/02/2026
"TREVI FIN IND";IT0005422768;TFIN;"Euronext Milan";EUR;0,727;0,727;0,707;0,717;"11/02/2026 17:35";CET;1150552;821080,19;0,717;11/02/2026
TRIBOO;IT0005001554;TB;"Euronext Milan";EUR;0,367;0,382;0,367;0,382;"11/02/2026 14:15";CET;37500;14259,85;0,382;11/02/2026
TRIGANO;FR0005691656;TRI;"Euronext Paris";EUR;172,00;172,00;167,80;169,20;"11/02/2026 17:35";CET;14469;2448207,50;169,20;11/02/2026
TRIGANO;FR0005691656;2TRI;"Trading After Hours";EUR;-;-;-;-;-;CET;-;-;-;-
TRILOGIQ;FR0010397901;ALTRI;"Euronext Growth Paris";EUR;5,00;5,00;5,00;5,00;"10/02/2026 17:14";CET;188;940,00;5,00;11/02/2026
"Trimble Inc";US8962391004;1TRMB;"Euronext Global Equity Market";EUR;68,86;68,86;68,86;68,86;"21/10/2025 17:02";CET;160;11017,60;54,96;11/02/2026
"TRIODOS BANK";NL0010407946;TRIO;"Euronext Amsterdam";EUR;29,30;29,50;29,05;29,05;"11/02/2026 17:35";CET;11348;331578,04;29,05;11/02/2026
TRIPADVISOR;US8969452015;1TRIP;"Euronext Global Equity Market";EUR;11,05;11,05;10,24;10,24;"11/02/2026 17:35";CET;749;7884,19;10,24;11/02/2026
TRIPADVISOR;US8969452015;2TRIP;"Trading After Hours";EUR;10,24;10,24;10,24;10,24;"11/02/2026 19:23";CET;6;61,44;10,24;11/02/2026
TRIPADVISOR;US8969452015;4TRIP;EuroTLX;EUR;10,55;10,55;10,55;10,55;"06/02/2026 15:55";CET;200;2110,00;10,30;11/02/2026
"TROC ILE";FR0000031106;MLTRO;"Euronext Access Paris";EUR;2,48;2,48;2,48;2,48;"27/10/2025 16:30";CET;28;69,44;2,48;11/02/2026
"TRUIST FINL CORP.";US89832Q1094;4TFC;EuroTLX;EUR;40,665;40,665;40,665;40,665;"05/12/2025 12:35";CET;7;284,66;46,19;11/02/2026
"TRUIST FINL CORP.";US89832Q1094;1TFC;"Euronext Global Equity Market";EUR;46,14;46,58;46,14;46,58;"11/02/2026 15:30";CET;216;10020,36;46,055;11/02/2026
"TRUIST FINL CORP.";US89832Q1094;2TFC;"Trading After Hours";EUR;45,22;45,22;45,22;45,22;"28/01/2025 18:00";CET;8;361,76;46,055;11/02/2026
"TRØNDELAG SPBK";NO0010788268;TRSB;"Oslo Børs";NOK;116,90;116,90;116,90;116,90;"09/02/2026 09:08";CET;1;116,90;116,90;11/02/2026
"TUBIZE (ATTR)";BE0099967573;TUBAT;"Euronext Expert Market";EUR;0,10;0,10;0,10;0,10;"15/04/2025 11:30";CET;84;8,40;0,10;11/02/2026
TUBIZE-FIN;BE0003823409;TUB;"Euronext Brussels";EUR;226,50;229,00;225,00;228,50;"11/02/2026 17:35";CET;18116;4133063,00;228,50;11/02/2026
TUI;DE000TUAG505;2TUI1U;"Trading After Hours";EUR;8,35;8,35;8,35;8,35;"11/02/2026 18:00";CET;600;5010,00;8,35;11/02/2026
TUI;DE000TUAG505;1TUI1U;"Euronext Global Equity Market";EUR;8,626;8,70;8,50;8,50;"11/02/2026 15:52";CET;2599;22342,77;8,214;11/02/2026
TUI;DE000TUAG505;4TUI1U;EuroTLX;EUR;8,958;8,958;8,958;8,958;"12/01/2026 11:32";CET;100;895,80;8,218;11/02/2026
"TWIST BIOSCIENCE C";US90184D1000;1TWST;"Euronext Global Equity Market";EUR;41,93;41,93;40,55;40,55;"06/02/2026 15:49";CET;28;1154,72;41,23;11/02/2026
TXCOM;FR0010654087;ALTXC;"Euronext Growth Paris";EUR;8,70;8,70;8,70;8,70;"10/02/2026 16:30";CET;210;1827,00;8,70;11/02/2026
"TXT E-SOLUTIONS";IT0001454435;TXT;"Euronext Milan";EUR;25,70;26,05;24,80;25,00;"11/02/2026 17:35";CET;59935;1507678,25;25,00;11/02/2026
"Tyler Technologies";US9022521051;1TYL;"Euronext Global Equity Market";EUR;300,20;300,20;300,20;300,20;"10/02/2026 09:00";CET;3;900,60;283,80;11/02/2026
"Tyson Foods Inc";US9024941034;1TSN;"Euronext Global Equity Market";EUR;47,365;49,52;47,365;49,52;"18/12/2025 13:09";CET;164;7944,57;53,19;11/02/2026
"U10 CORP";FR0000079147;ALU10;"Euronext Growth Paris";EUR;1,185;1,215;1,185;1,215;"11/02/2026 15:22";CET;1573;1911,19;1,215;11/02/2026
"UBALDI COSTRUZIONI";IT0005628158;UBA;"Euronext Growth Milan";EUR;4,31;4,48;4,29;4,31;"11/02/2026 17:01";CET;23100;100289,00;4,31;11/02/2026
"UBER TECHNOLOGIES";US90353T1007;2UBER;"Trading After Hours";EUR;62,69;62,69;62,05;62,05;"10/02/2026 20:05";CET;84;5253,16;60,51;11/02/2026
"UBER TECHNOLOGIES";US90353T1007;4UBER;EuroTLX;EUR;69,66;69,66;69,66;69,66;"06/01/2026 13:18";CET;45;3134,70;60,71;11/02/2026
"UBER TECHNOLOGIES";US90353T1007;1UBER;"Euronext Global Equity Market";EUR;61,75;61,79;60,51;60,51;"11/02/2026 17:35";CET;1081;66168,16;60,51;11/02/2026
"UBISOFT ENTERT";FR0000054470;4UBI;EuroTLX;EUR;4,25;4,25;4,25;4,25;"26/01/2026 09:00";CET;150;637,50;4,214;11/02/2026
"UBISOFT ENTERTAIN";FR0000054470;UBI;"Euronext Paris";EUR;4,519;4,544;4,171;4,171;"11/02/2026 17:35";CET;1714017;7298434,73;4,171;11/02/2026
"UBISOFT ENTERTAIN";FR0000054470;2UBI;"Trading After Hours";EUR;-;-;-;-;-;CET;-;-;-;-
"UBS Group";CH0244767585;1UBSG;"Euronext Global Equity Market";EUR;36,80;36,80;36,80;36,80;"10/02/2026 17:20";CET;150;5520,00;35,80;11/02/2026
"UCAPITAL GLOBAL";GB00BJ9M4V82;MLALE;"Euronext Access Paris";EUR;0,001;0,001;0,001;0,001;"02/10/2024 11:30";CET;64687;64,69;0,001;11/02/2026
UCAPITAL24;IT0005380461;U24;"Euronext Growth Milan";EUR;0,277;0,277;0,27;0,27;"10/02/2026 15:15";CET;2000;545,60;0,27;11/02/2026
UCB;BE0003739530;UCB;"Euronext Brussels";EUR;264,00;266,10;260,60;264,00;"11/02/2026 17:38";CET;154975;40892558,95;264,00;11/02/2026
UCB;BE0003739530;4UCB;EuroTLX;EUR;249,80;249,80;249,80;249,80;"07/01/2026 14:20";CET;30;7494,00;264,30;11/02/2026
UCB;BE0003739530;2UCB;"Trading After Hours";EUR;-;-;-;-;-;CET;-;-;-;-
"UIPATH INC CLASS A";US90364P1057;1PATH;"Euronext Global Equity Market";EUR;10,868;10,868;9,862;9,862;"11/02/2026 17:35";CET;1106;11434,49;9,862;11/02/2026
"Ulta Beauty Inc";US90384S3031;1ULTA;"Euronext Global Equity Market";EUR;582,20;582,20;582,20;582,20;"11/02/2026 15:40";CET;13;7568,60;578,80;11/02/2026
"UMALIS GROUP";FR0011776889;MLUMG;"Euronext Access Paris";EUR;1,92;1,92;1,92;1,92;"11/02/2026 11:30";CET;10;19,20;1,92;11/02/2026
"UMB FINANCIAL CORP";US9027881088;1UMBF;"Euronext Global Equity Market";EUR;103,00;103,00;103,00;103,00;"24/09/2025 14:40";CET;26;2678,00;112,00;11/02/2026
UMG;NL0015000IY2;UMG;"Euronext Amsterdam";EUR;20,19;20,30;19,96;20,14;"11/02/2026 17:35";CET;3224766;64925597,13;20,14;11/02/2026
UMG;NL0015000IY2;2UMG;"Trading After Hours";EUR;24,53;24,53;23,81;23,81;"03/10/2025 18:01";CET;1000;23846,00;20,14;11/02/2026
UMICORE;BE0974320526;2UMI;"Trading After Hours";EUR;13,92;13,92;13,92;13,92;"03/07/2024 19:49";CET;100;1392,00;19,13;11/02/2026
UMICORE;BE0974320526;UMI;"Euronext Brussels";EUR;19,36;19,45;19,09;19,13;"11/02/2026 17:35";CET;507220;9723205,64;19,13;11/02/2026
UMICORE;BE0974320526;4UMI;EuroTLX;EUR;21,58;21,82;21,58;21,82;"28/01/2026 11:33";CET;610;13196,20;19,17;11/02/2026
"UNDER ARMOUR - CLA";US9043111072;4UAA;EuroTLX;EUR;4,926;4,926;4,926;4,926;"30/01/2026 10:51";CET;1000;4926,00;5,891;11/02/2026
"UNDER ARMOUR - CLA";US9043111072;1UAA;"Euronext Global Equity Market";EUR;5,909;5,909;5,909;5,909;"11/02/2026 17:35";CET;774;4573,57;5,909;11/02/2026
"UNDER ARMOUR - CLA";US9043111072;2UAA;"Trading After Hours";EUR;5,909;5,909;5,909;5,909;"11/02/2026 18:15";CET;250;1477,25;5,909;11/02/2026
UNIBAIL-RODAMCO-WE;FR0013326246;URW;"Euronext Paris";EUR;96,00;97,72;95,84;96,90;"11/02/2026 17:35";CET;339055;32850814,15;96,90;11/02/2026
UNIBAIL-RODAMCO-WE;FR0013326246;2URW;"Trading After Hours";EUR;-;-;-;-;-;CET;-;-;-;-
"Unicaja Banco SA";ES0180907000;1UNI;"Euronext Global Equity Market";EUR;2,88;2,88;2,86;2,86;"03/02/2026 14:48";CET;77993;224087,36;2,786;11/02/2026
UNICREDIT;IT0005239360;2UCG;"Trading After Hours";EUR;74,88;76,30;74,58;74,91;"11/02/2026 20:24";CET;16892;1262858,56;74,76;11/02/2026
UNICREDIT;IT0005239360;UCG;"Euronext Milan";EUR;77,49;77,49;74,50;74,59;"11/02/2026 17:38";CET;6392475;481019559,30;74,59;11/02/2026
UNIDATA;IT0005573065;UD;"Euronext Milan";EUR;3,33;3,43;3,32;3,32;"11/02/2026 17:38";CET;113337;381092,15;3,32;11/02/2026
UNILEVER;GB00BVZK7T90;UNA;"Euronext Amsterdam";EUR;60,47;61,58;60,42;61,32;"11/02/2026 17:35";CET;2107277;128978171,24;61,32;11/02/2026
"UNION PACIFIC";US9078181081;1UNP;"Euronext Global Equity Market";EUR;219,00;219,00;219,00;219,00;"11/02/2026 09:04";CET;3;657,00;222,90;11/02/2026
"UNION PACIFIC";US9078181081;2UNP;"Trading After Hours";EUR;194,48;194,48;194,48;194,48;"17/10/2025 18:15";CET;50;9724,00;222,90;11/02/2026
"UNION PACIFIC";US9078181081;4UNP;EuroTLX;EUR;219,50;219,50;219,50;219,50;"21/11/2024 13:15";CET;13;2853,50;221,95;11/02/2026
"UNION TECH.INFOR.";FR0000074197;FPG;"Euronext Paris";EUR;0,1235;0,1235;0,1235;0,1235;"11/02/2026 17:23";CET;910;112,39;0,1235;11/02/2026
UNIPER;DE000UNSE026;4UN;EuroTLX;EUR;33,20;33,20;33,20;33,20;"21/01/2026 11:26";CET;7;232,40;34,90;11/02/2026
UNIPER;DE000UNSE026;2UN;"Trading After Hours";EUR;36,65;36,65;36,65;36,65;"11/12/2025 19:24";CET;60;2199,00;34,90;11/02/2026
UNIPER;DE000UNSE026;1UN;"Euronext Global Equity Market";EUR;35,85;35,85;35,85;35,85;"27/01/2026 09:07";CET;1;35,85;34,90;11/02/2026
"UNIPHAR PLC";IE00BJ5FQX74;UPR;"Euronext Growth Dublin";EUR;4,05;4,05;3,905;3,955;"11/02/2026 21:00";IST;109159;432162,70;3,955;11/02/2026
UNIPOL;IT0004810054;UNI;"Euronext Milan";EUR;19,60;19,67;18,96;18,96;"11/02/2026 17:36";CET;2077792;39796649,48;18,96;11/02/2026
UNIPOL;IT0004810054;2UNIP;"Trading After Hours";EUR;19,165;19,165;19,01;19,15;"11/02/2026 20:29";CET;2651;50750,09;19,145;11/02/2026
"UNIQA Insurance";AT0000821103;1UQA;"Euronext Global Equity Market";EUR;15,12;15,12;15,12;15,12;"28/01/2026 11:44";CET;500;7560,00;16,40;11/02/2026
"UNITED AIRLINES H";US9100471096;4UAL;EuroTLX;EUR;89,67;89,67;89,67;89,67;"09/10/2025 13:40";CET;60;5380,20;96,57;11/02/2026
"UNITED AIRLINES H";US9100471096;1UAL;"Euronext Global Equity Market";EUR;97,47;97,47;97,47;97,47;"10/02/2026 12:37";CET;20;1949,40;96,89;11/02/2026
"UNITED AIRLINES H";US9100471096;2UAL;"Trading After Hours";EUR;91,85;91,85;91,85;91,85;"09/12/2025 19:57";CET;32;2939,20;96,89;11/02/2026
"UNITED INTERNET";DE0005089031;2UTDI;"Trading After Hours";EUR;26,34;26,34;26,34;26,34;"29/07/2025 18:00";CET;5;131,70;26,84;11/02/2026
"UNITED INTERNET";DE0005089031;4UTDI;EuroTLX;EUR;27,80;27,80;27,80;27,80;"18/09/2025 12:19";CET;9;250,20;26,82;11/02/2026
"UNITED INTERNET";DE0005089031;1UTDI;"Euronext Global Equity Market";EUR;26,74;26,74;26,66;26,66;"11/02/2026 10:45";CET;467;12469,42;26,84;11/02/2026
"United Parcel";US9113121068;1UPS;"Euronext Global Equity Market";EUR;99,93;101,08;99,93;101,08;"11/02/2026 16:16";CET;185;18550,30;100,80;11/02/2026
"United Rentals";US9113631090;1URI;"Euronext Global Equity Market";EUR;669,40;669,40;669,40;669,40;"03/02/2026 09:00";CET;2;1338,80;738,40;11/02/2026
"UNITEDHEALTH GROUP";US91324P1021;4UNH;EuroTLX;EUR;235,00;235,00;235,00;235,00;"28/01/2026 15:20";CET;6;1410,00;232,60;11/02/2026
"UNITEDHEALTH GROUP";US91324P1021;2UNH;"Trading After Hours";EUR;234,50;234,80;234,50;234,80;"11/02/2026 19:29";CET;11;2580,70;234,60;11/02/2026
"UNITEDHEALTH GROUP";US91324P1021;1UNH;"Euronext Global Equity Market";EUR;230,45;233,55;227,40;233,55;"11/02/2026 17:35";CET;340;78074,90;233,55;11/02/2026
UNITI;FR0012709160;ALUNT;"Euronext Growth Paris";EUR;1,53;1,53;1,52;1,53;"11/02/2026 10:20";CET;413;629,33;1,53;11/02/2026
"UNITY SOFTWARE INC";US91332U1016;1USFT;"Euronext Global Equity Market";EUR;24,735;24,735;15,916;17,352;"11/02/2026 17:27";CET;18091;318375,95;17,22;11/02/2026
UPERGY;FR0010337865;ALUPG;"Euronext Growth Paris";EUR;1,93;2,06;1,93;2,06;"11/02/2026 15:51";CET;133;267,83;2,06;11/02/2026
"UPM-Kymmene Oyj";FI0009005987;1UPM;"Euronext Global Equity Market";EUR;24,78;24,78;24,78;24,78;"05/02/2026 09:56";CET;203;5030,34;27,13;11/02/2026
"UPSTART HOLDINGS I";US91680M1071;1UPST;"Euronext Global Equity Market";EUR;32,365;32,44;27,925;28,46;"11/02/2026 17:25";CET;4921;142215,92;28,365;11/02/2026
"UPWORK INC";US91688F1049;1UPWK;"Euronext Global Equity Market";EUR;12,32;13,25;11,705;13,10;"10/02/2026 16:26";CET;11028;137077,31;11,925;11/02/2026
"URANIUM ENERGY COR";US9168961038;1UEC;"Euronext Global Equity Market";EUR;13,934;14,196;12,99;13,448;"11/02/2026 17:35";CET;26460;360162,38;13,448;11/02/2026
URCOLESA;ES0105748000;MLURC;"Euronext Access Paris";EUR;3,38;3,38;3,38;3,38;"22/02/2024 00:00";CET;-;-;3,36;11/02/2026
"US BANCORP";US9029733048;2USB;"Trading After Hours";EUR;42,185;42,185;42,185;42,185;"26/09/2025 19:28";CET;237;9997,85;50,74;11/02/2026
"US BANCORP";US9029733048;4USB;EuroTLX;EUR;37,67;37,67;37,67;37,67;"13/03/2025 16:31";CET;50;1883,50;50,69;11/02/2026
"US BANCORP";US9029733048;1USB;"Euronext Global Equity Market";EUR;50,93;50,93;50,93;50,93;"11/02/2026 16:12";CET;35;1782,55;50,74;11/02/2026
UTEXBEL;BE0017609521;-;"Euronext Expert Market";EUR;91,05;91,05;91,05;91,05;"20/10/2015 11:30";CET;84;7648,20;91,00;11/02/2026
"UV GERMI";FR0011898584;ALUVI;"Euronext Growth Paris";EUR;3,00;3,03;3,00;3,03;"11/02/2026 15:47";CET;2464;7426,31;3,03;11/02/2026
"V LANSCHOT KEMPEN";NL0000302636;2VLK;"Trading After Hours";EUR;-;-;-;-;-;CET;-;-;-;-
"V LANSCHOT KEMPEN";NL0000302636;VLK;"Euronext Amsterdam";EUR;51,70;51,70;48,50;48,90;"11/02/2026 17:35";CET;219943;10903314,78;48,90;11/02/2026
V.F.;US9182041080;2VFC;"Trading After Hours";EUR;12,894;12,894;12,894;12,894;"02/09/2025 19:13";CET;1;12,89;17,716;11/02/2026
V.F.;US9182041080;4VFC;EuroTLX;EUR;16,62;16,62;16,62;16,62;"28/01/2026 11:49";CET;5;83,10;17,726;11/02/2026
V.F.;US9182041080;1VFC;"Euronext Global Equity Market";EUR;17,392;17,392;17,392;17,392;"09/02/2026 15:35";CET;160;2782,72;17,716;11/02/2026
"VAA VISTA ALEGRE";PTVAA0AM0019;VAF;"Euronext Lisbon";EUR;1,10;1,10;1,08;1,10;"11/02/2026 18:29";BST;205;223,38;1,10;11/02/2026
VALBIOTIS;FR0013254851;ALVAL;"Euronext Growth Paris";EUR;1,10;1,118;1,052;1,09;"11/02/2026 17:35";CET;210737;226908,09;1,09;11/02/2026
VALEO;FR0013176526;2FR;"Trading After Hours";EUR;-;-;-;-;-;CET;-;-;-;-
VALEO;FR0013176526;4FR;EuroTLX;EUR;12,79;12,79;12,64;12,64;"11/02/2026 10:54";CET;42;534,03;13,11;11/02/2026
VALEO;FR0013176526;FR;"Euronext Paris";EUR;13,205;13,44;12,715;13,145;"11/02/2026 17:35";CET;951231;12460957,89;13,145;11/02/2026
"VALERIO TX";FR0010095596;ALVIO;"Euronext Growth Paris";EUR;0,156;0,158;0,15;0,153;"11/02/2026 17:35";CET;142085;21992,94;0,153;11/02/2026
"Valero Energy";US91913Y1001;1VLO;"Euronext Global Equity Market";EUR;166,08;166,08;164,08;164,08;"11/02/2026 09:57";CET;53;8796,24;170,30;11/02/2026
VALICA;IT0005562514;VLC;"Euronext Growth Milan";EUR;2,38;2,38;2,36;2,36;"06/02/2026 14:37";CET;2430;5756,40;2,36;11/02/2026
"VALLEY NATIONAL BA";US9197941076;1VLY;"Euronext Global Equity Market";EUR;10,60;10,60;10,20;10,20;"13/01/2026 15:22";CET;85;884,20;11,20;11/02/2026
VALLOUREC;FR0013506730;2VK;"Trading After Hours";EUR;17,075;17,075;17,075;17,075;"11/03/2025 19:02";CET;250;4268,75;18,865;11/02/2026
VALLOUREC;FR0013506730;VK;"Euronext Paris";EUR;18,50;18,90;18,48;18,865;"11/02/2026 17:35";CET;686881;12913759,54;18,865;11/02/2026
"VALLOUREC BSA 21";FR00140030K7;VKBS;"Euronext Paris";EUR;-;-;-;-;-;CET;-;-;-;-
"Valmet Oyj";FI4000074984;1VALM;"Euronext Global Equity Market";EUR;28,52;28,52;28,52;28,52;"15/01/2026 11:41";CET;137;3907,24;28,04;11/02/2026
VALNEVA;FR0004056851;4VLA;EuroTLX;EUR;4,116;4,116;4,116;4,116;"09/02/2026 12:50";CET;63;259,31;4,07;11/02/2026
VALNEVA;FR0004056851;VLA;"Euronext Paris";EUR;4,18;4,182;4,022;4,062;"11/02/2026 17:35";CET;606249;2483761,15;4,062;11/02/2026
VALNEVA;FR0004056851;2VLA;"Trading After Hours";EUR;-;-;-;-;-;CET;-;-;-;-
VALSOIA;IT0001018362;VLS;"Euronext Milan";EUR;10,50;10,70;10,30;10,70;"11/02/2026 17:35";CET;5790;60343,20;10,70;11/02/2026
VALTECNE;IT0005532525;VLT;"Euronext Growth Milan";EUR;8,40;8,40;8,30;8,30;"10/02/2026 13:47";CET;1200;10005,00;8,30;11/02/2026
VALUE8;NL0010661864;VALUE;"Euronext Amsterdam";EUR;6,75;6,75;6,60;6,70;"11/02/2026 15:55";CET;1277;8536,10;6,70;11/02/2026
"VALUE8 CUM PREF";NL0015118803;PREVA;"Euronext Amsterdam";EUR;4,77;4,77;4,77;4,77;"10/02/2026 16:30";CET;16;76,32;4,77;11/02/2026
"VAN DE VELDE";BE0003839561;VAN;"Euronext Brussels";EUR;30,45;30,70;30,45;30,60;"11/02/2026 17:35";CET;1345;41152,60;30,60;11/02/2026
"VAN GENECHTEN";BE0944866863;-;"Euronext Expert Market";EUR;-;-;-;-;-;CET;-;-;-;-
"VANDOR REAL ESTATE";ES0105623005;MLVRE;"Euronext Access Paris";EUR;6,00;6,00;6,00;6,00;"16/12/2021 00:00";CET;-;-;6,00;11/02/2026
"VANTAGE DRILLING I";BMG9551V1081;VDI;"Euronext Growth Oslo";NOK;170,00;170,00;153,00;153,00;"11/02/2026 16:28";CET;450;75650,00;153,00;11/02/2026
"VANTEA SMART";IT0005433765;VNT;"Euronext Growth Milan";EUR;0,956;0,958;0,928;0,954;"11/02/2026 16:55";CET;10260;9687,18;0,954;11/02/2026
VANTIVA;FR0013505062;VANTI;"Euronext Paris";EUR;0,1148;0,117;0,114;0,1148;"11/02/2026 17:35";CET;151396;17516,61;0,1148;11/02/2026
"VARONIS SYSTEMS IN";US9222801022;1VRNS;"Euronext Global Equity Market";EUR;22,72;22,73;22,72;22,73;"11/02/2026 15:34";CET;82;1863,62;21,42;11/02/2026
VASTNED;BE0003754687;VASTB;"Euronext Brussels, Amsterdam";EUR;30,10;30,40;30,00;30,40;"11/02/2026 17:35";CET;11987;361823,60;30,40;11/02/2026
"VAT GROUP";CH0311864901;1VACN;"Euronext Global Equity Market";EUR;545,00;545,00;545,00;545,00;"09/02/2026 09:00";CET;2;1090,00;555,00;11/02/2026
"VAXCYTE INC";US92243G1085;1PCVX;"Euronext Global Equity Market";EUR;48,40;48,40;47,00;47,00;"11/02/2026 15:30";CET;8;381,60;45,60;11/02/2026
VAZIVA;FR0014007T10;ALVAZ;"Euronext Growth Paris";EUR;39,00;39,00;39,00;39,00;"11/02/2026 16:30";CET;175;6825,00;39,00;11/02/2026
"VAZIVA BSA";FR0014014OK5;VAZBS;"Euronext Growth Paris";EUR;0,99;0,99;0,99;0,99;"10/02/2026 14:20";CET;1689;1672,11;0,99;11/02/2026
"VDK BANK";BE0022780820;-;"Euronext Expert Market";EUR;2880,00;2880,00;2880,00;2880,00;"10/02/2026 11:30";CET;14;40320,00;2880,00;11/02/2026
"VEEVA SYSTEMS INC";US9224751084;1VEEV;"Euronext Global Equity Market";EUR;155,70;157,50;149,15;149,15;"11/02/2026 16:12";CET;531;81907,45;147,95;11/02/2026
VEIDEKKE;NO0005806802;VEI;"Oslo Børs";NOK;181,80;182,00;179,40;179,40;"11/02/2026 16:25";CET;37610;6776264,80;179,40;11/02/2026
"VEND MARKETPLACES";NO0010736879;VEND;"Oslo Børs";NOK;264,20;265,00;254,40;255,60;"11/02/2026 16:29";CET;495738;128184607,20;255,60;11/02/2026
"VENTE UNIQUE.COM";FR0010766667;ALVU;"Euronext Growth Paris";EUR;16,20;16,50;16,00;16,50;"11/02/2026 17:36";CET;3742;60696,10;16,50;11/02/2026
"VENTURA OFFSHORE";BMG730931091;VTURA;"Euronext Growth Oslo";NOK;24,10;24,80;23,50;24,00;"11/02/2026 16:19";CET;46557;1111970,20;24,00;11/02/2026
"VEOLIA ENVIRON";FR0000124141;4VIE;EuroTLX;EUR;31,10;31,10;31,10;31,10;"26/01/2026 09:43";CET;21;653,10;32,89;11/02/2026
"VEOLIA ENVIRON.";FR0000124141;2VIE;"Trading After Hours";EUR;-;-;-;-;-;CET;-;-;-;-
"VEOLIA ENVIRON.";FR0000124141;VIE;"Euronext Paris";EUR;32,42;33,00;32,31;32,99;"11/02/2026 17:39";CET;2232187;73310311,76;32,99;11/02/2026
"VEOM GROUP";FR0013530102;ALVG;"Euronext Growth Paris";EUR;0,1245;0,125;0,1215;0,1215;"11/02/2026 17:35";CET;31917;3930,89;0,1215;11/02/2026
VERALLIA;FR0013447729;2VRLA;"Trading After Hours";EUR;-;-;-;-;-;CET;-;-;-;-
VERALLIA;FR0013447729;VRLA;"Euronext Paris";EUR;22,50;22,94;22,26;22,92;"11/02/2026 17:38";CET;28914;653914,50;22,92;11/02/2026
"Veralto Corp";US92338C1036;1VLTO;"Euronext Global Equity Market";EUR;78,11;78,11;78,00;78,00;"06/02/2026 14:34";CET;11;858,11;77,49;11/02/2026
VERBIO;DE000A0JL9W6;2VBK;"Trading After Hours";EUR;9,91;9,91;9,91;9,91;"14/03/2025 19:32";CET;15;148,65;25,36;11/02/2026
VERBIO;DE000A0JL9W6;4VBK;EuroTLX;EUR;18,31;18,31;18,31;18,31;"05/12/2025 15:10";CET;90;1647,90;25,40;11/02/2026
VERBIO;DE000A0JL9W6;1VBK;"Euronext Global Equity Market";EUR;23,30;23,30;22,96;22,98;"09/02/2026 16:07";CET;2017;46377,32;25,36;11/02/2026
"Verbund AG";AT0000746409;4VER;EuroTLX;EUR;64,00;64,00;64,00;64,00;"08/04/2025 16:53";CET;5;320,00;61,90;11/02/2026
"Verbund AG";AT0000746409;1VER;"Euronext Global Equity Market";EUR;61,00;61,00;61,00;61,00;"22/01/2026 09:51";CET;100;6100,00;61,25;11/02/2026
VERGNET;FR0014010YR7;ALVER;"Euronext Growth Paris";EUR;0,17;0,182;0,12;0,12;"23/01/2026 17:35";CET;111142;17458,83;0,12;11/02/2026
VERIMATRIX;FR0010291245;VMX;"Euronext Paris";EUR;0,195;0,195;0,1905;0,1925;"11/02/2026 17:35";CET;18347;3529,90;0,1925;11/02/2026
"VeriSign Inc";US92343E1029;1VRSN;"Euronext Global Equity Market";EUR;179,40;179,40;179,40;179,40;"11/02/2026 17:01";CET;4;717,60;180,45;11/02/2026
"Verisk Analytics";US92345Y1064;1VRSK;"Euronext Global Equity Market";EUR;168,15;168,15;168,15;168,15;"05/02/2026 12:59";CET;12;2017,80;140,20;11/02/2026
"VERIZON COMMUNICAT";US92343V1044;2VZ;"Trading After Hours";EUR;40,10;40,10;39,27;39,27;"11/02/2026 19:54";CET;1420;56178,40;39,56;11/02/2026
"VERIZON COMMUNICAT";US92343V1044;1VZ;"Euronext Global Equity Market";EUR;39,69;41,355;39,69;41,355;"11/02/2026 16:48";CET;352;14160,15;41,33;11/02/2026
"VERIZON COMMUNICAT";US92343V1044;4VZ;EuroTLX;EUR;39,88;39,88;39,465;39,465;"06/02/2026 09:40";CET;335;13345,28;41,335;11/02/2026
"VERTEX INC - CLASS";US92538J1060;1VERX;"Euronext Global Equity Market";EUR;17,00;17,00;17,00;17,00;"14/01/2026 15:49";CET;20;340,00;11,20;11/02/2026
"VERTEX PHARMA";US92532F1003;2VRTX;"Trading After Hours";EUR;412,35;412,35;412,35;412,35;"07/01/2026 18:09";CET;1;412,35;384,90;11/02/2026
"VERTEX PHARMA";US92532F1003;1VRTX;"Euronext Global Equity Market";EUR;399,70;399,70;399,70;399,70;"09/02/2026 10:50";CET;1;399,70;384,90;11/02/2026
"VERTEX PHARMA";US92532F1003;4VRTX;EuroTLX;EUR;441,65;441,65;441,65;441,65;"02/04/2025 17:28";CET;18;7949,70;383,95;11/02/2026
"VERTIV HOLDINGS CO";US92537N1081;1VRT;"Euronext Global Equity Market";EUR;170,48;208,95;167,48;203,85;"11/02/2026 17:18";CET;5747;1102793,79;201,90;11/02/2026
VETOQUINOL;FR0004186856;VETO;"Euronext Paris";EUR;86,60;87,10;85,70;87,10;"11/02/2026 17:35";CET;1596;138101,60;87,10;11/02/2026
VGP;BE0003878957;VGP;"Euronext Brussels";EUR;109,80;111,20;108,20;110,40;"11/02/2026 17:35";CET;12916;1425223,60;110,40;11/02/2026
VIALIFE;FR0010326090;ALVIA;"Euronext Growth Paris";EUR;12,30;12,30;12,30;12,30;"02/02/2026 11:30";CET;17;209,10;12,30;11/02/2026
"VIATRIS INC";US92556V1061;2VTRS;"Trading After Hours";EUR;11,20;11,20;11,20;11,20;"16/01/2025 18:41";CET;40;448,00;13,54;11/02/2026
"VIATRIS INC";US92556V1061;1VTRS;"Euronext Global Equity Market";EUR;13,115;13,41;13,115;13,41;"11/02/2026 16:20";CET;901;11875,52;13,54;11/02/2026
"VIATRIS INC";US92556V1061;4VTRS;EuroTLX;EUR;11,475;11,475;11,475;11,475;"04/02/2026 11:39";CET;350;4016,25;13,535;11/02/2026
VICAT;FR0000031775;VCT;"Euronext Paris";EUR;78,20;78,70;76,70;77,10;"11/02/2026 17:35";CET;45407;3513372,00;77,10;11/02/2026
VICSO;ES0105962007;MLVIC;"Euronext Access Paris";EUR;-;-;-;1,00;"10/11/2025 00:00";CET;-;-;1,00;11/02/2026
"Vidrala SA";ES0183746314;1VID;"Euronext Global Equity Market";EUR;92,60;92,60;92,60;92,60;"30/01/2026 10:05";CET;100;9260,00;80,90;11/02/2026
"VIEL ET COMPAGNIE";FR0000050049;VIL;"Euronext Paris";EUR;17,60;17,70;16,75;17,20;"11/02/2026 17:35";CET;36415;622320,10;17,20;11/02/2026
"Vienna Insurance";AT0000908504;1VIG;"Euronext Global Equity Market";EUR;66,30;66,30;66,30;66,30;"10/02/2026 15:04";CET;100;6630,00;66,40;11/02/2026
"VIKING THERAPEUTIC";US92686J1060;1VKTX;"Euronext Global Equity Market";EUR;24,155;24,155;23,345;23,345;"11/02/2026 17:18";CET;1019;24485,79;23,345;11/02/2026
"VILA DOS NUMEROS";PTVUO0AM0000;MLVDN;"Euronext Access Lisbon";EUR;-;-;-;-;-;BST;-;-;-;-
"VIMI FASTENERS";IT0004717200;VIM;"Euronext Growth Milan";EUR;1,18;1,24;1,15;1,17;"11/02/2026 16:27";CET;44000;52635,00;1,17;11/02/2026
VINCI;FR0000125486;2DG;"Trading After Hours";EUR;103,20;103,20;103,20;103,20;"08/11/2024 18:34";CET;21;2167,20;133,55;11/02/2026
VINCI;FR0000125486;DG;"Euronext Paris";EUR;133,00;134,40;132,50;133,55;"11/02/2026 17:38";CET;950775;126940898,73;133,55;11/02/2026
VINCI;FR0000125486;4DG;EuroTLX;EUR;131,75;132,45;131,75;132,45;"11/02/2026 12:33";CET;88;11599,60;134,00;11/02/2026
VINEXT;IT0005652414;VNXT;"Euronext Growth Milan";EUR;2,20;2,20;2,14;2,14;"05/02/2026 10:46";CET;3200;6944,00;2,14;11/02/2026
VINPAI;FR001400AXT1;ALVIN;"Euronext Growth Paris";EUR;3,56;3,56;3,54;3,54;"09/02/2026 15:31";CET;23830;84369,40;3,54;11/02/2026
VIOHALCO;BE0974271034;VIO;"Euronext Brussels";EUR;12,86;12,98;12,70;12,98;"11/02/2026 17:35";CET;3971;51020,08;12,98;11/02/2026
VIRBAC;FR0000031577;2VIRP;"Trading After Hours";EUR;-;-;-;-;-;CET;-;-;-;-
VIRBAC;FR0000031577;VIRP;"Euronext Paris";EUR;358,00;358,00;352,00;356,00;"11/02/2026 17:35";CET;3593;1276717,75;356,00;11/02/2026
"VIRGIN GALACTIC HO";US92766K4031;1SPCE;"Euronext Global Equity Market";EUR;2,30;2,30;2,1105;2,1105;"11/02/2026 17:02";CET;1650;3568,16;2,197;11/02/2026
"VIRGIN GALACTIC HO";US92766K4031;4SPCE;EuroTLX;EUR;2,321;2,321;2,321;2,321;"10/02/2026 13:21";CET;1000;2321,00;2,214;11/02/2026
"VIRGIN GALACTIC HO";US92766K4031;2SPCE;"Trading After Hours";EUR;2,04;2,04;2,034;2,034;"05/02/2026 19:39";CET;150;305,40;2,197;11/02/2026
VIRIDIEN;FR001400PVN6;2CGG;"Trading After Hours";EUR;-;-;-;-;-;CET;-;-;-;-
VIRIDIEN;FR001400PVN6;VIRI;"Euronext Paris";EUR;122,70;126,50;122,70;125,00;"11/02/2026 17:35";CET;23096;2878456,50;125,00;11/02/2026
VIRTUALWARE;ES0105704003;ALVIR;"Euronext Growth Paris";EUR;7,05;7,05;7,05;7,05;"11/02/2026 11:30";CET;1;7,05;7,05;11/02/2026
"VISA - CLASSE A";US92826C8394;4V;EuroTLX;EUR;303,65;303,65;303,65;303,65;"02/01/2026 09:00";CET;2;607,30;276,65;11/02/2026
"VISA - CLASSE A";US92826C8394;2V;"Trading After Hours";EUR;276,80;276,80;276,80;276,80;"11/02/2026 18:14";CET;9;2491,20;276,80;11/02/2026
"VISA - CLASSE A";US92826C8394;1V;"Euronext Global Equity Market";EUR;275,70;277,80;273,70;277,80;"11/02/2026 15:15";CET;33;9125,85;276,70;11/02/2026
"Viscofan SA";ES0184262212;1VIS;"Euronext Global Equity Market";EUR;56,40;56,40;56,40;56,40;"22/01/2026 13:26";CET;18;1015,20;56,40;11/02/2026
"VISTIN PHARMA";NO0010734122;VISTN;"Oslo Børs";NOK;20,50;21,00;20,10;21,00;"11/02/2026 15:42";CET;5660;115890,00;21,00;11/02/2026
"Vistra Corp";US92840M1027;1VST;"Euronext Global Equity Market";EUR;132,60;137,15;132,60;137,00;"11/02/2026 15:31";CET;199;27279,90;134,65;11/02/2026
"VITAL FARMS INC";US92847W1036;1VITL;"Euronext Global Equity Market";EUR;22,80;22,80;22,40;22,40;"11/02/2026 16:40";CET;81;1842,40;22,00;11/02/2026
VITURA;FR0010309096;VTR;"Euronext Paris";EUR;3,82;3,82;3,80;3,80;"11/02/2026 15:11";CET;468;1778,42;3,80;11/02/2026
"VIVENDA GROUP";IT0005622581;VVG;"Euronext Growth Milan";EUR;0,42;0,45;0,42;0,45;"11/02/2026 17:01";CET;16500;7332,00;0,45;11/02/2026
VIVENDI;FR0000127771;1VIV;"Euronext Global Equity Market";EUR;2,257;2,284;2,257;2,284;"10/02/2026 16:49";CET;8804;20036,23;2,209;11/02/2026
VIVENDI;FR0000127771;4VIV;EuroTLX;EUR;2,888;2,908;2,888;2,908;"25/06/2025 15:51";CET;3833;11106,36;2,21;11/02/2026
VIVENDI;FR0000127771;2VIV;"Trading After Hours";EUR;3,008;3,008;3,008;3,008;"11/06/2025 18:48";CET;25;75,20;2,209;11/02/2026
"VIVENDI SE";FR0000127771;VIV;"Euronext Paris";EUR;2,225;2,247;2,205;2,21;"11/02/2026 17:37";CET;2222417;4928685,01;2,21;11/02/2026
VIVORYON;NL00150002Q7;VVY;"Euronext Amsterdam";EUR;1,44;1,45;1,402;1,45;"11/02/2026 17:35";CET;17446;25045,49;1,45;11/02/2026
VNE;IT0005556110;VNE;"Euronext Growth Milan";EUR;2,74;2,76;2,74;2,76;"11/02/2026 11:48";CET;1400;3857,00;2,76;11/02/2026
"voestalpine AG";AT0000937503;4VOE;EuroTLX;EUR;39,32;39,32;39,32;39,32;"21/01/2026 10:45";CET;216;8493,12;44,40;11/02/2026
"voestalpine AG";AT0000937503;1VOE;"Euronext Global Equity Market";EUR;45,42;45,42;45,42;45,42;"11/02/2026 13:13";CET;250;11355,00;44,60;11/02/2026
VOGO;FR0011532225;ALVGO;"Euronext Growth Paris";EUR;2,21;2,49;2,21;2,21;"10/02/2026 13:27";CET;133;324,73;2,21;11/02/2026
VOLKSVERMOGEN;BE0947790037;-;"Euronext Expert Market";EUR;850,00;850,00;850,00;850,00;"27/01/2026 11:30";CET;1;850,00;850,00;11/02/2026
VOLKSWAGEN;DE0007664039;4VOW3;EuroTLX;EUR;102,95;103,60;102,95;103,60;"10/02/2026 17:23";CET;90;9294,75;103,80;11/02/2026
VOLKSWAGEN;DE0007664005;4VOW;EuroTLX;EUR;102,80;102,80;102,80;102,80;"04/02/2026 09:01";CET;10;1028,00;104,20;11/02/2026
VOLKSWAGEN;DE0007664039;2VOW3;"Trading After Hours";EUR;102,05;102,05;102,05;102,05;"10/02/2026 18:56";CET;40;4082,00;103,95;11/02/2026
VOLKSWAGEN;DE0007664039;1VOW3;"Euronext Global Equity Market";EUR;103,90;104,85;103,10;103,90;"11/02/2026 17:26";CET;7100;737325,60;103,95;11/02/2026
"VOLTA FINANCE";GG00B1GHHH78;VTA;"Euronext Amsterdam";EUR;6,52;6,54;6,50;6,50;"11/02/2026 17:35";CET;26915;175318,14;6,50;11/02/2026
VOLTALIA;FR0011995588;2VLTSA;"Trading After Hours";EUR;-;-;-;-;-;CET;-;-;-;-
VOLTALIA;FR0011995588;VLTSA;"Euronext Paris";EUR;7,24;7,26;7,14;7,20;"11/02/2026 17:35";CET;39567;284705,05;7,20;11/02/2026
"VOLVO CAR";SE0000115446;4VOLVB;EuroTLX;EUR;23,99;24,25;23,99;23,99;"23/10/2025 16:27";CET;430;10323,50;33,10;11/02/2026
"VOLVO CAR";SE0000115446;2VOLVB;"Trading After Hours";EUR;24,59;25,59;24,59;25,59;"01/07/2025 20:20";CET;1000;25090,00;32,91;11/02/2026
"VOLVO CAR";SE0000115446;1VOLVB;"Euronext Global Equity Market";EUR;32,74;32,74;32,74;32,74;"11/02/2026 14:27";CET;20;654,80;32,91;11/02/2026
"Volvo Car AB";SE0021628898;1VOLC;"Euronext Global Equity Market";EUR;2,291;2,326;2,291;2,326;"10/02/2026 09:47";CET;60;139,21;2,29;11/02/2026
VONOVIA;DE000A1ML7J1;4VNA;EuroTLX;EUR;25,02;25,02;25,02;25,02;"07/01/2026 09:31";CET;100;2502,00;25,91;11/02/2026
VONOVIA;DE000A1ML7J1;2VNA;"Trading After Hours";EUR;23,43;23,43;22,95;22,95;"03/02/2026 20:16";CET;2000;46092,00;25,91;11/02/2026
VONOVIA;DE000A1ML7J1;1VNA;"Euronext Global Equity Market";EUR;25,40;26,20;25,23;25,89;"11/02/2026 16:13";CET;2107;54439,63;25,91;11/02/2026
VOORUITZICHT;BE0020918638;-;"Euronext Expert Market";EUR;1050,00;1050,00;1050,00;1050,00;"24/11/2015 11:30";CET;51;53550,00;1050,00;11/02/2026
VOPAK;NL0009432491;VPK;"Euronext Amsterdam";EUR;43,38;43,48;43,12;43,48;"11/02/2026 17:35";CET;71115;3084571,54;43,48;11/02/2026
VOPAK;NL0009432491;2VPK;"Trading After Hours";EUR;-;-;-;-;-;CET;-;-;-;-
"VOSS VEKSEL OGLAND";NO0003025009;VVL;"Oslo Børs";NOK;400,00;402,00;392,00;398,00;"11/02/2026 16:11";CET;221;88004,00;398,00;11/02/2026
VOW;NO0010708068;VOW;"Oslo Børs";NOK;2,615;2,62;2,515;2,545;"11/02/2026 16:29";CET;1461576;3746735,16;2,545;11/02/2026
"VOYAGEURS DU MONDE";FR0004045847;ALVDM;"Euronext Growth Paris";EUR;152,00;152,00;147,50;148,50;"11/02/2026 17:35";CET;1773;264725,50;148,50;11/02/2026
"VREF SEVILLE";ES0105492005;MLVRF;"Euronext Access Paris";EUR;3,75;3,75;3,75;3,75;"30/07/2020 00:00";CET;-;-;3,76;11/02/2026
"Vulcan Materials";US9291601097;1VMC;"Euronext Global Equity Market";EUR;240,00;240,00;240,00;240,00;"05/01/2026 13:01";CET;4;960,00;272,00;11/02/2026
Vusion;FR0010282822;2SESL;"Trading After Hours";EUR;-;-;-;-;-;CET;-;-;-;-
Vusion;FR0010282822;VU;"Euronext Paris";EUR;125,00;132,00;123,30;126,70;"11/02/2026 17:36";CET;82096;10489799,40;126,70;11/02/2026
"VÅR ENERGI";NO0011202772;VAR;"Oslo Børs";NOK;33,38;33,75;32,96;33,71;"11/02/2026 16:29";CET;10374092;347770551,61;33,71;11/02/2026
"W AATECH 23-26";IT0005550501;WAAT26;"Euronext Growth Milan";EUR;0,0108;0,0145;0,0108;0,0145;"09/02/2026 17:10";CET;1800;23,88;0,0145;11/02/2026
"W ABC COMP 22-29";IT0005515363;WABC29;"Euronext Growth Milan";EUR;0,032;0,032;0,032;0,032;"08/12/2025 17:35";CET;152;4,86;0,032;11/02/2026
"W ACQUAZZUR 21-26";IT0005443087;WACQ26;"Euronext Growth Milan";EUR;0,25;0,25;0,25;0,25;"15/12/2025 17:35";CET;5500;1375,00;0,25;11/02/2026
"W ADRIATICA 24-27";IT0005600231;WDEA27;"Euronext Growth Milan";EUR;0,1188;0,1414;0,1188;0,1414;"11/02/2026 15:21";CET;19018;2296,74;0,1414;11/02/2026
"W ALFIO BARD 17-27";IT0005245607;WABTG;"Euronext Growth Milan";EUR;0,0549;0,0549;0,0549;0,0549;"11/02/2026 09:00";CET;500;27,45;0,0549;11/02/2026
"W AMBROMOBIL 20-26";IT0005425092;WAMB26;"Euronext Growth Milan";EUR;0,0102;0,0102;0,0102;0,0102;"11/02/2026 16:34";CET;2000;20,40;0,0102;11/02/2026
"W DEOD GALLE 23-28";IT0005528929;WART28;"Euronext Growth Milan";EUR;0,0137;0,0137;0,0137;0,0137;"03/02/2026 14:45";CET;84800;1161,76;0,0137;11/02/2026
"W ELES 19-26";IT0005374258;WELES;"Euronext Growth Milan";EUR;0,43;0,45;0,42;0,42;"03/02/2026 15:52";CET;9806;4149,70;0,42;11/02/2026
"W FIN TECH 21-26";IT0005475147;WFTC26;"Euronext Growth Milan";EUR;0,0014;0,0047;0,0014;0,0047;"09/02/2026 17:35";CET;3250;12,80;0,0047;11/02/2026
"W G.M. LEATH 22-27";IT0005498602;WGML27;"Euronext Growth Milan";EUR;0,0329;0,0329;0,0329;0,0329;"23/01/2026 16:28";CET;2000;65,80;0,0329;11/02/2026
"W GISMONDI 19-26";IT0005391104;WGIS26;"Euronext Growth Milan";EUR;0,0151;0,0151;0,0151;0,0151;"03/02/2026 13:19";CET;3000;45,30;0,0151;11/02/2026
"W GT TALENT 24-27";IT0005607541;WGT27;"Euronext Growth Milan";EUR;0,35;0,35;0,35;0,35;"24/09/2024 17:35";CET;5800;2030,00;0,35;11/02/2026
"W HAIKI+ 25-26";IT0005628760;WHIK26;"Euronext Growth Milan";EUR;0,016;0,016;0,016;0,016;"11/02/2026 17:35";CET;1000;16,00;0,016;11/02/2026
"W HELYX 21-26";IT0005453789;WHLX26;"Euronext Growth Milan";EUR;0,10;0,10;0,10;0,10;"10/02/2026 13:11";CET;125;12,50;0,10;11/02/2026
"W INNOVATEC 23-26";IT0005568305;WINC26;"Euronext Growth Milan";EUR;0,0156;0,0156;0,0156;0,0156;"11/02/2026 09:00";CET;71;1,11;0,0156;11/02/2026
"W IVISION 23-26";IT0005554776;WIVN26;"Euronext Growth Milan";EUR;0,205;0,25;0,205;0,25;"11/02/2026 15:34";CET;11000;2300,00;0,25;11/02/2026
"W LEMON 23-26";IT0005573305;WLS26;"Euronext Growth Milan";EUR;0,0651;0,0651;0,0651;0,0651;"13/01/2026 14:41";CET;5000;325,50;0,0651;11/02/2026
"W MARKBASS 25-27";IT0005670929;WMARK;"Euronext Growth Milan";EUR;0,30;0,30;0,30;0,30;"09/02/2026 12:03";CET;300;90,00;0,30;11/02/2026
"W NUSCO 21-26";IT0005453086;WNUS26;"Euronext Growth Milan";EUR;0,0886;0,0886;0,0749;0,0749;"02/02/2026 17:35";CET;2601;196,18;0,0749;11/02/2026
"W POZZI MI 22-2027";IT0005499923;WPOZ27;"Euronext Growth Milan";EUR;0,083;0,083;0,083;0,083;"04/02/2026 16:34";CET;10000;830,00;0,083;11/02/2026
"W R Berkley Corp";US0844231029;1WRB;"Euronext Global Equity Market";EUR;59,12;59,12;59,12;59,12;"05/01/2026 15:37";CET;46;2719,52;60,08;11/02/2026
"W RINOPETINO 25-28";IT0005664195;WRPTN;"Euronext Growth Milan";EUR;0,0586;0,0586;0,0586;0,0586;"30/12/2025 09:45";CET;1000;58,60;0,0586;11/02/2026
"W SG COMPANY 18-28";IT0005347593;WSGC28;"Euronext Growth Milan";EUR;0,0333;0,0333;0,0333;0,0333;"05/02/2026 09:37";CET;6001;199,83;0,0333;11/02/2026
"W SG COMPANY 26-31";IT0005689929;WSGC31;"Euronext Growth Milan";EUR;0,043;0,043;0,043;0,043;"11/02/2026 13:33";CET;14000;602,00;0,043;11/02/2026
"W SICILY BY CAR A";IT0005556532;WSBCA;"Euronext Growth Milan";EUR;0,0015;0,0015;0,0015;0,0015;"09/02/2026 14:44";CET;754;1,13;0,0015;11/02/2026
"W SICILY BY CAR B";IT0005556599;WSBCB;"Euronext Growth Milan";EUR;0,0021;0,0021;0,0021;0,0021;"09/02/2026 14:44";CET;754;1,58;0,0021;11/02/2026
"W SICILY BY CAR C";IT0005556607;WSBCC;"Euronext Growth Milan";EUR;0,002;0,002;0,002;0,002;"09/02/2026 14:44";CET;778;1,56;0,002;11/02/2026
"W SOGES 2024-2027";IT0005597551;WSOGES;"Euronext Growth Milan";EUR;0,0215;0,0215;0,0215;0,0215;"28/11/2025 09:17";CET;24000;516,00;0,0215;11/02/2026
"W SOST.COM 21-26";IT0005446718;WSOS26;"Euronext Growth Milan";EUR;0,0242;0,0242;0,0242;0,0242;"11/02/2026 13:43";CET;5000;121,01;0,0242;11/02/2026
"W TRAWELL CO 21-26";IT0005446726;WTWL26;"Euronext Growth Milan";EUR;0,09;0,09;0,09;0,09;"06/02/2026 12:35";CET;10;0,90;0,09;11/02/2026
"W VINEXT 25-28";IT0005652422;WVNXT;"Euronext Growth Milan";EUR;0,25;0,25;0,25;0,25;"10/02/2026 17:26";CET;2000;500,00;0,25;11/02/2026
"WACKER CHEMIE";DE000WCH8881;4WCH;EuroTLX;EUR;66,84;66,84;66,84;66,84;"28/01/2025 11:55";CET;31;2072,04;84,50;11/02/2026
"WACKER CHEMIE";DE000WCH8881;1WCH;"Euronext Global Equity Market";EUR;82,75;82,75;82,75;82,75;"11/02/2026 14:05";CET;27;2234,25;84,45;11/02/2026
"WACKER CHEMIE";DE000WCH8881;2WCH;"Trading After Hours";EUR;69,16;69,16;69,16;69,16;"29/01/2025 18:47";CET;1;69,16;84,45;11/02/2026
"WAGA ENERGY";FR0012532810;WAGA;"Euronext Paris";EUR;22,50;22,50;22,05;22,10;"11/02/2026 17:35";CET;1521;33785,80;22,10;11/02/2026
"WALLENIUS WILHELMS";NO0010571680;WAWI;"Oslo Børs";NOK;113,40;118,20;112,40;117,90;"11/02/2026 16:27";CET;607148;70008206,20;117,90;11/02/2026
"Wallenstam AB";SE0017780133;1WALL;"Euronext Global Equity Market";EUR;-;-;-;-;-;CET;-;-;-;-
WALLIX;FR0010131409;ALLIX;"Euronext Growth Paris";EUR;28,30;28,30;23,45;24,00;"11/02/2026 17:39";CET;109898;2782358,29;24,00;11/02/2026
WALMART;US9311421039;4WMT;EuroTLX;EUR;107,84;107,84;107,84;107,84;"06/02/2026 16:32";CET;25;2696,00;107,80;11/02/2026
WALMART;US9311421039;2WMT;"Trading After Hours";EUR;108,42;108,42;107,88;107,88;"03/02/2026 19:13";CET;35;3786,60;108,20;11/02/2026
WALMART;US9311421039;1WMT;"Euronext Global Equity Market";EUR;106,76;108,20;106,22;108,20;"11/02/2026 17:35";CET;158;16959,70;108,20;11/02/2026
"WAREHOUSES ESTATES";BE0003734481;WEB;"Euronext Brussels";EUR;41,00;41,20;41,00;41,20;"11/02/2026 16:53";CET;857;35199,20;41,20;11/02/2026
"WARNER BROS DISCOV";US9344231041;2WBDA;"Trading After Hours";EUR;22,595;22,595;22,595;22,595;"05/02/2026 18:55";CET;50;1129,75;24,17;11/02/2026
"WARNER BROS DISCOV";US9344231041;1WBD;"Euronext Global Equity Market";EUR;23,145;23,145;23,14;23,14;"11/02/2026 11:33";CET;900;20827,30;24,17;11/02/2026
"WARNER BROS DISCOV";US9344231041;4WBD;EuroTLX;EUR;24,585;24,585;24,585;24,585;"13/01/2026 09:01";CET;1;24,59;23,62;11/02/2026
"WARR DHH 25-28";IT0005645541;WDHH28;"Euronext Growth Milan";EUR;3,50;3,50;3,50;3,50;"23/12/2025 13:52";CET;1855;6492,50;3,50;11/02/2026
"WARR E-GLOBE 23-26";IT0005557472;WEGB26;"Euronext Growth Milan";EUR;0,0012;0,0012;0,0012;0,0012;"21/01/2026 16:57";CET;31010;37,21;0,0012;11/02/2026
"WARR EXECUS 23-26";IT0005557498;WEXE26;"Euronext Growth Milan";EUR;0,0697;0,0697;0,0697;0,0697;"09/02/2026 17:05";CET;3000;209,10;0,0697;11/02/2026
"WARR GAIN360 25-28";IT0005672602;WGAIN;"Euronext Growth Milan";EUR;0,09;0,09;0,09;0,09;"19/12/2025 17:35";CET;1500;135,00;0,09;11/02/2026
"WARR GEOX 25-26";IT0005644809;WGEO26;"Euronext Milan";EUR;0,0419;0,042;0,0419;0,042;"11/02/2026 12:29";CET;6205;260,49;0,042;11/02/2026
"WARR SIMONE 23-26";IT0005573172;WSMN26;"Euronext Growth Milan";EUR;0,0495;0,0495;0,0495;0,0495;"19/12/2025 15:34";CET;63601;3148,25;0,0495;11/02/2026
"WARR TELMES 25-28";IT0005683781;WTLM28;"Euronext Growth Milan";EUR;0,0999;0,0999;0,0999;0,0999;"10/02/2026 09:44";CET;3000;299,70;0,0999;11/02/2026
"Wartsila OYJ Abp";FI0009003727;1WRT;"Euronext Global Equity Market";EUR;35,09;35,09;35,09;35,09;"29/01/2026 10:33";CET;3;105,27;36,16;11/02/2026
"WASTE MANAGEMENT";US94106L1098;2WM;"Trading After Hours";EUR;173,90;173,90;173,90;173,90;"31/10/2025 19:10";CET;80;13912,00;195,10;11/02/2026
"WASTE MANAGEMENT";US94106L1098;1WM;"Euronext Global Equity Market";EUR;192,04;192,04;192,04;192,04;"09/02/2026 17:14";CET;13;2496,52;195,10;11/02/2026
"WASTE MANAGEMENT";US94106L1098;4WM;EuroTLX;EUR;189,08;189,08;189,08;189,08;"30/01/2026 09:30";CET;8;1512,64;195,78;11/02/2026
"Waters Corp";US9418481035;1WAT;"Euronext Global Equity Market";EUR;340,70;340,70;340,70;340,70;"23/01/2026 15:41";CET;14;4769,80;280,70;11/02/2026
"WATSCO INC";US9426222009;1WSO;"Euronext Global Equity Market";EUR;334,30;334,30;334,30;334,30;"03/02/2026 16:37";CET;7;2340,10;358,30;11/02/2026
WAVESTONE;FR0013357621;WAVE;"Euronext Paris";EUR;51,10;51,10;49,30;49,30;"11/02/2026 17:35";CET;26695;1332188,10;49,30;11/02/2026
"WAYFAIR CLASS A";US94419L1017;1W;"Euronext Global Equity Market";EUR;87,56;87,56;87,56;87,56;"21/01/2026 09:31";CET;2;175,12;72,32;11/02/2026
"WDESTINATION 24-27";IT0005630220;WDIT27;"Euronext Growth Milan";EUR;0,15;0,15;0,15;0,15;"14/01/2026 17:35";CET;200000;30000,00;0,15;11/02/2026
WDP;BE0974349814;2WDP;"Trading After Hours";EUR;-;-;-;-;-;CET;-;-;-;-
WDP;BE0974349814;WDP;"Euronext Brussels, Amsterdam";EUR;24,94;25,30;24,72;25,20;"11/02/2026 17:35";CET;391090;9832155,30;25,20;11/02/2026
WE.CONNECT;FR0013079092;ALWEC;"Euronext Growth Paris";EUR;23,30;23,30;23,20;23,20;"11/02/2026 14:08";CET;422;9800,60;23,20;11/02/2026
"WEACCESS GROUP";FR0010688465;MLWEA;"Euronext Access Paris";EUR;2,00;2,00;2,00;2,00;"11/02/2026 16:30";CET;10;20,00;2,00;11/02/2026
"WEATHERFORD INTERN";IE00BLNN3691;1WFRD;"Euronext Global Equity Market";EUR;91,50;91,50;91,50;91,50;"09/02/2026 14:49";CET;20;1830,00;67,86;11/02/2026
WEBSOLUTE;IT0005384901;WBS;"Euronext Growth Milan";EUR;1,27;1,27;1,27;1,27;"09/02/2026 14:52";CET;1650;2095,50;1,27;11/02/2026
WEBSTEP;NO0010609662;WSTEP;"Oslo Børs";NOK;19,10;19,50;19,10;19,10;"11/02/2026 15:32";CET;8760;167900,70;19,10;11/02/2026
WEBUILD;IT0003865570;2WBD;"Trading After Hours";EUR;3,53;3,55;3,53;3,538;"11/02/2026 20:06";CET;3450;12211,50;3,54;11/02/2026
WEBUILD;IT0003865570;WBD;"Euronext Milan";EUR;3,558;3,578;3,52;3,558;"11/02/2026 17:35";CET;1407540;5004829,61;3,558;11/02/2026
"WEBUILD RSP";IT0003865588;WBDR;"Euronext Milan";EUR;10,25;10,25;9,72;9,72;"11/02/2026 17:35";CET;1804;17894,83;9,72;11/02/2026
"WEC ENERGY GROUP";US92939U1060;1WEC;"Euronext Global Equity Market";EUR;94,16;94,16;94,16;94,16;"21/01/2026 16:13";CET;10;941,60;95,30;11/02/2026
"WEC ENERGY GROUP";US92939U1060;2WEC;"Trading After Hours";EUR;92,68;92,68;92,68;92,68;"23/01/2026 18:00";CET;10;926,80;95,30;11/02/2026
"WEC ENERGY GROUP";US92939U1060;4WEC;EuroTLX;EUR;99,30;99,30;99,30;99,30;"22/10/2025 15:44";CET;2;198,60;95,80;11/02/2026
WELLNESS;ES0105740007;MLWRS;"Euronext Access Paris";EUR;2,20;2,20;2,20;2,20;"19/09/2025 16:30";CET;1;2,20;2,20;11/02/2026
"WELLS FARGO & CO";US9497461015;1WFC;"Euronext Global Equity Market";EUR;77,00;78,40;76,18;78,40;"09/02/2026 16:59";CET;248;19082,20;76,01;11/02/2026
"WELLS FARGO & CO";US9497461015;4WFC;EuroTLX;EUR;72,99;72,99;72,99;72,99;"21/10/2025 12:44";CET;4;291,96;76,03;11/02/2026
"WELLS FARGO&CO";US9497461015;2WFC;"Trading After Hours";EUR;76,80;76,80;76,80;76,80;"10/02/2026 19:17";CET;4;307,20;76,01;11/02/2026
WENDEL;FR0000121204;2MF;"Trading After Hours";EUR;-;-;-;-;-;CET;-;-;-;-
WENDEL;FR0000121204;MF;"Euronext Paris";EUR;90,45;91,60;88,45;90,00;"11/02/2026 17:35";CET;155938;14033899,26;90,00;11/02/2026
"WENDY'S CO/THE";US95058W1009;1WEN;"Euronext Global Equity Market";EUR;7,102;7,102;6,392;6,392;"09/02/2026 15:41";CET;1696;11524,72;6,634;11/02/2026
WERELDHAVE;NL0000289213;WHA;"Euronext Amsterdam";EUR;21,75;22,10;21,55;21,65;"11/02/2026 17:36";CET;110493;2406978,30;21,65;11/02/2026
"WERELDHAVE BELGIUM";BE0003724383;WEHB;"Euronext Brussels";EUR;55,00;55,00;54,60;54,80;"11/02/2026 17:37";CET;1817;99607,80;54,80;11/02/2026
"West Pharma";US9553061055;1WST;"Euronext Global Equity Market";EUR;214,40;225,00;214,40;225,00;"16/10/2025 09:31";CET;8;1757,10;206,30;11/02/2026
"WESTERN BULK CHART";NO0010768096;WEST;"Euronext Growth Oslo";NOK;16,95;17,70;16,65;17,30;"11/02/2026 15:51";CET;17279;293985,30;17,30;11/02/2026
"WESTERN DIGITAL";US9581021055;2WDC;"Trading After Hours";EUR;220,00;223,80;220,00;222,00;"10/02/2026 19:46";CET;67;14944,00;229,40;11/02/2026
"WESTERN DIGITAL";US9581021055;4WDC;EuroTLX;EUR;239,50;239,50;239,00;239,00;"10/02/2026 09:47";CET;235;56210,00;229,45;11/02/2026
"WESTERN DIGITAL";US9581021055;1WDC;"Euronext Global Equity Market";EUR;222,20;235,85;219,80;230,00;"11/02/2026 17:27";CET;3122;720968,35;229,40;11/02/2026
"Westinghouse Air";US9297401088;1WAB;"Euronext Global Equity Market";EUR;190,25;190,25;190,25;190,25;"28/01/2026 11:51";CET;1;190,25;212,60;11/02/2026
WEYA;FR0010768770;MLWEY;"Euronext Access Paris";EUR;0,032;0,032;0,032;0,032;"11/02/2026 16:30";CET;34000;1088,00;0,032;11/02/2026
WEYERHAEUSER;US9621661043;1WY;"Euronext Global Equity Market";EUR;22,96;22,96;22,96;22,96;"11/02/2026 16:04";CET;1360;31225,60;22,81;11/02/2026
WEYERHAEUSER;US9621661043;4WY;EuroTLX;EUR;21,10;21,50;21,10;21,50;"08/07/2025 09:30";CET;140;2982,00;22,82;11/02/2026
WEYERHAEUSER;US9621661043;2WY;"Trading After Hours";EUR;-;-;-;-;-;CET;-;-;-;-
"WEYVELD NOSSEGEM";BE0107958945;-;"Euronext Expert Market";EUR;3420,00;3420,00;3420,00;3420,00;"03/02/2026 11:33";CET;2;6840,00;3420,00;11/02/2026
"WFD UNIBAIL-RODAMC";FR0013326246;4URW;EuroTLX;EUR;89,10;89,10;89,10;89,10;"21/01/2026 17:11";CET;240;21384,00;96,84;11/02/2026
"WFINCANTIERI 24-26";IT0005599862;WFCT26;"Euronext Milan";EUR;1,70;1,7754;1,70;1,7602;"11/02/2026 17:35";CET;48103;83934,60;1,7602;11/02/2026
"WHAT''S COOKING GP";BE0003573814;WHATS;"Euronext Brussels";EUR;123,50;123,50;122,50;123,00;"11/02/2026 17:27";CET;127;15613,00;123,00;11/02/2026
"WHITESTONE GROUP";BE0974401334;ROCK;"Euronext Growth Brussels";EUR;17,10;17,10;17,10;17,10;"11/02/2026 11:30";CET;50;855,00;17,10;11/02/2026
"Wienerberger AG";AT0000831706;1WIE;"Euronext Global Equity Market";EUR;30,50;31,08;29,56;29,56;"10/02/2026 17:24";CET;203;6261,18;30,74;11/02/2026
"Wihlborgs Fast";SE0018012635;1WIHL;"Euronext Global Equity Market";EUR;-;-;-;-;-;CET;-;-;-;-
WIIT;IT0005440893;WIIT;"Euronext Milan";EUR;25,05;25,55;24,85;25,55;"11/02/2026 17:35";CET;72379;1830349,55;25,55;11/02/2026
"WILH. WILHELMSEN A";NO0010571698;WWI;"Oslo Børs";NOK;677,00;679,00;666,00;678,00;"11/02/2026 16:25";CET;9963;6722445,50;678,00;11/02/2026
"WILH. WILHELMSEN B";NO0010576010;WWIB;"Oslo Børs";NOK;605,00;605,00;592,00;600,00;"11/02/2026 16:27";CET;6317;3791139,00;600,00;11/02/2026
"Williams Cos";US9694571004;1WMB;"Euronext Global Equity Market";EUR;54,73;54,73;54,73;54,73;"26/01/2026 16:14";CET;100;5473,00;59,69;11/02/2026
"WILLIAMS-SONOMA IN";US9699041011;1WSM;"Euronext Global Equity Market";EUR;180,80;180,80;180,80;180,80;"13/01/2026 16:45";CET;1;180,80;182,35;11/02/2026
"Willis Towers W";IE00BDB6Q211;1WTW;"Euronext Global Equity Market";EUR;240,00;240,00;240,00;240,00;"10/02/2026 17:03";CET;2;480,00;238,00;11/02/2026
"WILLSCOT HOLDINGS";US9713781048;1WSC;"Euronext Global Equity Market";EUR;16,90;16,90;16,50;16,60;"22/12/2025 15:15";CET;1182;19761,10;18,60;11/02/2026
"WINAMP GROUP";BE0974334667;ALWIN;"Euronext Growth Paris, Brussels";EUR;0,28;0,284;0,2655;0,266;"11/02/2026 17:35";CET;21650;5924,00;0,266;11/02/2026
WINFARM;FR0014000P11;ALWF;"Euronext Growth Paris";EUR;4,42;4,42;4,23;4,29;"11/02/2026 17:35";CET;3604;15526,05;4,29;11/02/2026
WITBE;FR0013143872;ALWIT;"Euronext Growth Paris";EUR;1,395;1,40;1,35;1,40;"11/02/2026 17:00";CET;59557;80460,13;1,40;11/02/2026
"WOLTERS KLUWER";NL0000395903;2WKL;"Trading After Hours";EUR;-;-;-;-;-;CET;-;-;-;-
"WOLTERS KLUWER";NL0000395903;WKL;"Euronext Amsterdam";EUR;65,30;65,62;62,24;62,34;"11/02/2026 17:35";CET;2060233;129508104,39;62,34;11/02/2026
WORKDAY;US98138H1014;2WDAY;"Trading After Hours";EUR;134,00;134,00;134,00;134,00;"03/02/2026 19:19";CET;4;536,00;122,52;11/02/2026
WORKDAY;US98138H1014;1WDAY;"Euronext Global Equity Market";EUR;127,70;127,70;123,20;123,20;"11/02/2026 17:11";CET;129;16009,06;122,52;11/02/2026
WORKDAY;US98138H1014;4WDAY;EuroTLX;EUR;156,10;156,10;156,10;156,10;"19/01/2026 12:15";CET;7;1092,70;122,56;11/02/2026
WORLDLINE;FR0011981968;2WLN;"Trading After Hours";EUR;-;-;-;-;-;CET;-;-;-;-
WORLDLINE;FR0011981968;WLN;"Euronext Paris";EUR;1,3655;1,3675;1,311;1,33;"11/02/2026 17:37";CET;1041033;1383823,73;1,33;11/02/2026
"WPASQUARELLI 23-26";IT0005546301;WPSQ26;"Euronext Growth Milan";EUR;0,0148;0,0148;0,0004;0,0004;"29/01/2026 13:25";CET;50000;92,00;0,0004;11/02/2026
"WW Grainger Inc";US3848021040;1GWW;"Euronext Global Equity Market";EUR;878,20;878,20;878,20;878,20;"07/01/2026 12:32";CET;15;13173,00;1023,00;11/02/2026
"Wynn Resorts Ltd";US9831341071;1WYNN;"Euronext Global Equity Market";EUR;101,68;101,68;101,68;101,68;"15/01/2026 16:45";CET;1;101,68;98,12;11/02/2026
X-FAB;BE0974310428;XFAB;"Euronext Paris";EUR;4,56;4,67;4,468;4,618;"11/02/2026 17:35";CET;167143;766554,99;4,618;11/02/2026
"Xcel Energy Inc";US98389B1008;1XEL;"Euronext Global Equity Market";EUR;65,90;65,90;65,90;65,90;"11/02/2026 16:18";CET;13;856,70;65,57;11/02/2026
XENIA;IT0005568487;XHS;"Euronext Growth Milan";EUR;3,18;3,34;3,14;3,18;"10/02/2026 13:19";CET;9500;30710,00;3,18;11/02/2026
"XILAM ANIMATION";FR0004034072;ALXIL;"Euronext Growth Paris";EUR;3,97;4,00;3,91;3,96;"11/02/2026 17:24";CET;2632;10440,86;3,96;11/02/2026
XIOR;BE0974288202;XIOR;"Euronext Brussels";EUR;28,50;29,05;28,40;29,00;"11/02/2026 17:35";CET;70583;2035386,25;29,00;11/02/2026
"XP INC - CLASS A";KYG982391099;1XP;"Euronext Global Equity Market";EUR;16,928;16,928;16,928;16,928;"11/02/2026 16:39";CET;794;13440,83;17,146;11/02/2026
"XPLORA TECHNOLOGIE";NO0010895782;XPLRA;"Euronext Growth Oslo";NOK;55,40;55,40;51,60;52,60;"11/02/2026 16:25";CET;60459;3192646,40;52,60;11/02/2026
"Xylem Inc/NY";US98419M1009;1XYL;"Euronext Global Equity Market";EUR;107,10;107,95;107,10;107,95;"11/02/2026 17:28";CET;42;4532,20;108,05;11/02/2026
YAKKYO;IT0005573966;YKY;"Euronext Growth Milan";EUR;0,965;0,965;0,965;0,965;"11/02/2026 17:35";CET;50000;48250,00;0,965;11/02/2026
"YARA INTERNATIONAL";NO0010208051;YAR;"Oslo Børs";NOK;460,00;467,20;455,10;457,30;"11/02/2026 16:27";CET;632164;290116271,40;457,30;11/02/2026
"YOLO GROUP";IT0005495871;YOLO;"Euronext Growth Milan";EUR;0,82;0,85;0,82;0,85;"10/02/2026 14:08";CET;6000;5010,00;0,85;11/02/2026
"YOLO GROUP AXA";IT0005691420;YOLOAX;"Euronext Growth Milan";EUR;0,0005;0,0015;0,0005;0,0015;"11/02/2026 16:40";CET;362000;203,00;0,0015;11/02/2026
"YOUNITED FIN. WARR";LU2999660207;YOUNW;"Euronext Amsterdam, Paris";EUR;-;-;-;-;-;CET;-;-;-;-
"YOUNITED FINANCIAL";LU2999653251;YOUNI;"Euronext Amsterdam, Paris";EUR;5,75;5,75;5,20;5,65;"11/02/2026 17:00";CET;272;1530,20;5,65;11/02/2026
"Yum! Brands Inc";US9884981013;1YUM;"Euronext Global Equity Market";EUR;136,25;136,25;136,25;136,25;"05/02/2026 15:30";CET;96;13080,00;130,35;11/02/2026
ZALANDO;DE000ZAL1111;2ZAL;"Trading After Hours";EUR;21,10;21,53;21,10;21,53;"09/02/2026 20:27";CET;400;8526,00;20,99;11/02/2026
ZALANDO;DE000ZAL1111;1ZAL;"Euronext Global Equity Market";EUR;21,70;21,70;21,00;21,02;"11/02/2026 17:29";CET;3682;78726,80;20,99;11/02/2026
ZALANDO;DE000ZAL1111;4ZAL;EuroTLX;EUR;25,44;25,44;25,44;25,44;"16/01/2026 14:36";CET;200;5088,00;21,27;11/02/2026
ZALARIS;NO0010708910;ZAL;"Oslo Børs";NOK;84,20;84,20;81,20;81,80;"11/02/2026 16:25";CET;43502;3570635,00;81,80;11/02/2026
ZAPTEC;NO0010713936;ZAP;"Oslo Børs";NOK;24,60;25,00;24,40;24,40;"11/02/2026 16:27";CET;336977;8273595,40;24,40;11/02/2026
ZCCM;ZM0000000037;MLZAM;"Euronext Access Paris";EUR;2,64;2,78;2,64;2,78;"11/02/2026 16:30";CET;3703;9776,34;2,78;11/02/2026
"ZCI LIMITED";BMG9887P1068;CV;"Euronext Paris";EUR;0,17;0,20;0,17;0,20;"04/08/2015 16:20";CET;21826;3755,94;0,20;11/02/2026
"Zebra Technologies";US9892071054;1ZBRA;"Euronext Global Equity Market";EUR;209,20;219,60;209,20;219,60;"11/02/2026 15:37";CET;4;868,00;217,90;11/02/2026
ZELLUNA;NO0013524942;ZLNA;"Oslo Børs";NOK;15,10;16,00;15,10;15,498;"11/02/2026 16:25";CET;63524;988539,70;15,498;11/02/2026
"ZENITH ENERGY";CA98936C8584;ZENA;"Euronext Growth Oslo";NOK;0,457;0,468;0,44;0,463;"11/02/2026 16:25";CET;2574482;1174008,69;0,463;11/02/2026
"ZENOBE GRAMME CERT";BE0003809267;ZEN;"Euronext Brussels";EUR;222,00;222,00;222,00;222,00;"11/02/2026 16:30";CET;100;22200,00;222,00;11/02/2026
ZEST;IT0005013013;ZEST;"Euronext Milan";EUR;0,14;0,14;0,1305;0,1355;"11/02/2026 17:35";CET;749524;100657,04;0,1355;11/02/2026
"ZIGNAGO VETRO";IT0004171440;ZV;"Euronext Milan";EUR;7,97;8,02;7,91;8,00;"11/02/2026 17:35";CET;134383;1072139,19;8,00;11/02/2026
"ZILLOW GROUP A";US98954M1018;1ZGU;"Euronext Global Equity Market";EUR;57,70;57,70;57,70;57,70;"09/01/2026 09:59";CET;46;2654,20;37,45;11/02/2026
"ZILLOW GROUP C";US98954M2008;1ZUS;"Euronext Global Equity Market";EUR;44,015;44,015;44,015;44,015;"11/02/2026 13:40";CET;53;2332,80;37,63;11/02/2026
"Zimmer Biomet";US98956P1021;1ZBH;"Euronext Global Equity Market";EUR;76,68;76,68;76,68;76,68;"10/02/2026 15:23";CET;29;2223,72;77,64;11/02/2026
ZOETIS;US98978V1035;1ZTS;"Euronext Global Equity Market";EUR;106,86;107,14;106,66;106,66;"09/02/2026 16:20";CET;38;4059,88;109,08;11/02/2026
ZOETIS;US98978V1035;4ZTS;EuroTLX;EUR;127,00;127,00;126,50;126,50;"22/10/2025 09:59";CET;105;13322,50;109,10;11/02/2026
ZOETIS;US98978V1035;2ZTS;"Trading After Hours";EUR;106,02;106,02;106,02;106,02;"23/01/2026 18:00";CET;10;1060,20;109,08;11/02/2026
"ZOOM COMMUNICATION";US98980L1017;4ZM;EuroTLX;EUR;72,81;72,81;72,81;72,81;"19/09/2025 11:09";CET;8;582,48;75,74;11/02/2026
"ZOOM COMMUNICATION";US98980L1017;1ZM;"Euronext Global Equity Market";EUR;79,96;79,96;79,91;79,91;"11/02/2026 15:33";CET;2;159,87;75,71;11/02/2026
"ZOOM COMMUNICATION";US98980L1017;2ZM;"Trading After Hours";EUR;70,17;70,17;70,17;70,17;"19/11/2025 18:00";CET;1;70,17;75,71;11/02/2026
"ZOOMINFO TECHNOLOG";US98980F1049;1ZI;"Euronext Global Equity Market";EUR;8,60;8,60;8,60;8,60;"21/10/2025 13:39";CET;1;8,60;5,60;11/02/2026
"Zscaler Inc";US98980G1022;1ZS;"Euronext Global Equity Market";EUR;148,52;148,52;141,30;141,30;"11/02/2026 17:28";CET;23;3343,52;140,98;11/02/2026
ZUCCHI;IT0005395071;ZUC;"Euronext Milan";EUR;0,716;0,716;0,684;0,708;"11/02/2026 15:47";CET;12100;8509,78;0,708;11/02/2026
"Zurich Insurance G";CH0011075394;1ZURN;"Euronext Global Equity Market";EUR;630,00;630,00;605,00;605,00;"10/02/2026 16:56";CET;86;52645,00;585,00;11/02/2026
